game,patch,steam_build_id,race,race_slug,culture_key,subculture_key,faction_name,faction_key,campaign_key,building_name,building_key,building_chain_name,building_chain_key,building_level,settlement_tier_requirement,construction_cost,construction_turns,building_upkeep,only_in_capital,resource_requirement_key,required_building_key,income,growth,control,trade_resource_key,trade_resource_quantity,recruitment_cost_modifier,upkeep_modifier,is_unique
warhammer_3,9.0,25507028,Undead Legions,undead_legions,wh3_dlc29_nag_undead_legions,wh3_dlc29_sc_nag_undead_legions,Host of Nagash,wh3_dlc29_nag_host_of_nagash,,Fields of Reunification,wh3_dlc29_nag_chambers_horsemen_1,{{tr:building_chains_chain_tooltip_wh_dlc05_wef_cavalry}},wh3_dlc29_nag_chambers_military_cavalry,0,1,0,1,0,false,,,,,,,,,,false
warhammer_3,9.0,25507028,Undead Legions,undead_legions,wh3_dlc29_nag_undead_legions,wh3_dlc29_sc_nag_undead_legions,Host of Nagash,wh3_dlc29_nag_host_of_nagash,,{{tr:building_culture_variants_name_wh_main_special_conclave_of_magic_vampires}},wh_main_special_college_of_magic_nag_1,{{tr:building_chains_chain_tooltip_wh_main_special_college_of_magic_vampires}},wh_main_special_college_of_magic_nag,0,4,8000,4,0,false,,,,,,,,,,true
warhammer_3,9.0,25507028,Undead Legions,undead_legions,wh3_dlc29_nag_undead_legions,wh3_dlc29_sc_nag_undead_legions,Host of Nagash,wh3_dlc29_nag_host_of_nagash,,{{tr:building_culture_variants_name_wh_main_special_college_of_magic_vampires}},wh_main_special_college_of_magic_nag_2,{{tr:building_chains_chain_tooltip_wh_main_special_college_of_magic_vampires}},wh_main_special_college_of_magic_nag,1,5,10000,6,0,false,,,,,,,,,,true
warhammer_3,9.0,25507028,Undead Legions,undead_legions,wh3_dlc29_nag_undead_legions,wh3_dlc29_sc_nag_undead_legions,Host of Nagash,wh3_dlc29_nag_host_of_nagash,,Groves of Endless Hunger,wh3_dlc29_nag_mausoleum_monsters_1,{{tr:building_chains_chain_tooltip_wh_main_VAMPIRES_bindingcircle}},wh3_dlc29_nag_mausoleum_military_monsters,0,1,0,1,0,false,,,,,,,,,,false
warhammer_3,9.0,25507028,Undead Legions,undead_legions,wh3_dlc29_nag_undead_legions,wh3_dlc29_sc_nag_undead_legions,Host of Nagash,wh3_dlc29_nag_host_of_nagash,,Open Graves,wh3_dlc29_nag_chambers_melee_1,{{tr:building_chains_chain_tooltip_wh2_dlc09_tmb_infantry}},wh3_dlc29_nag_chambers_military_melee,0,1,0,1,0,false,,,,,,,,,,false
warhammer_3,9.0,25507028,Undead Legions,undead_legions,wh3_dlc29_nag_undead_legions,wh3_dlc29_sc_nag_undead_legions,Host of Nagash,wh3_dlc29_nag_host_of_nagash,,Pauper’s Graves,wh3_dlc29_nag_mausoleum_military_infantry_1,{{tr:building_chains_chain_tooltip_wh2_dlc09_tmb_infantry}},wh3_dlc29_nag_mausoleum_military_infantry,0,1,0,1,0,false,,,,,,,,,,false
warhammer_3,9.0,25507028,Undead Legions,undead_legions,wh3_dlc29_nag_undead_legions,wh3_dlc29_sc_nag_undead_legions,Host of Nagash,wh3_dlc29_nag_host_of_nagash,,Necromantic Light,wh3_dlc29_nag_mausoleum_corruption_1,{{tr:building_chains_chain_tooltip_wh2_dlc11_vampirecoast_infrastructure_corruption}},wh3_dlc29_nag_mausoleum_corruption,0,1,1000,1,0,false,,,100,,,,,,,false
warhammer_3,9.0,25507028,Undead Legions,undead_legions,wh3_dlc29_nag_undead_legions,wh3_dlc29_sc_nag_undead_legions,Host of Nagash,wh3_dlc29_nag_host_of_nagash,,Charnel Labyrinth,wh3_dlc29_nag_mausoleum_necromantic_1,{{tr:building_chains_chain_tooltip_wh2_dlc11_vampirecoast_infrastructure_growth}},wh3_dlc29_nag_mausoleum_necromantic,0,1,1000,1,0,false,,,,,,,,,,false
warhammer_3,9.0,25507028,Undead Legions,undead_legions,wh3_dlc29_nag_undead_legions,wh3_dlc29_sc_nag_undead_legions,Host of Nagash,wh3_dlc29_nag_host_of_nagash,,Mortuary Quarter,wh3_dlc29_nag_chambers_income_1,{{tr:building_chains_chain_tooltip_wh2_dlc11_vampirecoast_infrastructure_income}},wh3_dlc29_nag_chambers_income,0,1,1000,1,0,false,,,,,,,,,,false
warhammer_3,9.0,25507028,Undead Legions,undead_legions,wh3_dlc29_nag_undead_legions,wh3_dlc29_sc_nag_undead_legions,Host of Nagash,wh3_dlc29_nag_host_of_nagash,,Lynching Post,wh3_dlc29_nag_cove_dark_power_1,{{tr:building_chains_chain_tooltip_wh2_dlc11_vampirecoast_infrastructure_income}},wh3_dlc29_nag_cove_dark_power,0,1,1000,1,0,false,,,,,,,,,,false
warhammer_3,9.0,25507028,Undead Legions,undead_legions,wh3_dlc29_nag_undead_legions,wh3_dlc29_sc_nag_undead_legions,Host of Nagash,wh3_dlc29_nag_host_of_nagash,,Rusty Pistol-Trove,wh3_dlc29_nag_cove_military_zombies_1,{{tr:building_chains_chain_tooltip_wh2_dlc11_vampirecoast_military_ranged}},wh3_dlc29_nag_cove_military_zombies,0,1,0,1,0,false,,,,,,,,,,false
warhammer_3,9.0,25507028,Undead Legions,undead_legions,wh3_dlc29_nag_undead_legions,wh3_dlc29_sc_nag_undead_legions,Host of Nagash,wh3_dlc29_nag_host_of_nagash,,{{tr:building_culture_variants_name_wh2_dlc11_vampirecoast_ship_crows_nest_1}},wh2_dlc11_vampirecoast_ship_crows_nest_nag_1,{{tr:building_chains_chain_tooltip_wh2_dlc11_vampirecoast_ship_crows_nest}},wh2_dlc11_vampirecoast_ship_crows_nest_nag,0,0,1000,1,0,false,,,,,,,,,,false
warhammer_3,9.0,25507028,Undead Legions,undead_legions,wh3_dlc29_nag_undead_legions,wh3_dlc29_sc_nag_undead_legions,Host of Nagash,wh3_dlc29_nag_host_of_nagash,,{{tr:building_culture_variants_name_wh2_dlc11_vampirecoast_ship_crows_nest_2}},wh2_dlc11_vampirecoast_ship_crows_nest_nag_2,{{tr:building_chains_chain_tooltip_wh2_dlc11_vampirecoast_ship_crows_nest}},wh2_dlc11_vampirecoast_ship_crows_nest_nag,1,2,3000,1,0,false,,,,,,,,,,false
warhammer_3,9.0,25507028,Undead Legions,undead_legions,wh3_dlc29_nag_undead_legions,wh3_dlc29_sc_nag_undead_legions,Host of Nagash,wh3_dlc29_nag_host_of_nagash,,{{tr:building_culture_variants_name_wh2_dlc11_vampirecoast_ship_crows_nest_3}},wh2_dlc11_vampirecoast_ship_crows_nest_nag_3,{{tr:building_chains_chain_tooltip_wh2_dlc11_vampirecoast_ship_crows_nest}},wh2_dlc11_vampirecoast_ship_crows_nest_nag,2,3,5000,1,0,false,,,,,,,,,,false
warhammer_3,9.0,25507028,Undead Legions,undead_legions,wh3_dlc29_nag_undead_legions,wh3_dlc29_sc_nag_undead_legions,Host of Nagash,wh3_dlc29_nag_host_of_nagash,,{{tr:building_culture_variants_name_wh2_dlc11_vampirecoast_ship_crows_nest_4}},wh2_dlc11_vampirecoast_ship_crows_nest_nag_4,{{tr:building_chains_chain_tooltip_wh2_dlc11_vampirecoast_ship_crows_nest}},wh2_dlc11_vampirecoast_ship_crows_nest_nag,3,4,10000,1,0,false,,,,,,,,,,false
warhammer_3,9.0,25507028,Undead Legions,undead_legions,wh3_dlc29_nag_undead_legions,wh3_dlc29_sc_nag_undead_legions,Host of Nagash,wh3_dlc29_nag_host_of_nagash,,{{tr:building_culture_variants_name_wh2_dlc11_vampirecoast_ship_main_deck_1}},wh2_dlc11_vampirecoast_ship_main_deck_nag_1,{{tr:building_chains_chain_tooltip_wh2_dlc11_vampirecoast_ship_main_deck}},wh2_dlc11_vampirecoast_ship_main_deck_nag,0,0,1000,1,0,false,,,,,,,,,,false
warhammer_3,9.0,25507028,Undead Legions,undead_legions,wh3_dlc29_nag_undead_legions,wh3_dlc29_sc_nag_undead_legions,Host of Nagash,wh3_dlc29_nag_host_of_nagash,,{{tr:building_culture_variants_name_wh2_dlc11_vampirecoast_ship_main_deck_2}},wh2_dlc11_vampirecoast_ship_main_deck_nag_2,{{tr:building_chains_chain_tooltip_wh2_dlc11_vampirecoast_ship_main_deck}},wh2_dlc11_vampirecoast_ship_main_deck_nag,1,1,2000,1,0,false,,,,,,,,,,false
warhammer_3,9.0,25507028,Undead Legions,undead_legions,wh3_dlc29_nag_undead_legions,wh3_dlc29_sc_nag_undead_legions,Host of Nagash,wh3_dlc29_nag_host_of_nagash,,{{tr:building_culture_variants_name_wh2_dlc11_vampirecoast_ship_main_deck_3}},wh2_dlc11_vampirecoast_ship_main_deck_nag_3,{{tr:building_chains_chain_tooltip_wh2_dlc11_vampirecoast_ship_main_deck}},wh2_dlc11_vampirecoast_ship_main_deck_nag,2,3,5000,1,0,false,,,,,,,,,,false
warhammer_3,9.0,25507028,Undead Legions,undead_legions,wh3_dlc29_nag_undead_legions,wh3_dlc29_sc_nag_undead_legions,Host of Nagash,wh3_dlc29_nag_host_of_nagash,,{{tr:building_culture_variants_name_wh2_dlc11_vampirecoast_ship_main_deck_4}},wh2_dlc11_vampirecoast_ship_main_deck_nag_4,{{tr:building_chains_chain_tooltip_wh2_dlc11_vampirecoast_ship_main_deck}},wh2_dlc11_vampirecoast_ship_main_deck_nag,3,4,10000,1,0,false,,,,,,,,,,false
warhammer_3,9.0,25507028,Undead Legions,undead_legions,wh3_dlc29_nag_undead_legions,wh3_dlc29_sc_nag_undead_legions,Host of Nagash,wh3_dlc29_nag_host_of_nagash,,Cannonry Hoard,wh3_dlc29_nag_cove_military_artillery_1,{{tr:building_chains_chain_tooltip_wh2_dlc11_vampirecoast_support_artillery}},wh3_dlc29_nag_cove_military_artillery,0,1,0,1,0,false,,,,,,,,,,false
warhammer_3,9.0,25507028,Undead Legions,undead_legions,wh3_dlc29_nag_undead_legions,wh3_dlc29_sc_nag_undead_legions,Host of Nagash,wh3_dlc29_nag_host_of_nagash,,{{tr:building_culture_variants_name_wh2_dlc14_special_dragon_isle_port_ruin_grn}},wh2_dlc14_special_dragon_isle_port_ruin_nag,{{tr:building_chains_chain_tooltip_wh2_dlc14_special_dragon_isle_port}},wh2_dlc14_special_dragon_isle_port_nag,0,0,0,0,0,false,,,,,,,,,,true
warhammer_3,9.0,25507028,Undead Legions,undead_legions,wh3_dlc29_nag_undead_legions,wh3_dlc29_sc_nag_undead_legions,Host of Nagash,wh3_dlc29_nag_host_of_nagash,,{{tr:building_culture_variants_name_wh2_dlc14_special_dragon_isle_port_1}},wh2_dlc14_special_dragon_isle_port_1_nag,{{tr:building_chains_chain_tooltip_wh2_dlc14_special_dragon_isle_port}},wh2_dlc14_special_dragon_isle_port_nag,1,1,2500,3,0,false,,,200,,3,res_gems,20,,,true
warhammer_3,9.0,25507028,Undead Legions,undead_legions,wh3_dlc29_nag_undead_legions,wh3_dlc29_sc_nag_undead_legions,Host of Nagash,wh3_dlc29_nag_host_of_nagash,,{{tr:building_culture_variants_name_wh2_dlc15_special_graves_of_the_dragons_vmp}},wh3_dlc29_special_graves_of_the_dragons_nag,{{tr:building_chains_chain_tooltip_wh2_dlc15_special_graves_of_the_dragons_dwf}},wh3_dlc29_special_graves_of_the_dragons_nag,0,1,7500,10,0,false,,,,,,,,,,true
warhammer_3,9.0,25507028,Undead Legions,undead_legions,wh3_dlc29_nag_undead_legions,wh3_dlc29_sc_nag_undead_legions,Host of Nagash,wh3_dlc29_nag_host_of_nagash,,Restored Mourkain,wh3_dlc29_special_galbaraz_mourkain_nag,{{tr:building_chains_chain_tooltip_wh2_dlc15_special_morgheim_necropolis_vmp}},wh3_dlc29_special_galbaraz_mourkain_nag,0,3,6000,4,0,false,,,,,,,,,,true
warhammer_3,9.0,25507028,Undead Legions,undead_legions,wh3_dlc29_nag_undead_legions,wh3_dlc29_sc_nag_undead_legions,Host of Nagash,wh3_dlc29_nag_host_of_nagash,,{{tr:building_culture_variants_name_wh2_dlc15_special_morgheim_necropolis_vmpwh_main_vmp_vampire_counts}},wh3_dlc29_special_morgheim_necropolis_nag,{{tr:building_chains_chain_tooltip_wh2_dlc15_special_morgheim_necropolis_vmp}},wh3_dlc29_special_morgheim_necropolis_nag,0,3,6000,4,0,false,,,,,,,,,,true
warhammer_3,9.0,25507028,Undead Legions,undead_legions,wh3_dlc29_nag_undead_legions,wh3_dlc29_sc_nag_undead_legions,Host of Nagash,wh3_dlc29_nag_host_of_nagash,,{{tr:building_culture_variants_name_wh2_dlc15_special_nagashizzar_azhagwh2_dlc15_grn_bonerattlaz}},wh3_dlc29_special_nagashizzar_nag,{{tr:building_chains_chain_tooltip_wh2_dlc15_special_nagashizzar_azhag}},wh3_dlc29_special_nagashizzar_nag,0,5,10000,10,0,false,,,450,,,,,,,true
warhammer_3,9.0,25507028,Undead Legions,undead_legions,wh3_dlc29_nag_undead_legions,wh3_dlc29_sc_nag_undead_legions,Host of Nagash,wh3_dlc29_nag_host_of_nagash,,Deserted Lookout,wh3_dlc29_nag_chambers_garrison_1,{{tr:building_chains_chain_tooltip_wh2_main_def_defence_minor}},wh3_dlc29_nag_chambers_garrison,0,1,1250,1,0,false,,,,,,,,,,false
warhammer_3,9.0,25507028,Undead Legions,undead_legions,wh3_dlc29_nag_undead_legions,wh3_dlc29_sc_nag_undead_legions,Host of Nagash,wh3_dlc29_nag_host_of_nagash,,Walls of Dark Intent,wh3_dlc29_nag_cove_garrison_1,{{tr:building_chains_chain_tooltip_wh2_main_def_defence_minor}},wh3_dlc29_nag_cove_garrison,0,1,1250,1,0,false,,,,,,,,,,false
warhammer_3,9.0,25507028,Undead Legions,undead_legions,wh3_dlc29_nag_undead_legions,wh3_dlc29_sc_nag_undead_legions,Host of Nagash,wh3_dlc29_nag_host_of_nagash,,Corpse Mound,wh3_dlc29_nag_mausoleum_garrison_1,{{tr:building_chains_chain_tooltip_wh2_main_def_defence_minor}},wh3_dlc29_nag_mausoleum_garrison,0,1,1250,1,0,false,,,,,,,,,,false
warhammer_3,9.0,25507028,Undead Legions,undead_legions,wh3_dlc29_nag_undead_legions,wh3_dlc29_sc_nag_undead_legions,Host of Nagash,wh3_dlc29_nag_host_of_nagash,,{{tr:building_culture_variants_name_wh2_main_special_altdorf_imperial_palace_vmp}},wh3_dlc29_special_altdorf_imperial_palace_nag,{{tr:building_chains_chain_tooltip_wh2_main_special_altdorf_imperial_palace_vmp}},wh3_dlc29_special_altdorf_imperial_palace_nag,0,5,10000,6,0,false,,,,,10,,,,,true
warhammer_3,9.0,25507028,Undead Legions,undead_legions,wh3_dlc29_nag_undead_legions,wh3_dlc29_sc_nag_undead_legions,Host of Nagash,wh3_dlc29_nag_host_of_nagash,,{{tr:building_culture_variants_name_wh2_main_special_blood_keep}},wh3_dlc29_special_blood_keep_nag,{{tr:building_chains_chain_tooltip_wh2_main_special_blood_keep}},wh3_dlc29_special_blood_keep_nag,0,5,10000,5,0,false,,,,,8,,,,,true
warhammer_3,9.0,25507028,Undead Legions,undead_legions,wh3_dlc29_nag_undead_legions,wh3_dlc29_sc_nag_undead_legions,Host of Nagash,wh3_dlc29_nag_host_of_nagash,,{{tr:building_culture_variants_name_wh2_main_special_castle_drachenfels_1}},wh2_main_special_castle_drachenfels_nag_1,{{tr:building_chains_chain_tooltip_wh2_main_special_castle_drachenfels}},wh2_main_special_castle_drachenfels_nag,0,2,4000,2,0,false,,,,,3,,,,,true
warhammer_3,9.0,25507028,Undead Legions,undead_legions,wh3_dlc29_nag_undead_legions,wh3_dlc29_sc_nag_undead_legions,Host of Nagash,wh3_dlc29_nag_host_of_nagash,,{{tr:building_culture_variants_name_wh2_main_special_castle_drachenfels_2}},wh2_main_special_castle_drachenfels_nag_2,{{tr:building_chains_chain_tooltip_wh2_main_special_castle_drachenfels}},wh2_main_special_castle_drachenfels_nag,1,4,8000,4,0,false,,,,,8,,,,,true
warhammer_3,9.0,25507028,Undead Legions,undead_legions,wh3_dlc29_nag_undead_legions,wh3_dlc29_sc_nag_undead_legions,Host of Nagash,wh3_dlc29_nag_host_of_nagash,,Lairs of Clar Karond,wh3_dlc29_special_clar_karond_lairs_nag,{{tr:building_chains_chain_tooltip_wh2_main_special_clar_karond_lairs_vmp}},wh3_dlc29_special_clar_karond_lairs_nag,0,4,8000,5,0,false,,,,,,res_animals,100,,,true
warhammer_3,9.0,25507028,Undead Legions,undead_legions,wh3_dlc29_nag_undead_legions,wh3_dlc29_sc_nag_undead_legions,Host of Nagash,wh3_dlc29_nag_host_of_nagash,,{{tr:building_culture_variants_name_wh2_main_special_empire_fort_vmp_1}},wh3_dlc29_special_empire_fort_nag_1,{{tr:building_chains_chain_tooltip_wh2_main_special_empire_fort_vmp}},wh3_dlc29_special_empire_fort_nag,1,0,1000,3,0,false,,,,,,,,,,true
warhammer_3,9.0,25507028,Undead Legions,undead_legions,wh3_dlc29_nag_undead_legions,wh3_dlc29_sc_nag_undead_legions,Host of Nagash,wh3_dlc29_nag_host_of_nagash,,{{tr:building_culture_variants_name_wh2_main_special_empire_fort_vmp_2}},wh3_dlc29_special_empire_fort_nag_2,{{tr:building_chains_chain_tooltip_wh2_main_special_empire_fort_vmp}},wh3_dlc29_special_empire_fort_nag,2,0,2000,4,0,false,,,,,,,,,,true
warhammer_3,9.0,25507028,Undead Legions,undead_legions,wh3_dlc29_nag_undead_legions,wh3_dlc29_sc_nag_undead_legions,Host of Nagash,wh3_dlc29_nag_host_of_nagash,,{{tr:building_culture_variants_name_wh2_main_special_empire_fort_vmp_3}},wh3_dlc29_special_empire_fort_nag_3,{{tr:building_chains_chain_tooltip_wh2_main_special_empire_fort_vmp}},wh3_dlc29_special_empire_fort_nag,3,0,4000,5,0,false,,,,,,,,,,true
warhammer_3,9.0,25507028,Undead Legions,undead_legions,wh3_dlc29_nag_undead_legions,wh3_dlc29_sc_nag_undead_legions,Host of Nagash,wh3_dlc29_nag_host_of_nagash,,{{tr:building_culture_variants_name_wh2_main_special_empire_fort_vmp_4}},wh3_dlc29_special_empire_fort_nag_4,{{tr:building_chains_chain_tooltip_wh2_main_special_empire_fort_vmp}},wh3_dlc29_special_empire_fort_nag,4,0,8000,6,0,false,,,,,,,,,,true
warhammer_3,9.0,25507028,Undead Legions,undead_legions,wh3_dlc29_nag_undead_legions,wh3_dlc29_sc_nag_undead_legions,Host of Nagash,wh3_dlc29_nag_host_of_nagash,,{{tr:building_culture_variants_name_wh2_main_special_empire_fort_vmp_5}},wh3_dlc29_special_empire_fort_nag_5,{{tr:building_chains_chain_tooltip_wh2_main_special_empire_fort_vmp}},wh3_dlc29_special_empire_fort_nag,5,0,16000,7,0,false,,,,,,,,,,true
warhammer_3,9.0,25507028,Undead Legions,undead_legions,wh3_dlc29_nag_undead_legions,wh3_dlc29_sc_nag_undead_legions,Host of Nagash,wh3_dlc29_nag_host_of_nagash,,{{tr:building_culture_variants_name_wh2_main_special_fortress_gate_eagle_vmp_1}},wh3_dlc29_special_fortress_gate_eagle_nag_1,{{tr:building_chains_chain_tooltip_wh2_main_special_fortress_gate_eagle_hef}},wh3_dlc29_special_fortress_gate_eagle_nag,1,0,1000,3,0,false,,,,,,,,,,true
warhammer_3,9.0,25507028,Undead Legions,undead_legions,wh3_dlc29_nag_undead_legions,wh3_dlc29_sc_nag_undead_legions,Host of Nagash,wh3_dlc29_nag_host_of_nagash,,{{tr:building_culture_variants_name_wh2_main_special_fortress_gate_eagle_vmp_1}},wh3_dlc29_special_fortress_gate_griffon_nag_1,{{tr:building_chains_chain_tooltip_wh2_main_special_fortress_gate_eagle_hef}},wh3_dlc29_special_fortress_gate_griffon_nag,1,0,1000,3,0,false,,,,,,,,,,true
warhammer_3,9.0,25507028,Undead Legions,undead_legions,wh3_dlc29_nag_undead_legions,wh3_dlc29_sc_nag_undead_legions,Host of Nagash,wh3_dlc29_nag_host_of_nagash,,{{tr:building_culture_variants_name_wh2_main_special_fortress_gate_eagle_vmp_1}},wh3_dlc29_special_fortress_gate_phoenix_nag_1,{{tr:building_chains_chain_tooltip_wh2_main_special_fortress_gate_eagle_hef}},wh3_dlc29_special_fortress_gate_phoenix_nag,1,0,1000,3,0,false,,,,,,,,,,true
warhammer_3,9.0,25507028,Undead Legions,undead_legions,wh3_dlc29_nag_undead_legions,wh3_dlc29_sc_nag_undead_legions,Host of Nagash,wh3_dlc29_nag_host_of_nagash,,{{tr:building_culture_variants_name_wh2_main_special_fortress_gate_eagle_vmp_1}},wh3_dlc29_special_fortress_gate_unicorn_nag_1,{{tr:building_chains_chain_tooltip_wh2_main_special_fortress_gate_eagle_hef}},wh3_dlc29_special_fortress_gate_unicorn_nag,1,0,1000,3,0,false,,,,,,,,,,true
warhammer_3,9.0,25507028,Undead Legions,undead_legions,wh3_dlc29_nag_undead_legions,wh3_dlc29_sc_nag_undead_legions,Host of Nagash,wh3_dlc29_nag_host_of_nagash,,{{tr:building_culture_variants_name_wh2_main_special_fortress_gate_eagle_vmp_2}},wh3_dlc29_special_fortress_gate_eagle_nag_2,{{tr:building_chains_chain_tooltip_wh2_main_special_fortress_gate_eagle_hef}},wh3_dlc29_special_fortress_gate_eagle_nag,2,0,2000,4,0,false,,,,,,,,,,true
warhammer_3,9.0,25507028,Undead Legions,undead_legions,wh3_dlc29_nag_undead_legions,wh3_dlc29_sc_nag_undead_legions,Host of Nagash,wh3_dlc29_nag_host_of_nagash,,{{tr:building_culture_variants_name_wh2_main_special_fortress_gate_eagle_vmp_2}},wh3_dlc29_special_fortress_gate_griffon_nag_2,{{tr:building_chains_chain_tooltip_wh2_main_special_fortress_gate_eagle_hef}},wh3_dlc29_special_fortress_gate_griffon_nag,2,0,2000,4,0,false,,,,,,,,,,true
warhammer_3,9.0,25507028,Undead Legions,undead_legions,wh3_dlc29_nag_undead_legions,wh3_dlc29_sc_nag_undead_legions,Host of Nagash,wh3_dlc29_nag_host_of_nagash,,{{tr:building_culture_variants_name_wh2_main_special_fortress_gate_eagle_vmp_2}},wh3_dlc29_special_fortress_gate_phoenix_nag_2,{{tr:building_chains_chain_tooltip_wh2_main_special_fortress_gate_eagle_hef}},wh3_dlc29_special_fortress_gate_phoenix_nag,2,0,2000,4,0,false,,,,,,,,,,true
warhammer_3,9.0,25507028,Undead Legions,undead_legions,wh3_dlc29_nag_undead_legions,wh3_dlc29_sc_nag_undead_legions,Host of Nagash,wh3_dlc29_nag_host_of_nagash,,{{tr:building_culture_variants_name_wh2_main_special_fortress_gate_eagle_vmp_2}},wh3_dlc29_special_fortress_gate_unicorn_nag_2,{{tr:building_chains_chain_tooltip_wh2_main_special_fortress_gate_eagle_hef}},wh3_dlc29_special_fortress_gate_unicorn_nag,2,0,2000,4,0,false,,,,,,,,,,true
warhammer_3,9.0,25507028,Undead Legions,undead_legions,wh3_dlc29_nag_undead_legions,wh3_dlc29_sc_nag_undead_legions,Host of Nagash,wh3_dlc29_nag_host_of_nagash,,{{tr:building_culture_variants_name_wh2_main_special_fortress_gate_eagle_vmp_3}},wh3_dlc29_special_fortress_gate_eagle_nag_3,{{tr:building_chains_chain_tooltip_wh2_main_special_fortress_gate_eagle_hef}},wh3_dlc29_special_fortress_gate_eagle_nag,3,0,4000,5,0,false,,,,,,,,,,true
warhammer_3,9.0,25507028,Undead Legions,undead_legions,wh3_dlc29_nag_undead_legions,wh3_dlc29_sc_nag_undead_legions,Host of Nagash,wh3_dlc29_nag_host_of_nagash,,{{tr:building_culture_variants_name_wh2_main_special_fortress_gate_eagle_vmp_3}},wh3_dlc29_special_fortress_gate_griffon_nag_3,{{tr:building_chains_chain_tooltip_wh2_main_special_fortress_gate_eagle_hef}},wh3_dlc29_special_fortress_gate_griffon_nag,3,0,4000,5,0,false,,,,,,,,,,true
warhammer_3,9.0,25507028,Undead Legions,undead_legions,wh3_dlc29_nag_undead_legions,wh3_dlc29_sc_nag_undead_legions,Host of Nagash,wh3_dlc29_nag_host_of_nagash,,{{tr:building_culture_variants_name_wh2_main_special_fortress_gate_eagle_vmp_3}},wh3_dlc29_special_fortress_gate_phoenix_nag_3,{{tr:building_chains_chain_tooltip_wh2_main_special_fortress_gate_eagle_hef}},wh3_dlc29_special_fortress_gate_phoenix_nag,3,0,4000,5,0,false,,,,,,,,,,true
warhammer_3,9.0,25507028,Undead Legions,undead_legions,wh3_dlc29_nag_undead_legions,wh3_dlc29_sc_nag_undead_legions,Host of Nagash,wh3_dlc29_nag_host_of_nagash,,{{tr:building_culture_variants_name_wh2_main_special_fortress_gate_eagle_vmp_3}},wh3_dlc29_special_fortress_gate_unicorn_nag_3,{{tr:building_chains_chain_tooltip_wh2_main_special_fortress_gate_eagle_hef}},wh3_dlc29_special_fortress_gate_unicorn_nag,3,0,4000,5,0,false,,,,,,,,,,true
warhammer_3,9.0,25507028,Undead Legions,undead_legions,wh3_dlc29_nag_undead_legions,wh3_dlc29_sc_nag_undead_legions,Host of Nagash,wh3_dlc29_nag_host_of_nagash,,{{tr:building_culture_variants_name_wh2_main_special_fortress_gate_eagle_vmp_4}},wh3_dlc29_special_fortress_gate_eagle_nag_4,{{tr:building_chains_chain_tooltip_wh2_main_special_fortress_gate_eagle_hef}},wh3_dlc29_special_fortress_gate_eagle_nag,4,0,8000,6,0,false,,,,,,,,,,true
warhammer_3,9.0,25507028,Undead Legions,undead_legions,wh3_dlc29_nag_undead_legions,wh3_dlc29_sc_nag_undead_legions,Host of Nagash,wh3_dlc29_nag_host_of_nagash,,{{tr:building_culture_variants_name_wh2_main_special_fortress_gate_eagle_vmp_4}},wh3_dlc29_special_fortress_gate_griffon_nag_4,{{tr:building_chains_chain_tooltip_wh2_main_special_fortress_gate_eagle_hef}},wh3_dlc29_special_fortress_gate_griffon_nag,4,0,8000,6,0,false,,,,,,,,,,true
warhammer_3,9.0,25507028,Undead Legions,undead_legions,wh3_dlc29_nag_undead_legions,wh3_dlc29_sc_nag_undead_legions,Host of Nagash,wh3_dlc29_nag_host_of_nagash,,{{tr:building_culture_variants_name_wh2_main_special_fortress_gate_eagle_vmp_4}},wh3_dlc29_special_fortress_gate_phoenix_nag_4,{{tr:building_chains_chain_tooltip_wh2_main_special_fortress_gate_eagle_hef}},wh3_dlc29_special_fortress_gate_phoenix_nag,4,0,8000,6,0,false,,,,,,,,,,true
warhammer_3,9.0,25507028,Undead Legions,undead_legions,wh3_dlc29_nag_undead_legions,wh3_dlc29_sc_nag_undead_legions,Host of Nagash,wh3_dlc29_nag_host_of_nagash,,{{tr:building_culture_variants_name_wh2_main_special_fortress_gate_eagle_vmp_4}},wh3_dlc29_special_fortress_gate_unicorn_nag_4,{{tr:building_chains_chain_tooltip_wh2_main_special_fortress_gate_eagle_hef}},wh3_dlc29_special_fortress_gate_unicorn_nag,4,0,8000,6,0,false,,,,,,,,,,true
warhammer_3,9.0,25507028,Undead Legions,undead_legions,wh3_dlc29_nag_undead_legions,wh3_dlc29_sc_nag_undead_legions,Host of Nagash,wh3_dlc29_nag_host_of_nagash,,{{tr:building_culture_variants_name_wh2_main_special_fortress_gate_eagle_vmp_5}},wh3_dlc29_special_fortress_gate_eagle_nag_5,{{tr:building_chains_chain_tooltip_wh2_main_special_fortress_gate_eagle_hef}},wh3_dlc29_special_fortress_gate_eagle_nag,5,0,16000,7,0,false,,,,,,,,,,true
warhammer_3,9.0,25507028,Undead Legions,undead_legions,wh3_dlc29_nag_undead_legions,wh3_dlc29_sc_nag_undead_legions,Host of Nagash,wh3_dlc29_nag_host_of_nagash,,{{tr:building_culture_variants_name_wh2_main_special_fortress_gate_eagle_vmp_5}},wh3_dlc29_special_fortress_gate_griffon_nag_5,{{tr:building_chains_chain_tooltip_wh2_main_special_fortress_gate_eagle_hef}},wh3_dlc29_special_fortress_gate_griffon_nag,5,0,16000,7,0,false,,,,,,,,,,true
warhammer_3,9.0,25507028,Undead Legions,undead_legions,wh3_dlc29_nag_undead_legions,wh3_dlc29_sc_nag_undead_legions,Host of Nagash,wh3_dlc29_nag_host_of_nagash,,{{tr:building_culture_variants_name_wh2_main_special_fortress_gate_eagle_vmp_5}},wh3_dlc29_special_fortress_gate_phoenix_nag_5,{{tr:building_chains_chain_tooltip_wh2_main_special_fortress_gate_eagle_hef}},wh3_dlc29_special_fortress_gate_phoenix_nag,5,0,16000,7,0,false,,,,,,,,,,true
warhammer_3,9.0,25507028,Undead Legions,undead_legions,wh3_dlc29_nag_undead_legions,wh3_dlc29_sc_nag_undead_legions,Host of Nagash,wh3_dlc29_nag_host_of_nagash,,{{tr:building_culture_variants_name_wh2_main_special_fortress_gate_eagle_vmp_5}},wh3_dlc29_special_fortress_gate_unicorn_nag_5,{{tr:building_chains_chain_tooltip_wh2_main_special_fortress_gate_eagle_hef}},wh3_dlc29_special_fortress_gate_unicorn_nag,5,0,16000,7,0,false,,,,,,,,,,true
warhammer_3,9.0,25507028,Undead Legions,undead_legions,wh3_dlc29_nag_undead_legions,wh3_dlc29_sc_nag_undead_legions,Host of Nagash,wh3_dlc29_nag_host_of_nagash,,Dark Tower of Prophecy,wh3_dlc29_special_ghrond_convent_of_sorcery_1_nag,{{tr:building_chains_chain_tooltip_wh2_main_special_ghrond_convent_of_sorcery_vmp}},wh3_dlc29_special_ghrond_convent_of_sorcery_nag,0,4,8000,4,0,false,,,,,,,,,,true
warhammer_3,9.0,25507028,Undead Legions,undead_legions,wh3_dlc29_nag_undead_legions,wh3_dlc29_sc_nag_undead_legions,Host of Nagash,wh3_dlc29_nag_host_of_nagash,,Dark Convent of Undeath,wh3_dlc29_special_ghrond_convent_of_sorcery_2_nag,{{tr:building_chains_chain_tooltip_wh2_main_special_ghrond_convent_of_sorcery_vmp}},wh3_dlc29_special_ghrond_convent_of_sorcery_nag,1,5,10000,6,0,false,,,,,,,,,,true
warhammer_3,9.0,25507028,Undead Legions,undead_legions,wh3_dlc29_nag_undead_legions,wh3_dlc29_sc_nag_undead_legions,Host of Nagash,wh3_dlc29_nag_host_of_nagash,,{{tr:building_culture_variants_name_wh2_main_special_golden_tower_of_the_gods_other}},wh2_main_special_golden_tower_of_the_gods_nag,{{tr:building_chains_chain_tooltip_wh2_main_special_golden_tower_of_the_gods_tze}},wh2_main_special_golden_tower_of_the_gods_nag,0,1,4000,3,0,false,,,350,,3,,,,,true
warhammer_3,9.0,25507028,Undead Legions,undead_legions,wh3_dlc29_nag_undead_legions,wh3_dlc29_sc_nag_undead_legions,Host of Nagash,wh3_dlc29_nag_host_of_nagash,,{{tr:building_culture_variants_name_wh2_main_special_mousillon_merovech}},wh2_main_special_mousillon_merovech_nag,{{tr:building_chains_chain_tooltip_wh2_main_special_mousillon_merovech}},wh2_main_special_mousillon_merovech_nag,0,1,10000,7,0,false,,,,,5,,,,,true
warhammer_3,9.0,25507028,Undead Legions,undead_legions,wh3_dlc29_nag_undead_legions,wh3_dlc29_sc_nag_undead_legions,Host of Nagash,wh3_dlc29_nag_host_of_nagash,,{{tr:building_culture_variants_name_wh2_dlc09_special_pyramid_settra}} (Occupied),wh3_dlc29_special_khemri_nag,{{tr:building_chains_chain_tooltip_wh2_main_special_pyramid_of_nagash_vmp}},wh3_dlc29_special_khemri_nag,0,3,6000,5,0,false,,,,,,,,,,true
warhammer_3,9.0,25507028,Undead Legions,undead_legions,wh3_dlc29_nag_undead_legions,wh3_dlc29_sc_nag_undead_legions,Host of Nagash,wh3_dlc29_nag_host_of_nagash,,Nagash's Altar of Thought,wh3_dlc29_special_pyramid_of_nagash_nag_1,{{tr:building_chains_chain_tooltip_wh2_main_special_pyramid_of_nagash_vmp}},wh3_dlc29_special_pyramid_of_nagash_nag,0,1,2500,3,0,false,,,,,,,,,,true
warhammer_3,9.0,25507028,Undead Legions,undead_legions,wh3_dlc29_nag_undead_legions,wh3_dlc29_sc_nag_undead_legions,Host of Nagash,wh3_dlc29_nag_host_of_nagash,,Nagash's Vaulted Chamber,wh3_dlc29_special_pyramid_of_nagash_nag_2,{{tr:building_chains_chain_tooltip_wh2_main_special_pyramid_of_nagash_vmp}},wh3_dlc29_special_pyramid_of_nagash_nag,1,3,5000,5,0,false,,,,,,,,,,true
warhammer_3,9.0,25507028,Undead Legions,undead_legions,wh3_dlc29_nag_undead_legions,wh3_dlc29_sc_nag_undead_legions,Host of Nagash,wh3_dlc29_nag_host_of_nagash,,Nagash's Sigiled Study,wh3_dlc29_special_pyramid_of_nagash_nag_3,{{tr:building_chains_chain_tooltip_wh2_main_special_pyramid_of_nagash_vmp}},wh3_dlc29_special_pyramid_of_nagash_nag,2,5,10000,10,0,false,,,,,,,,,,true
warhammer_3,9.0,25507028,Undead Legions,undead_legions,wh3_dlc29_nag_undead_legions,wh3_dlc29_sc_nag_undead_legions,Host of Nagash,wh3_dlc29_nag_host_of_nagash,,{{tr:building_culture_variants_name_wh2_main_special_shrine_of_khaine_vmp_1}},wh2_main_special_shrine_of_khaine_nag,{{tr:building_chains_chain_tooltip_wh2_main_special_shrine_of_khaine_vmp}},wh2_main_special_shrine_of_khaine_nag,0,1,7500,10,0,false,,,,,,,,,,true
warhammer_3,9.0,25507028,Undead Legions,undead_legions,wh3_dlc29_nag_undead_legions,wh3_dlc29_sc_nag_undead_legions,Host of Nagash,wh3_dlc29_nag_host_of_nagash,,Merciless Shoals,wh3_dlc29_nag_cove_military_beasts_1,{{tr:building_chains_chain_tooltip_wh3_dlc20_woc_dark_fortress_chaos_monsters}},wh3_dlc29_nag_cove_military_beasts,0,1,0,1,0,false,,,,,,,,,,false
warhammer_3,9.0,25507028,Undead Legions,undead_legions,wh3_dlc29_nag_undead_legions,wh3_dlc29_sc_nag_undead_legions,Host of Nagash,wh3_dlc29_nag_host_of_nagash,,Halls of Forbiddance,wh3_dlc29_foreign_slot_discovery_nag_1,{{tr:building_chains_chain_tooltip_wh3_dlc23_foreign_slot_discovery_chd}},wh3_dlc29_foreign_slot_discovery_nag,0,3,1500,3,0,false,,,,,,,,,,false
warhammer_3,9.0,25507028,Undead Legions,undead_legions,wh3_dlc29_nag_undead_legions,wh3_dlc29_sc_nag_undead_legions,Host of Nagash,wh3_dlc29_nag_host_of_nagash,,Halls of Cessation,wh3_dlc29_foreign_slot_discovery_nag_2,{{tr:building_chains_chain_tooltip_wh3_dlc23_foreign_slot_discovery_chd}},wh3_dlc29_foreign_slot_discovery_nag,1,4,3000,4,0,false,,,,,,,,,,false
warhammer_3,9.0,25507028,Undead Legions,undead_legions,wh3_dlc29_nag_undead_legions,wh3_dlc29_sc_nag_undead_legions,Host of Nagash,wh3_dlc29_nag_host_of_nagash,,A Hushed Tavern,wh3_dlc29_nag_cove_trade_1,{{tr:building_chains_chain_tooltip_wh3_dlc27_hef_colony_economy_trade}},wh3_dlc29_nag_cove_trade,0,1,1000,1,0,false,,,100,,,,,,,false
warhammer_3,9.0,25507028,Undead Legions,undead_legions,wh3_dlc29_nag_undead_legions,wh3_dlc29_sc_nag_undead_legions,Host of Nagash,wh3_dlc29_nag_host_of_nagash,,Withering Herb Field,wh3_dlc29_nag_resource_medicine_1,{{tr:building_chains_chain_tooltip_wh3_dlc27_sla_resource_medicine_tormentors}},wh3_dlc29_nag_resource_medicine,0,1,1750,2,0,false,,,,,,,,,,false
warhammer_3,9.0,25507028,Undead Legions,undead_legions,wh3_dlc29_nag_undead_legions,wh3_dlc29_sc_nag_undead_legions,Host of Nagash,wh3_dlc29_nag_host_of_nagash,,Cursed Fields,wh3_dlc29_nag_resource_pastures_1,{{tr:building_chains_chain_tooltip_wh3_dlc27_sla_resource_pasture_tormentors}},wh3_dlc29_nag_resource_pastures,0,1,1750,2,0,false,,,200,,,,,,,false
warhammer_3,9.0,25507028,Undead Legions,undead_legions,wh3_dlc29_nag_undead_legions,wh3_dlc29_sc_nag_undead_legions,Host of Nagash,wh3_dlc29_nag_host_of_nagash,,Pits of Clay and Bone,wh3_dlc29_nag_resource_pottery_1,{{tr:building_chains_chain_tooltip_wh3_dlc27_sla_resource_pottery_tormentors}},wh3_dlc29_nag_resource_pottery,0,1,1750,2,0,false,,,250,,,,,,,false
warhammer_3,9.0,25507028,Undead Legions,undead_legions,wh3_dlc29_nag_undead_legions,wh3_dlc29_sc_nag_undead_legions,Host of Nagash,wh3_dlc29_nag_host_of_nagash,,{{tr:building_culture_variants_name_wh2_main_special_altar_of_ultimate_darkness_vmp}},wh3_dlc29_special_altar_of_ultimate_darkness_nag,{{tr:building_chains_chain_tooltip_wh3_dlc29_special_oak_of_ages_landmark_glottkin}},wh3_dlc29_special_altar_of_ultimate_darkness_nag,0,0,2000,7,0,false,,,,,,,,,,true
warhammer_3,9.0,25507028,Undead Legions,undead_legions,wh3_dlc29_nag_undead_legions,wh3_dlc29_sc_nag_undead_legions,Host of Nagash,wh3_dlc29_nag_host_of_nagash,,{{tr:building_culture_variants_name_wh3_dlc24_special_rampaging_oak_vmp}},wh3_dlc29_special_rampaging_oak_nag,{{tr:building_chains_chain_tooltip_wh3_dlc29_special_oak_of_ages_landmark_glottkin}},wh3_dlc29_special_rampaging_oak_nag,0,1,3000,2,0,false,,,,,,,,,,true
warhammer_3,9.0,25507028,Undead Legions,undead_legions,wh3_dlc29_nag_undead_legions,wh3_dlc29_sc_nag_undead_legions,Host of Nagash,wh3_dlc29_nag_host_of_nagash,,{{tr:building_culture_variants_name_wh3_main_special_settlement_bastion_chd_1}},wh3_dlc29_special_settlement_bastion_nag_1,{{tr:building_chains_chain_tooltip_wh3_main_cth_bastion_primary}},wh3_dlc29_special_settlement_bastion_nag,1,0,1000,3,0,false,,,,,,,,,,true
warhammer_3,9.0,25507028,Undead Legions,undead_legions,wh3_dlc29_nag_undead_legions,wh3_dlc29_sc_nag_undead_legions,Host of Nagash,wh3_dlc29_nag_host_of_nagash,,{{tr:building_culture_variants_name_wh3_main_special_settlement_bastion_chd_2}},wh3_dlc29_special_settlement_bastion_nag_2,{{tr:building_chains_chain_tooltip_wh3_main_cth_bastion_primary}},wh3_dlc29_special_settlement_bastion_nag,2,0,2000,4,0,false,,,,,,,,,,true
warhammer_3,9.0,25507028,Undead Legions,undead_legions,wh3_dlc29_nag_undead_legions,wh3_dlc29_sc_nag_undead_legions,Host of Nagash,wh3_dlc29_nag_host_of_nagash,,{{tr:building_culture_variants_name_wh3_main_special_settlement_bastion_chd_3}},wh3_dlc29_special_settlement_bastion_nag_3,{{tr:building_chains_chain_tooltip_wh3_main_cth_bastion_primary}},wh3_dlc29_special_settlement_bastion_nag,3,0,4000,5,0,false,,,,,,,,,,true
warhammer_3,9.0,25507028,Undead Legions,undead_legions,wh3_dlc29_nag_undead_legions,wh3_dlc29_sc_nag_undead_legions,Host of Nagash,wh3_dlc29_nag_host_of_nagash,,{{tr:building_culture_variants_name_wh3_main_special_settlement_bastion_chd_4}},wh3_dlc29_special_settlement_bastion_nag_4,{{tr:building_chains_chain_tooltip_wh3_main_cth_bastion_primary}},wh3_dlc29_special_settlement_bastion_nag,4,0,8000,6,0,false,,,,,,,,,,true
warhammer_3,9.0,25507028,Undead Legions,undead_legions,wh3_dlc29_nag_undead_legions,wh3_dlc29_sc_nag_undead_legions,Host of Nagash,wh3_dlc29_nag_host_of_nagash,,{{tr:building_culture_variants_name_wh3_main_special_settlement_bastion_chd_5}},wh3_dlc29_special_settlement_bastion_nag_5,{{tr:building_chains_chain_tooltip_wh3_main_cth_bastion_primary}},wh3_dlc29_special_settlement_bastion_nag,5,0,16000,7,0,false,,,,,,,,,,true
warhammer_3,9.0,25507028,Undead Legions,undead_legions,wh3_dlc29_nag_undead_legions,wh3_dlc29_sc_nag_undead_legions,Host of Nagash,wh3_dlc29_nag_host_of_nagash,,Field of Plinths,wh3_dlc29_nag_chambers_control_1,{{tr:building_chains_chain_tooltip_wh3_main_dae_control_nur}},wh3_dlc29_nag_chambers_control,0,1,1000,1,0,false,,,100,,3,,,,,false
warhammer_3,9.0,25507028,Undead Legions,undead_legions,wh3_dlc29_nag_undead_legions,wh3_dlc29_sc_nag_undead_legions,Host of Nagash,wh3_dlc29_nag_host_of_nagash,,Hunting Clearing,wh3_dlc29_nag_resource_animals_1,{{tr:building_chains_chain_tooltip_wh3_main_sla_resource_animals}},wh3_dlc29_nag_resource_animals,0,1,1750,2,0,false,,,,,,,,,,false
warhammer_3,9.0,25507028,Undead Legions,undead_legions,wh3_dlc29_nag_undead_legions,wh3_dlc29_sc_nag_undead_legions,Host of Nagash,wh3_dlc29_nag_host_of_nagash,,Red Pit,wh3_dlc29_nag_resource_dyes_1,{{tr:building_chains_chain_tooltip_wh3_main_sla_resource_dyes}},wh3_dlc29_nag_resource_dyes,0,1,1750,2,0,false,,,200,,,,,,,false
warhammer_3,9.0,25507028,Undead Legions,undead_legions,wh3_dlc29_nag_undead_legions,wh3_dlc29_sc_nag_undead_legions,Host of Nagash,wh3_dlc29_nag_host_of_nagash,,{{tr:building_culture_variants_name_wh2_main_vmp_resource_gemstones_1}},wh3_dlc29_nag_resource_gemstones_1,{{tr:building_chains_chain_tooltip_wh3_main_sla_resource_gems}},wh3_dlc29_nag_resource_gemstones,0,1,1750,2,0,false,,,500,,,,,,,false
warhammer_3,9.0,25507028,Undead Legions,undead_legions,wh3_dlc29_nag_undead_legions,wh3_dlc29_sc_nag_undead_legions,Host of Nagash,wh3_dlc29_nag_host_of_nagash,,{{tr:building_culture_variants_name_wh_main_dwf_resource_gold_1}},wh3_dlc29_nag_resource_gold_1,{{tr:building_chains_chain_tooltip_wh3_main_sla_resource_gold}},wh3_dlc29_nag_resource_gold,0,1,1750,2,0,false,,,400,,,,,,,false
warhammer_3,9.0,25507028,Undead Legions,undead_legions,wh3_dlc29_nag_undead_legions,wh3_dlc29_sc_nag_undead_legions,Host of Nagash,wh3_dlc29_nag_host_of_nagash,,{{tr:building_culture_variants_name_wh3_main_special_standing_stones_others}},wh3_main_special_standing_stones_nag,{{tr:building_chains_chain_tooltip_wh3_main_special_standing_stones_others}},wh3_main_special_standing_stones_nag,0,1,10000,7,0,false,,,,,,,,,,true
warhammer_3,9.0,25507028,Undead Legions,undead_legions,wh3_dlc29_nag_undead_legions,wh3_dlc29_sc_nag_undead_legions,Host of Nagash,wh3_dlc29_nag_host_of_nagash,,{{tr:building_culture_variants_name_wh3_main_special_the_great_desert_tmb_2}},wh3_main_special_the_great_desert_nag_1,{{tr:building_chains_chain_tooltip_wh3_main_special_the_great_desert_tmb}},wh3_main_special_the_great_desert_nag,0,1,7500,10,0,false,,,,,,,,,,true
warhammer_3,9.0,25507028,Undead Legions,undead_legions,wh3_dlc29_nag_undead_legions,wh3_dlc29_sc_nag_undead_legions,Host of Nagash,wh3_dlc29_nag_host_of_nagash,,{{tr:building_culture_variants_name_wh3_main_vmp_allied_outpost_1wh_main_vmp_vampire_counts}},wh3_dlc29_nag_allied_outpost_1,{{tr:building_chains_chain_tooltip_wh3_main_wef_allied_outpost}},wh3_dlc29_nag_allied_outpost,0,1,2000,2,0,false,,,,,,,,,,false
warhammer_3,9.0,25507028,Undead Legions,undead_legions,wh3_dlc29_nag_undead_legions,wh3_dlc29_sc_nag_undead_legions,Host of Nagash,wh3_dlc29_nag_host_of_nagash,,{{tr:building_culture_variants_name_wh3_main_vmp_allied_outpost_2wh_main_vmp_vampire_counts}},wh3_dlc29_nag_allied_outpost_2,{{tr:building_chains_chain_tooltip_wh3_main_wef_allied_outpost}},wh3_dlc29_nag_allied_outpost,1,2,4000,3,0,false,,,,,,,,,,false
warhammer_3,9.0,25507028,Undead Legions,undead_legions,wh3_dlc29_nag_undead_legions,wh3_dlc29_sc_nag_undead_legions,Host of Nagash,wh3_dlc29_nag_host_of_nagash,,{{tr:building_culture_variants_name_wh3_main_vmp_allied_outpost_3wh_main_vmp_vampire_counts}},wh3_dlc29_nag_allied_outpost_3,{{tr:building_chains_chain_tooltip_wh3_main_wef_allied_outpost}},wh3_dlc29_nag_allied_outpost,2,3,6000,4,0,false,,,,,,,,,,false
warhammer_3,9.0,25507028,Undead Legions,undead_legions,wh3_dlc29_nag_undead_legions,wh3_dlc29_sc_nag_undead_legions,Host of Nagash,wh3_dlc29_nag_host_of_nagash,,Heavy Ballast,wh2_dlc11_vampirecoast_ship_anchor_1,Anchor,wh2_dlc11_vampirecoast_ship_anchor,0,0,1500,1,0,false,,,,2,,,,,,false
warhammer_3,9.0,25507028,Undead Legions,undead_legions,wh3_dlc29_nag_undead_legions,wh3_dlc29_sc_nag_undead_legions,Host of Nagash,wh3_dlc29_nag_host_of_nagash,,Stone Weight,wh2_dlc11_vampirecoast_ship_anchor_2,Anchor,wh2_dlc11_vampirecoast_ship_anchor,1,2,2500,1,0,false,,,,4,,,,,,false
warhammer_3,9.0,25507028,Undead Legions,undead_legions,wh3_dlc29_nag_undead_legions,wh3_dlc29_sc_nag_undead_legions,Host of Nagash,wh3_dlc29_nag_host_of_nagash,,Steel Anchor,wh2_dlc11_vampirecoast_ship_anchor_3,Anchor,wh2_dlc11_vampirecoast_ship_anchor,2,4,5000,1,0,false,,,,6,,,,,,false
warhammer_3,9.0,25507028,Undead Legions,undead_legions,wh3_dlc29_nag_undead_legions,wh3_dlc29_sc_nag_undead_legions,Host of Nagash,wh3_dlc29_nag_host_of_nagash,,City of Bronze,wh2_dlc15_special_ka_sabar_city_of_bronze_tmb,Ancient Foundries,wh2_dlc15_special_ka_sabar_city_of_bronze_tmb,0,2,4000,4,0,false,,,100,,,,,,,true
warhammer_3,9.0,25507028,Undead Legions,undead_legions,wh3_dlc29_nag_undead_legions,wh3_dlc29_sc_nag_undead_legions,Host of Nagash,wh3_dlc29_nag_host_of_nagash,,Rat Catchers,wh3_main_foreign_slot_endgame_1,Anti-Vermintide,wh3_main_foreign_slot_endgame,0,1,200,1,200,false,,,,,-2,,,,,false
warhammer_3,9.0,25507028,Undead Legions,undead_legions,wh3_dlc29_nag_undead_legions,wh3_dlc29_sc_nag_undead_legions,Host of Nagash,wh3_dlc29_nag_host_of_nagash,,Well-Placed Explosives,wh3_main_foreign_slot_endgame_2a,Anti-Vermintide,wh3_main_foreign_slot_endgame,1,2,500,1,0,false,,,,,,,,,,false
warhammer_3,9.0,25507028,Undead Legions,undead_legions,wh3_dlc29_nag_undead_legions,wh3_dlc29_sc_nag_undead_legions,Host of Nagash,wh3_dlc29_nag_host_of_nagash,,Raid the Under-City,wh3_main_foreign_slot_endgame_2b,Anti-Vermintide,wh3_main_foreign_slot_endgame,1,2,500,1,0,false,,,,,,,,,,false
warhammer_3,9.0,25507028,Undead Legions,undead_legions,wh3_dlc29_nag_undead_legions,wh3_dlc29_sc_nag_undead_legions,Host of Nagash,wh3_dlc29_nag_host_of_nagash,,Sewer Patrols,wh3_main_foreign_slot_endgame_2c,Anti-Vermintide,wh3_main_foreign_slot_endgame,1,2,500,2,500,false,,,,,-5,,,,,false
warhammer_3,9.0,25507028,Undead Legions,undead_legions,wh3_dlc29_nag_undead_legions,wh3_dlc29_sc_nag_undead_legions,Host of Nagash,wh3_dlc29_nag_host_of_nagash,,Cursed Balefire Flame,wh2_main_special_shrine_of_asuryan_1_vmp,Asuryan Worship,wh2_main_special_shrine_of_asuryan_vmp,0,1,2000,3,0,false,,,,,5,,,,,true
warhammer_3,9.0,25507028,Undead Legions,undead_legions,wh3_dlc29_nag_undead_legions,wh3_dlc29_sc_nag_undead_legions,Host of Nagash,wh3_dlc29_nag_host_of_nagash,,Unliving Statuary,wh3_dlc29_nag_necropolis_military_constructs_1,Binding Chambers,wh3_dlc29_nag_necropolis_military_constructs,0,2,0,2,0,false,,,,,,,,,,false
warhammer_3,9.0,25507028,Undead Legions,undead_legions,wh3_dlc29_nag_undead_legions,wh3_dlc29_sc_nag_undead_legions,Host of Nagash,wh3_dlc29_nag_host_of_nagash,,Vault of Reckoning,wh3_dlc29_nag_necropolis_military_constructs_2,Binding Chambers,wh3_dlc29_nag_necropolis_military_constructs,1,3,0,3,0,false,,,,,,,,,,false
warhammer_3,9.0,25507028,Undead Legions,undead_legions,wh3_dlc29_nag_undead_legions,wh3_dlc29_sc_nag_undead_legions,Host of Nagash,wh3_dlc29_nag_host_of_nagash,,Cavern of Hollow Predators,wh3_dlc29_nag_necropolis_military_constructs_3,Binding Chambers,wh3_dlc29_nag_necropolis_military_constructs,2,4,0,4,0,false,,,,,,,,,,false
warhammer_3,9.0,25507028,Undead Legions,undead_legions,wh3_dlc29_nag_undead_legions,wh3_dlc29_sc_nag_undead_legions,Host of Nagash,wh3_dlc29_nag_host_of_nagash,,Chamber of the Servant Gods,wh3_dlc29_nag_necropolis_military_constructs_4,Binding Chambers,wh3_dlc29_nag_necropolis_military_constructs,3,5,0,5,0,false,,,,,,,,,,false
warhammer_3,9.0,25507028,Undead Legions,undead_legions,wh3_dlc29_nag_undead_legions,wh3_dlc29_sc_nag_undead_legions,Host of Nagash,wh3_dlc29_nag_host_of_nagash,,Black Pyramid of Nagash (Dormant),wh3_dlc29_special_settlement_pyramid_of_nagash_nag_1,Black Pyramid of Nagash,wh3_dlc29_special_settlement_pyramid_of_nagash_nag,1,0,1000,3,0,false,,,100,,,,,,,true
warhammer_3,9.0,25507028,Undead Legions,undead_legions,wh3_dlc29_nag_undead_legions,wh3_dlc29_sc_nag_undead_legions,Host of Nagash,wh3_dlc29_nag_host_of_nagash,,Black Pyramid of Nagash (Awakened),wh3_dlc29_special_settlement_pyramid_of_nagash_nag_2,Black Pyramid of Nagash,wh3_dlc29_special_settlement_pyramid_of_nagash_nag,2,0,2000,4,0,false,,,175,,,,,,,true
warhammer_3,9.0,25507028,Undead Legions,undead_legions,wh3_dlc29_nag_undead_legions,wh3_dlc29_sc_nag_undead_legions,Host of Nagash,wh3_dlc29_nag_host_of_nagash,,Black Pyramid of Nagash (Roused),wh3_dlc29_special_settlement_pyramid_of_nagash_nag_3,Black Pyramid of Nagash,wh3_dlc29_special_settlement_pyramid_of_nagash_nag,3,0,3500,5,0,false,,,250,,,,,,,true
warhammer_3,9.0,25507028,Undead Legions,undead_legions,wh3_dlc29_nag_undead_legions,wh3_dlc29_sc_nag_undead_legions,Host of Nagash,wh3_dlc29_nag_host_of_nagash,,Black Pyramid of Nagash (Mighty),wh3_dlc29_special_settlement_pyramid_of_nagash_nag_4,Black Pyramid of Nagash,wh3_dlc29_special_settlement_pyramid_of_nagash_nag,4,0,5000,6,0,false,,,325,,,,,,,true
warhammer_3,9.0,25507028,Undead Legions,undead_legions,wh3_dlc29_nag_undead_legions,wh3_dlc29_sc_nag_undead_legions,Host of Nagash,wh3_dlc29_nag_host_of_nagash,,Black Pyramid of Nagash (Exalted),wh3_dlc29_special_settlement_pyramid_of_nagash_nag_5,Black Pyramid of Nagash,wh3_dlc29_special_settlement_pyramid_of_nagash_nag,5,0,10000,7,0,false,,,400,,,,,,,true
warhammer_3,9.0,25507028,Undead Legions,undead_legions,wh3_dlc29_nag_undead_legions,wh3_dlc29_sc_nag_undead_legions,Host of Nagash,wh3_dlc29_nag_host_of_nagash,,Chambers of the Risen,wh3_dlc29_nag_necropolis_corruption_1,Blighted Monument,wh3_dlc29_nag_necropolis_corruption,0,1,750,1,0,false,,,,,,,,,,false
warhammer_3,9.0,25507028,Undead Legions,undead_legions,wh3_dlc29_nag_undead_legions,wh3_dlc29_sc_nag_undead_legions,Host of Nagash,wh3_dlc29_nag_host_of_nagash,,Hallways of the Twice-risen,wh3_dlc29_nag_necropolis_corruption_2,Blighted Monument,wh3_dlc29_nag_necropolis_corruption,1,2,1500,2,0,false,,,,,,,,,,false
warhammer_3,9.0,25507028,Undead Legions,undead_legions,wh3_dlc29_nag_undead_legions,wh3_dlc29_sc_nag_undead_legions,Host of Nagash,wh3_dlc29_nag_host_of_nagash,,Wing of the Undying,wh3_dlc29_nag_necropolis_corruption_3,Blighted Monument,wh3_dlc29_nag_necropolis_corruption,2,3,3000,3,0,false,,,,,,,,,,false
warhammer_3,9.0,25507028,Undead Legions,undead_legions,wh3_dlc29_nag_undead_legions,wh3_dlc29_sc_nag_undead_legions,Host of Nagash,wh3_dlc29_nag_host_of_nagash,,Morceaux Valley Orchards,wh_main_special_bordeleaux_vineyards_1,Bordeleaux Winemaking,wh_main_special_bordeleaux_vineyards,0,1,2000,2,0,false,,,,,3,res_rom_wine,42,,,true
warhammer_3,9.0,25507028,Undead Legions,undead_legions,wh3_dlc29_nag_undead_legions,wh3_dlc29_sc_nag_undead_legions,Host of Nagash,wh3_dlc29_nag_host_of_nagash,,Morceaux Valley Vineyards,wh_main_special_bordeleaux_vineyards_2,Bordeleaux Winemaking,wh_main_special_bordeleaux_vineyards,1,2,4000,3,0,false,,,,,4,res_rom_wine,64,,,true
warhammer_3,9.0,25507028,Undead Legions,undead_legions,wh3_dlc29_nag_undead_legions,wh3_dlc29_sc_nag_undead_legions,Host of Nagash,wh3_dlc29_nag_host_of_nagash,,Morceaux Valley Vintners,wh_main_special_bordeleaux_vineyards_3,Bordeleaux Winemaking,wh_main_special_bordeleaux_vineyards,2,3,6000,4,0,false,,,,,5,res_rom_wine,96,,,true
warhammer_3,9.0,25507028,Undead Legions,undead_legions,wh3_dlc29_nag_undead_legions,wh3_dlc29_sc_nag_undead_legions,Host of Nagash,wh3_dlc29_nag_host_of_nagash,,Bordeleaux Wine Market,wh_main_special_bordeleaux_vineyards_4,Bordeleaux Winemaking,wh_main_special_bordeleaux_vineyards,3,4,8000,5,0,false,,,,,8,res_rom_wine,144,,,true
warhammer_3,9.0,25507028,Undead Legions,undead_legions,wh3_dlc29_nag_undead_legions,wh3_dlc29_sc_nag_undead_legions,Host of Nagash,wh3_dlc29_nag_host_of_nagash,,Valley of Open Tombs,wh3_dlc29_nag_settlement_chambers_1,Burial Chambers,wh3_dlc29_nag_settlement_chambers,1,0,1000,1,0,false,,,50,,,,,,,false
warhammer_3,9.0,25507028,Undead Legions,undead_legions,wh3_dlc29_nag_undead_legions,wh3_dlc29_sc_nag_undead_legions,Host of Nagash,wh3_dlc29_nag_host_of_nagash,,Bombards,wh2_dlc11_vampirecoast_ship_cannons_1,Cannons,wh2_dlc11_vampirecoast_ship_cannons,0,1,2000,1,0,false,,,,,,,,,,false
warhammer_3,9.0,25507028,Undead Legions,undead_legions,wh3_dlc29_nag_undead_legions,wh3_dlc29_sc_nag_undead_legions,Host of Nagash,wh3_dlc29_nag_host_of_nagash,,Carronades,wh2_dlc11_vampirecoast_ship_cannons_2,Cannons,wh2_dlc11_vampirecoast_ship_cannons,1,2,2500,1,0,false,,,,,,,,,,false
warhammer_3,9.0,25507028,Undead Legions,undead_legions,wh3_dlc29_nag_undead_legions,wh3_dlc29_sc_nag_undead_legions,Host of Nagash,wh3_dlc29_nag_host_of_nagash,,Cannons,wh2_dlc11_vampirecoast_ship_cannons_3,Cannons,wh2_dlc11_vampirecoast_ship_cannons,2,3,4000,1,0,false,,,,,,,,,,false
warhammer_3,9.0,25507028,Undead Legions,undead_legions,wh3_dlc29_nag_undead_legions,wh3_dlc29_sc_nag_undead_legions,Host of Nagash,wh3_dlc29_nag_host_of_nagash,,General Cabin,wh2_dlc11_vampirecoast_ship_captains_cabin_1,Captain's Cabin,wh2_dlc11_vampirecoast_ship_captains_cabin,0,0,1200,1,0,false,,,,10,,,,,,false
warhammer_3,9.0,25507028,Undead Legions,undead_legions,wh3_dlc29_nag_undead_legions,wh3_dlc29_sc_nag_undead_legions,Host of Nagash,wh3_dlc29_nag_host_of_nagash,,Officers' Cabin,wh2_dlc11_vampirecoast_ship_captains_cabin_2,Captain's Cabin,wh2_dlc11_vampirecoast_ship_captains_cabin,1,0,2500,1,0,false,,,,10,,,,,-5,false
warhammer_3,9.0,25507028,Undead Legions,undead_legions,wh3_dlc29_nag_undead_legions,wh3_dlc29_sc_nag_undead_legions,Host of Nagash,wh3_dlc29_nag_host_of_nagash,,Captain's Cabin,wh2_dlc11_vampirecoast_ship_captains_cabin_3,Captain's Cabin,wh2_dlc11_vampirecoast_ship_captains_cabin,2,0,5000,1,0,false,,,,10,,,,,-10,false
warhammer_3,9.0,25507028,Undead Legions,undead_legions,wh3_dlc29_nag_undead_legions,wh3_dlc29_sc_nag_undead_legions,Host of Nagash,wh3_dlc29_nag_host_of_nagash,,Sea Cabin,wh2_dlc11_vampirecoast_ship_captains_cabin_4,Captain's Cabin,wh2_dlc11_vampirecoast_ship_captains_cabin,3,0,10000,1,0,false,,,,10,,,,,-15,false
warhammer_3,9.0,25507028,Undead Legions,undead_legions,wh3_dlc29_nag_undead_legions,wh3_dlc29_sc_nag_undead_legions,Host of Nagash,wh3_dlc29_nag_host_of_nagash,,Great Cabin,wh2_dlc11_vampirecoast_ship_captains_cabin_5,Captain's Cabin,wh2_dlc11_vampirecoast_ship_captains_cabin,4,0,20000,1,0,false,,,,10,,,,,-20,false
warhammer_3,9.0,25507028,Undead Legions,undead_legions,wh3_dlc29_nag_undead_legions,wh3_dlc29_sc_nag_undead_legions,Host of Nagash,wh3_dlc29_nag_host_of_nagash,,Statuary of Nagash,wh3_dlc29_nag_chambers_constructs_1,Constructs,wh3_dlc29_nag_chambers_military_constructs,0,1,0,1,0,false,,,,,,,,,,false
warhammer_3,9.0,25507028,Undead Legions,undead_legions,wh3_dlc29_nag_undead_legions,wh3_dlc29_sc_nag_undead_legions,Host of Nagash,wh3_dlc29_nag_host_of_nagash,,Warrior Forges,wh3_dlc29_nag_necropolis_military_melee_1,Cursed Blacksmith,wh3_dlc29_nag_necropolis_military_melee,0,1,0,1,0,false,,,,,,,,,,false
warhammer_3,9.0,25507028,Undead Legions,undead_legions,wh3_dlc29_nag_undead_legions,wh3_dlc29_sc_nag_undead_legions,Host of Nagash,wh3_dlc29_nag_host_of_nagash,,Tombs of Vigilance,wh3_dlc29_nag_necropolis_military_melee_2,Cursed Blacksmith,wh3_dlc29_nag_necropolis_military_melee,1,2,0,2,0,false,,,,,,,,,,false
warhammer_3,9.0,25507028,Undead Legions,undead_legions,wh3_dlc29_nag_undead_legions,wh3_dlc29_sc_nag_undead_legions,Host of Nagash,wh3_dlc29_nag_host_of_nagash,,Galleries of Observance,wh3_dlc29_nag_necropolis_military_melee_3,Cursed Blacksmith,wh3_dlc29_nag_necropolis_military_melee,2,3,0,3,0,false,,,,,,,,,,false
warhammer_3,9.0,25507028,Undead Legions,undead_legions,wh3_dlc29_nag_undead_legions,wh3_dlc29_sc_nag_undead_legions,Host of Nagash,wh3_dlc29_nag_host_of_nagash,,Mausoleum of First Mates,wh3_dlc29_nag_necropolis_military_melee_4,Cursed Blacksmith,wh3_dlc29_nag_necropolis_military_melee,3,4,0,4,0,false,,,,,,,,,,false
warhammer_3,9.0,25507028,Undead Legions,undead_legions,wh3_dlc29_nag_undead_legions,wh3_dlc29_sc_nag_undead_legions,Host of Nagash,wh3_dlc29_nag_host_of_nagash,,Lahmian Halls,wh3_dlc29_nag_necropolis_military_melee_5,Cursed Blacksmith,wh3_dlc29_nag_necropolis_military_melee,4,5,0,5,0,false,,,,,,,,,,false
warhammer_3,9.0,25507028,Undead Legions,undead_legions,wh3_dlc29_nag_undead_legions,wh3_dlc29_sc_nag_undead_legions,Host of Nagash,wh3_dlc29_nag_host_of_nagash,,Tower of the Bloodytooth,wh2_dlc15_special_fortress_of_vorag_tower_of_the_bloodytooth_vmp,Cursed Ruins,wh2_dlc15_special_fortress_of_vorag_tower_of_the_bloodytooth_vmp,0,3,6000,4,0,false,,,300,,,,,,,true
warhammer_3,9.0,25507028,Undead Legions,undead_legions,wh3_dlc29_nag_undead_legions,wh3_dlc29_sc_nag_undead_legions,Host of Nagash,wh3_dlc29_nag_host_of_nagash,,The Place of Endings,wh3_dlc29_nag_necropolis_dark_magic_1,Dark Ritual Site,wh3_dlc29_nag_necropolis_dark_magic,0,1,1000,1,0,false,,,150,,,,,,,false
warhammer_3,9.0,25507028,Undead Legions,undead_legions,wh3_dlc29_nag_undead_legions,wh3_dlc29_sc_nag_undead_legions,Host of Nagash,wh3_dlc29_nag_host_of_nagash,,Leeching Obelisks,wh3_dlc29_nag_necropolis_dark_magic_2,Dark Ritual Site,wh3_dlc29_nag_necropolis_dark_magic,1,2,1750,2,0,false,,,250,,,,,,,false
warhammer_3,9.0,25507028,Undead Legions,undead_legions,wh3_dlc29_nag_undead_legions,wh3_dlc29_sc_nag_undead_legions,Host of Nagash,wh3_dlc29_nag_host_of_nagash,,Walls of Eternity,wh3_dlc29_nag_necropolis_dark_magic_3,Dark Ritual Site,wh3_dlc29_nag_necropolis_dark_magic,2,3,2500,3,0,false,,,350,,,,,,,false
warhammer_3,9.0,25507028,Undead Legions,undead_legions,wh3_dlc29_nag_undead_legions,wh3_dlc29_sc_nag_undead_legions,Host of Nagash,wh3_dlc29_nag_host_of_nagash,,Vistas of Desolation,wh3_dlc29_nag_necropolis_dark_magic_4,Dark Ritual Site,wh3_dlc29_nag_necropolis_dark_magic,3,4,3250,4,0,false,,,450,,,,,,,false
warhammer_3,9.0,25507028,Undead Legions,undead_legions,wh3_dlc29_nag_undead_legions,wh3_dlc29_sc_nag_undead_legions,Host of Nagash,wh3_dlc29_nag_host_of_nagash,,Currents of Emptiness,wh3_dlc29_nag_necropolis_dark_magic_5,Dark Ritual Site,wh3_dlc29_nag_necropolis_dark_magic,4,5,4000,5,0,false,,,550,,,,,,,false
warhammer_3,9.0,25507028,Undead Legions,undead_legions,wh3_dlc29_nag_undead_legions,wh3_dlc29_sc_nag_undead_legions,Host of Nagash,wh3_dlc29_nag_host_of_nagash,,Dilapidated Court Hall,wh2_main_special_drakenhof_court_1,Drakenhof Landmark,wh2_main_special_drakenhof_court,0,2,3000,3,0,false,,,,,,,,,,true
warhammer_3,9.0,25507028,Undead Legions,undead_legions,wh3_dlc29_nag_undead_legions,wh3_dlc29_sc_nag_undead_legions,Host of Nagash,wh3_dlc29_nag_host_of_nagash,,Von Carstein Court Hall,wh2_main_special_drakenhof_court_2,Drakenhof Landmark,wh2_main_special_drakenhof_court,1,5,8000,6,0,false,,,,,,,,,,true
warhammer_3,9.0,25507028,Undead Legions,undead_legions,wh3_dlc29_nag_undead_legions,wh3_dlc29_sc_nag_undead_legions,Host of Nagash,wh3_dlc29_nag_host_of_nagash,,Stolen Flame of Ulric,wh3_dlc29_stolen_flame_of_ulric,Flame of Ulric,wh3_dlc29_stolen_flame_of_ulric,0,3,10000,4,0,false,,,500,,,,,,,false
warhammer_3,9.0,25507028,Undead Legions,undead_legions,wh3_dlc29_nag_undead_legions,wh3_dlc29_sc_nag_undead_legions,Host of Nagash,wh3_dlc29_nag_host_of_nagash,,Flayed Tower,wh3_dlc23_special_flayed_rock_flayed_tower_vmp,Flayed Rock Landmark,wh3_dlc23_special_flayed_rock_flayed_tower_vmp,0,3,6000,4,0,false,,,,,,,,,,true
warhammer_3,9.0,25507028,Undead Legions,undead_legions,wh3_dlc29_nag_undead_legions,wh3_dlc29_sc_nag_undead_legions,Host of Nagash,wh3_dlc29_nag_host_of_nagash,,Outpost Garrison,wh2_main_vmp_defence_norsca_1,Garrison,wh2_main_vmp_defence_norsca,0,2,2000,2,0,false,,,,,,,,,,false
warhammer_3,9.0,25507028,Undead Legions,undead_legions,wh3_dlc29_nag_undead_legions,wh3_dlc29_sc_nag_undead_legions,Host of Nagash,wh3_dlc29_nag_host_of_nagash,,Holes in the Side,wh2_dlc11_vampirecoast_ship_gunports_1,Gunports,wh2_dlc11_vampirecoast_ship_gunports,0,0,1000,1,0,false,,,,,,,,,,false
warhammer_3,9.0,25507028,Undead Legions,undead_legions,wh3_dlc29_nag_undead_legions,wh3_dlc29_sc_nag_undead_legions,Host of Nagash,wh3_dlc29_nag_host_of_nagash,,Portholes,wh2_dlc11_vampirecoast_ship_gunports_2,Gunports,wh2_dlc11_vampirecoast_ship_gunports,1,1,2000,1,0,false,,,,,,,,,,false
warhammer_3,9.0,25507028,Undead Legions,undead_legions,wh3_dlc29_nag_undead_legions,wh3_dlc29_sc_nag_undead_legions,Host of Nagash,wh3_dlc29_nag_host_of_nagash,,Gunports,wh2_dlc11_vampirecoast_ship_gunports_3,Gunports,wh2_dlc11_vampirecoast_ship_gunports,2,2,3000,1,0,false,,,,,,,,,,false
warhammer_3,9.0,25507028,Undead Legions,undead_legions,wh3_dlc29_nag_undead_legions,wh3_dlc29_sc_nag_undead_legions,Host of Nagash,wh3_dlc29_nag_host_of_nagash,,Shuttered Gunports,wh2_dlc11_vampirecoast_ship_gunports_4,Gunports,wh2_dlc11_vampirecoast_ship_gunports,3,3,5000,1,0,false,,,,,,,,,,false
warhammer_3,9.0,25507028,Undead Legions,undead_legions,wh3_dlc29_nag_undead_legions,wh3_dlc29_sc_nag_undead_legions,Host of Nagash,wh3_dlc29_nag_host_of_nagash,,Tiller,wh2_dlc11_vampirecoast_ship_helm_1,Helm,wh2_dlc11_vampirecoast_ship_helm,0,0,1000,1,0,false,,,,,,,,,-5,false
warhammer_3,9.0,25507028,Undead Legions,undead_legions,wh3_dlc29_nag_undead_legions,wh3_dlc29_sc_nag_undead_legions,Host of Nagash,wh3_dlc29_nag_host_of_nagash,,Whipstaff,wh2_dlc11_vampirecoast_ship_helm_2,Helm,wh2_dlc11_vampirecoast_ship_helm,1,2,3000,1,0,false,,,,,,,,,-10,false
warhammer_3,9.0,25507028,Undead Legions,undead_legions,wh3_dlc29_nag_undead_legions,wh3_dlc29_sc_nag_undead_legions,Host of Nagash,wh3_dlc29_nag_host_of_nagash,,Ship's Wheel,wh2_dlc11_vampirecoast_ship_helm_3,Helm,wh2_dlc11_vampirecoast_ship_helm,2,4,10000,1,0,false,,,,,,,,,-15,false
warhammer_3,9.0,25507028,Undead Legions,undead_legions,wh3_dlc29_nag_undead_legions,wh3_dlc29_sc_nag_undead_legions,Host of Nagash,wh3_dlc29_nag_host_of_nagash,,Glittering Halls,wh3_main_special_silver_pinnacle_tomb_1,Hieroglyphics,wh3_main_special_silver_pinnacle_tomb,0,1,1500,2,0,false,,,,,,res_gems,20,,,true
warhammer_3,9.0,25507028,Undead Legions,undead_legions,wh3_dlc29_nag_undead_legions,wh3_dlc29_sc_nag_undead_legions,Host of Nagash,wh3_dlc29_nag_host_of_nagash,,Opulent Chambers,wh3_main_special_silver_pinnacle_tomb_2,Hieroglyphics,wh3_main_special_silver_pinnacle_tomb,1,2,2500,3,0,false,,,,,,res_gems,40,,,true
warhammer_3,9.0,25507028,Undead Legions,undead_legions,wh3_dlc29_nag_undead_legions,wh3_dlc29_sc_nag_undead_legions,Host of Nagash,wh3_dlc29_nag_host_of_nagash,,Ship's Hold,wh2_dlc11_vampirecoast_ship_hold_1,Hold,wh2_dlc11_vampirecoast_ship_hold,0,1,2000,1,0,false,,,,,,,,,,false
warhammer_3,9.0,25507028,Undead Legions,undead_legions,wh3_dlc29_nag_undead_legions,wh3_dlc29_sc_nag_undead_legions,Host of Nagash,wh3_dlc29_nag_host_of_nagash,,Cargo Hold,wh2_dlc11_vampirecoast_ship_hold_2,Hold,wh2_dlc11_vampirecoast_ship_hold,1,2,3000,1,0,false,,,,,,,,,,false
warhammer_3,9.0,25507028,Undead Legions,undead_legions,wh3_dlc29_nag_undead_legions,wh3_dlc29_sc_nag_undead_legions,Host of Nagash,wh3_dlc29_nag_host_of_nagash,,Bulk Cargo Hold,wh2_dlc11_vampirecoast_ship_hold_3,Hold,wh2_dlc11_vampirecoast_ship_hold,2,4,10000,1,0,false,,,,,,,,,,false
warhammer_3,9.0,25507028,Undead Legions,undead_legions,wh3_dlc29_nag_undead_legions,wh3_dlc29_sc_nag_undead_legions,Host of Nagash,wh3_dlc29_nag_host_of_nagash,,Basic Wooden Hull,wh2_dlc11_vampirecoast_ship_hull_1,Hull,wh2_dlc11_vampirecoast_ship_hull,0,0,1000,1,0,false,,,,,,,,,,false
warhammer_3,9.0,25507028,Undead Legions,undead_legions,wh3_dlc29_nag_undead_legions,wh3_dlc29_sc_nag_undead_legions,Host of Nagash,wh3_dlc29_nag_host_of_nagash,,Wooden Hull with Keel,wh2_dlc11_vampirecoast_ship_hull_2,Hull,wh2_dlc11_vampirecoast_ship_hull,1,2,3000,1,0,false,,,,,,,,,,false
warhammer_3,9.0,25507028,Undead Legions,undead_legions,wh3_dlc29_nag_undead_legions,wh3_dlc29_sc_nag_undead_legions,Host of Nagash,wh3_dlc29_nag_host_of_nagash,,Composite Hull,wh2_dlc11_vampirecoast_ship_hull_3,Hull,wh2_dlc11_vampirecoast_ship_hull,2,4,10000,1,0,false,,,,,,,,,,false
warhammer_3,9.0,25507028,Undead Legions,undead_legions,wh3_dlc29_nag_undead_legions,wh3_dlc29_sc_nag_undead_legions,Host of Nagash,wh3_dlc29_nag_host_of_nagash,,Petrified Grove,wh3_dlc29_nag_necropolis_military_monsters_1,Infernal Pits,wh3_dlc29_nag_necropolis_military_monsters,0,1,0,1,0,false,,,,,,,,,,false
warhammer_3,9.0,25507028,Undead Legions,undead_legions,wh3_dlc29_nag_undead_legions,wh3_dlc29_sc_nag_undead_legions,Host of Nagash,wh3_dlc29_nag_host_of_nagash,,Abyssal Pits,wh3_dlc29_nag_necropolis_military_monsters_2,Infernal Pits,wh3_dlc29_nag_necropolis_military_monsters,1,2,0,2,0,false,,,,,,,,,,false
warhammer_3,9.0,25507028,Undead Legions,undead_legions,wh3_dlc29_nag_undead_legions,wh3_dlc29_sc_nag_undead_legions,Host of Nagash,wh3_dlc29_nag_host_of_nagash,,Heights of Disunion,wh3_dlc29_nag_necropolis_military_monsters_3,Infernal Pits,wh3_dlc29_nag_necropolis_military_monsters,2,3,0,3,0,false,,,,,,,,,,false
warhammer_3,9.0,25507028,Undead Legions,undead_legions,wh3_dlc29_nag_undead_legions,wh3_dlc29_sc_nag_undead_legions,Host of Nagash,wh3_dlc29_nag_host_of_nagash,,Gorge of Fallen Grace,wh3_dlc29_nag_necropolis_military_monsters_4,Infernal Pits,wh3_dlc29_nag_necropolis_military_monsters,3,4,0,4,0,false,,,,,,,,,,false
warhammer_3,9.0,25507028,Undead Legions,undead_legions,wh3_dlc29_nag_undead_legions,wh3_dlc29_sc_nag_undead_legions,Host of Nagash,wh3_dlc29_nag_host_of_nagash,,Caverns of Nature's Surrender,wh3_dlc29_nag_necropolis_military_monsters_5,Infernal Pits,wh3_dlc29_nag_necropolis_military_monsters,4,5,0,5,0,false,,,,,,,,,,false
warhammer_3,9.0,25507028,Undead Legions,undead_legions,wh3_dlc29_nag_undead_legions,wh3_dlc29_sc_nag_undead_legions,Host of Nagash,wh3_dlc29_nag_host_of_nagash,,{{tr:building_culture_variants_name_wh_main_vmp_resource_iron_1}},wh3_dlc29_nag_resource_iron_1,Iron Mining,wh3_dlc29_nag_resource_iron,0,1,1750,2,0,false,,,,,,,,,,false
warhammer_3,9.0,25507028,Undead Legions,undead_legions,wh3_dlc29_nag_undead_legions,wh3_dlc29_sc_nag_undead_legions,Host of Nagash,wh3_dlc29_nag_host_of_nagash,,Bokha Palace,wh_main_special_bokha_palace,Kislev Palace,wh_main_special_bokha_palace,0,5,10000,6,0,false,,,,,10,,,,,true
warhammer_3,9.0,25507028,Undead Legions,undead_legions,wh3_dlc29_nag_undead_legions,wh3_dlc29_sc_nag_undead_legions,Host of Nagash,wh3_dlc29_nag_host_of_nagash,,Peg Street Pawnshop,wh2_main_special_peg_street_pawnshop,Landmark,wh2_main_special_peg_street_pawnshop,0,2,4000,3,0,false,,,,,,,,,,true
warhammer_3,9.0,25507028,Undead Legions,undead_legions,wh3_dlc29_nag_undead_legions,wh3_dlc29_sc_nag_undead_legions,Host of Nagash,wh3_dlc29_nag_host_of_nagash,,Smithy's Tavern,wh2_main_special_smithys_tavern,Landmark,wh2_main_special_smithys_tavern,0,4,8000,3,0,false,,,300,,10,,,,,true
warhammer_3,9.0,25507028,Undead Legions,undead_legions,wh3_dlc29_nag_undead_legions,wh3_dlc29_sc_nag_undead_legions,Host of Nagash,wh3_dlc29_nag_host_of_nagash,,Ruined Ogham Stones,wh2_twa03_special_ogham_stones_1,Landmark,wh2_twa03_special_ogham_stones,0,1,2000,3,0,false,,,,,1,,,,,true
warhammer_3,9.0,25507028,Undead Legions,undead_legions,wh3_dlc29_nag_undead_legions,wh3_dlc29_sc_nag_undead_legions,Host of Nagash,wh3_dlc29_nag_host_of_nagash,,Occupied Celestial Palace,wh3_dlc24_special_celestial_palace_other,Landmark,wh3_dlc24_special_celestial_palace_other,0,5,10000,6,0,false,,,,,,,,,,true
warhammer_3,9.0,25507028,Undead Legions,undead_legions,wh3_dlc29_nag_undead_legions,wh3_dlc29_sc_nag_undead_legions,Host of Nagash,wh3_dlc29_nag_host_of_nagash,,Hall of Rebirth,wh3_dlc24_special_hall_of_of_rebirth,Landmark,wh3_dlc24_special_hall_of_of_rebirth,0,4,8000,4,0,false,,,,,,,,,,true
warhammer_3,9.0,25507028,Undead Legions,undead_legions,wh3_dlc29_nag_undead_legions,wh3_dlc29_sc_nag_undead_legions,Host of Nagash,wh3_dlc29_nag_host_of_nagash,,Pillar of Bone,wh3_dlc24_special_pillar_of_bone_other,Landmark,wh3_dlc24_special_pillar_of_bone_other,0,4,7500,5,0,false,,,200,,,,,,,true
warhammer_3,9.0,25507028,Undead Legions,undead_legions,wh3_dlc29_nag_undead_legions,wh3_dlc29_sc_nag_undead_legions,Host of Nagash,wh3_dlc29_nag_host_of_nagash,,Dragonbone Mound,wh3_main_special_dragon_grave_1,Landmark,wh3_main_special_dragon_grave_1,0,3,6000,4,0,false,,,,,,,,,,true
warhammer_3,9.0,25507028,Undead Legions,undead_legions,wh3_dlc29_nag_undead_legions,wh3_dlc29_sc_nag_undead_legions,Host of Nagash,wh3_dlc29_nag_host_of_nagash,,Hoardwail,wh3_main_special_dragon_grave_10,Landmark,wh3_main_special_dragon_grave_10,0,3,6000,4,0,false,,,,,,,,,,true
warhammer_3,9.0,25507028,Undead Legions,undead_legions,wh3_dlc29_nag_undead_legions,wh3_dlc29_sc_nag_undead_legions,Host of Nagash,wh3_dlc29_nag_host_of_nagash,,{{tr:building_culture_variants_name_wh3_main_special_dragon_grave_10}},wh3_main_special_dragon_grave_11,Landmark,wh3_main_special_dragon_grave_11,0,3,6000,4,0,false,,,,,,,,,,true
warhammer_3,9.0,25507028,Undead Legions,undead_legions,wh3_dlc29_nag_undead_legions,wh3_dlc29_sc_nag_undead_legions,Host of Nagash,wh3_dlc29_nag_host_of_nagash,,{{tr:building_culture_variants_name_wh3_main_special_dragon_grave_10}},wh3_main_special_dragon_grave_12,Landmark,wh3_main_special_dragon_grave_12,0,3,6000,4,0,false,,,,,,,,,,true
warhammer_3,9.0,25507028,Undead Legions,undead_legions,wh3_dlc29_nag_undead_legions,wh3_dlc29_sc_nag_undead_legions,Host of Nagash,wh3_dlc29_nag_host_of_nagash,,The Flayed Wyrmfield,wh3_main_special_dragon_grave_13,Landmark,wh3_main_special_dragon_grave_13,0,3,6000,4,0,false,,,,,,,,,,true
warhammer_3,9.0,25507028,Undead Legions,undead_legions,wh3_dlc29_nag_undead_legions,wh3_dlc29_sc_nag_undead_legions,Host of Nagash,wh3_dlc29_nag_host_of_nagash,,{{tr:building_culture_variants_name_wh3_main_special_dragon_grave_13}},wh3_main_special_dragon_grave_14,Landmark,wh3_main_special_dragon_grave_14,0,3,6000,4,0,false,,,,,,,,,,true
warhammer_3,9.0,25507028,Undead Legions,undead_legions,wh3_dlc29_nag_undead_legions,wh3_dlc29_sc_nag_undead_legions,Host of Nagash,wh3_dlc29_nag_host_of_nagash,,{{tr:building_culture_variants_name_wh3_main_special_dragon_grave_13}},wh3_main_special_dragon_grave_15,Landmark,wh3_main_special_dragon_grave_15,0,3,6000,4,0,false,,,,,,,,,,true
warhammer_3,9.0,25507028,Undead Legions,undead_legions,wh3_dlc29_nag_undead_legions,wh3_dlc29_sc_nag_undead_legions,Host of Nagash,wh3_dlc29_nag_host_of_nagash,,Dawnlit Barrows,wh3_main_special_dragon_grave_16,Landmark,wh3_main_special_dragon_grave_16,0,3,6000,4,0,false,,,,,,,,,,true
warhammer_3,9.0,25507028,Undead Legions,undead_legions,wh3_dlc29_nag_undead_legions,wh3_dlc29_sc_nag_undead_legions,Host of Nagash,wh3_dlc29_nag_host_of_nagash,,{{tr:building_culture_variants_name_wh3_main_special_dragon_grave_16}},wh3_main_special_dragon_grave_17,Landmark,wh3_main_special_dragon_grave_17,0,3,6000,4,0,false,,,,,,,,,,true
warhammer_3,9.0,25507028,Undead Legions,undead_legions,wh3_dlc29_nag_undead_legions,wh3_dlc29_sc_nag_undead_legions,Host of Nagash,wh3_dlc29_nag_host_of_nagash,,{{tr:building_culture_variants_name_wh3_main_special_dragon_grave_16}},wh3_main_special_dragon_grave_18,Landmark,wh3_main_special_dragon_grave_18,0,3,6000,4,0,false,,,,,,,,,,true
warhammer_3,9.0,25507028,Undead Legions,undead_legions,wh3_dlc29_nag_undead_legions,wh3_dlc29_sc_nag_undead_legions,Host of Nagash,wh3_dlc29_nag_host_of_nagash,,{{tr:building_culture_variants_name_wh3_main_special_dragon_grave_1}},wh3_main_special_dragon_grave_2,Landmark,wh3_main_special_dragon_grave_2,0,3,6000,4,0,false,,,,,,,,,,true
warhammer_3,9.0,25507028,Undead Legions,undead_legions,wh3_dlc29_nag_undead_legions,wh3_dlc29_sc_nag_undead_legions,Host of Nagash,wh3_dlc29_nag_host_of_nagash,,{{tr:building_culture_variants_name_wh3_main_special_dragon_grave_1}},wh3_main_special_dragon_grave_3,Landmark,wh3_main_special_dragon_grave_3,0,3,6000,4,0,false,,,,,,,,,,true
warhammer_3,9.0,25507028,Undead Legions,undead_legions,wh3_dlc29_nag_undead_legions,wh3_dlc29_sc_nag_undead_legions,Host of Nagash,wh3_dlc29_nag_host_of_nagash,,Bones Beneath the Bad Moon,wh3_main_special_dragon_grave_4,Landmark,wh3_main_special_dragon_grave_4,0,3,6000,4,0,false,,,,,,,,,,true
warhammer_3,9.0,25507028,Undead Legions,undead_legions,wh3_dlc29_nag_undead_legions,wh3_dlc29_sc_nag_undead_legions,Host of Nagash,wh3_dlc29_nag_host_of_nagash,,{{tr:building_culture_variants_name_wh3_main_special_dragon_grave_4}},wh3_main_special_dragon_grave_5,Landmark,wh3_main_special_dragon_grave_5,0,3,6000,4,0,false,,,,,,,,,,true
warhammer_3,9.0,25507028,Undead Legions,undead_legions,wh3_dlc29_nag_undead_legions,wh3_dlc29_sc_nag_undead_legions,Host of Nagash,wh3_dlc29_nag_host_of_nagash,,{{tr:building_culture_variants_name_wh3_main_special_dragon_grave_4}},wh3_main_special_dragon_grave_6,Landmark,wh3_main_special_dragon_grave_6,0,3,6000,4,0,false,,,,,,,,,,true
warhammer_3,9.0,25507028,Undead Legions,undead_legions,wh3_dlc29_nag_undead_legions,wh3_dlc29_sc_nag_undead_legions,Host of Nagash,wh3_dlc29_nag_host_of_nagash,,Hoarfrost Ossuary,wh3_main_special_dragon_grave_7,Landmark,wh3_main_special_dragon_grave_7,0,3,6000,4,0,false,,,,,,,,,,true
warhammer_3,9.0,25507028,Undead Legions,undead_legions,wh3_dlc29_nag_undead_legions,wh3_dlc29_sc_nag_undead_legions,Host of Nagash,wh3_dlc29_nag_host_of_nagash,,{{tr:building_culture_variants_name_wh3_main_special_dragon_grave_7}},wh3_main_special_dragon_grave_8,Landmark,wh3_main_special_dragon_grave_8,0,3,6000,4,0,false,,,,,,,,,,true
warhammer_3,9.0,25507028,Undead Legions,undead_legions,wh3_dlc29_nag_undead_legions,wh3_dlc29_sc_nag_undead_legions,Host of Nagash,wh3_dlc29_nag_host_of_nagash,,{{tr:building_culture_variants_name_wh3_main_special_dragon_grave_7}},wh3_main_special_dragon_grave_9,Landmark,wh3_main_special_dragon_grave_9,0,3,6000,4,0,false,,,,,,,,,,true
warhammer_3,9.0,25507028,Undead Legions,undead_legions,wh3_dlc29_nag_undead_legions,wh3_dlc29_sc_nag_undead_legions,Host of Nagash,wh3_dlc29_nag_host_of_nagash,,Ogham Stones,wh2_twa03_special_ogham_stones_2,Landmark,wh2_twa03_special_ogham_stones,1,3,6000,4,0,false,,,,,2,,,,,true
warhammer_3,9.0,25507028,Undead Legions,undead_legions,wh3_dlc29_nag_undead_legions,wh3_dlc29_sc_nag_undead_legions,Host of Nagash,wh3_dlc29_nag_host_of_nagash,,Empowered Ogham Stones,wh2_twa03_special_ogham_stones_3,Landmark,wh2_twa03_special_ogham_stones,2,5,10000,5,0,false,,,,,9,,,,,true
warhammer_3,9.0,25507028,Undead Legions,undead_legions,wh3_dlc29_nag_undead_legions,wh3_dlc29_sc_nag_undead_legions,Host of Nagash,wh3_dlc29_nag_host_of_nagash,,Whistling Ranges,wh3_dlc29_nag_necropolis_military_ranged_1,Lightless Ranges,wh3_dlc29_nag_necropolis_military_ranged,0,1,0,1,0,false,,,,,,,,,,false
warhammer_3,9.0,25507028,Undead Legions,undead_legions,wh3_dlc29_nag_undead_legions,wh3_dlc29_sc_nag_undead_legions,Host of Nagash,wh3_dlc29_nag_host_of_nagash,,Shrieking Ranges,wh3_dlc29_nag_necropolis_military_ranged_2,Lightless Ranges,wh3_dlc29_nag_necropolis_military_ranged,1,2,0,2,0,false,,,,,,,,,,false
warhammer_3,9.0,25507028,Undead Legions,undead_legions,wh3_dlc29_nag_undead_legions,wh3_dlc29_sc_nag_undead_legions,Host of Nagash,wh3_dlc29_nag_host_of_nagash,,Booming Ranges,wh3_dlc29_nag_necropolis_military_ranged_3,Lightless Ranges,wh3_dlc29_nag_necropolis_military_ranged,2,3,0,3,0,false,,,,,,,,,,false
warhammer_3,9.0,25507028,Undead Legions,undead_legions,wh3_dlc29_nag_undead_legions,wh3_dlc29_sc_nag_undead_legions,Host of Nagash,wh3_dlc29_nag_host_of_nagash,,Sunken Ranges,wh3_dlc29_nag_necropolis_military_ranged_4,Lightless Ranges,wh3_dlc29_nag_necropolis_military_ranged,3,4,0,4,0,false,,,,,,,,,,false
warhammer_3,9.0,25507028,Undead Legions,undead_legions,wh3_dlc29_nag_undead_legions,wh3_dlc29_sc_nag_undead_legions,Host of Nagash,wh3_dlc29_nag_host_of_nagash,,Straits of Lothern,wh2_main_special_lothern_port_other_1,Lothern Port,wh2_main_special_lothern_port_other,1,1,2000,2,0,false,,,200,,,,,,,true
warhammer_3,9.0,25507028,Undead Legions,undead_legions,wh3_dlc29_nag_undead_legions,wh3_dlc29_sc_nag_undead_legions,Host of Nagash,wh3_dlc29_nag_host_of_nagash,,Harbour of Lothern,wh2_main_special_lothern_port_other_2,Lothern Port,wh2_main_special_lothern_port_other,2,3,6000,4,0,false,,,400,,,,,,,true
warhammer_3,9.0,25507028,Undead Legions,undead_legions,wh3_dlc29_nag_undead_legions,wh3_dlc29_sc_nag_undead_legions,Host of Nagash,wh3_dlc29_nag_host_of_nagash,,Gates of Lothern,wh2_main_special_lothern_port_other_3,Lothern Port,wh2_main_special_lothern_port_other,3,5,10000,6,0,false,,,800,,,,,,,true
warhammer_3,9.0,25507028,Undead Legions,undead_legions,wh3_dlc29_nag_undead_legions,wh3_dlc29_sc_nag_undead_legions,Host of Nagash,wh3_dlc29_nag_host_of_nagash,,Topgallant Royal,wh2_dlc11_vampirecoast_ship_sail_1,Main Sail,wh2_dlc11_vampirecoast_ship_sail,0,0,1000,1,0,false,,,,,,,,,,false
warhammer_3,9.0,25507028,Undead Legions,undead_legions,wh3_dlc29_nag_undead_legions,wh3_dlc29_sc_nag_undead_legions,Host of Nagash,wh3_dlc29_nag_host_of_nagash,,Skysail,wh2_dlc11_vampirecoast_ship_sail_2,Main Sail,wh2_dlc11_vampirecoast_ship_sail,1,2,3000,1,0,false,,,,,,,,,,false
warhammer_3,9.0,25507028,Undead Legions,undead_legions,wh3_dlc29_nag_undead_legions,wh3_dlc29_sc_nag_undead_legions,Host of Nagash,wh3_dlc29_nag_host_of_nagash,,Moonraker,wh2_dlc11_vampirecoast_ship_sail_3,Main Sail,wh2_dlc11_vampirecoast_ship_sail,2,4,10000,1,0,false,,,,,,,,,,false
warhammer_3,9.0,25507028,Undead Legions,undead_legions,wh3_dlc29_nag_undead_legions,wh3_dlc29_sc_nag_undead_legions,Host of Nagash,wh3_dlc29_nag_host_of_nagash,,Marble Vein,wh3_dlc29_nag_resource_marble_1,Marble Quarry,wh3_dlc29_nag_resource_marble,0,1,1750,2,0,false,,,,,,,,,,false
warhammer_3,9.0,25507028,Undead Legions,undead_legions,wh3_dlc29_nag_undead_legions,wh3_dlc29_sc_nag_undead_legions,Host of Nagash,wh3_dlc29_nag_host_of_nagash,,Vampiric Enclave,wh3_dlc29_nag_settlement_mausoleum_1,Mausoleum,wh3_dlc29_nag_settlement_mausoleum,1,0,1000,1,0,false,,,50,,,,,,,false
warhammer_3,9.0,25507028,Undead Legions,undead_legions,wh3_dlc29_nag_undead_legions,wh3_dlc29_sc_nag_undead_legions,Host of Nagash,wh3_dlc29_nag_host_of_nagash,,Nagashizzar (Quiescent),wh3_dlc29_special_settlement_nagashizzar_nag_1,Nagashizzar,wh3_dlc29_special_settlement_nagashizzar_nag,1,0,1000,3,0,false,,,100,,,,,,,true
warhammer_3,9.0,25507028,Undead Legions,undead_legions,wh3_dlc29_nag_undead_legions,wh3_dlc29_sc_nag_undead_legions,Host of Nagash,wh3_dlc29_nag_host_of_nagash,,Nagashizzar (Secure),wh3_dlc29_special_settlement_nagashizzar_nag_2,Nagashizzar,wh3_dlc29_special_settlement_nagashizzar_nag,2,0,2000,4,0,false,,,175,,,,,,,true
warhammer_3,9.0,25507028,Undead Legions,undead_legions,wh3_dlc29_nag_undead_legions,wh3_dlc29_sc_nag_undead_legions,Host of Nagash,wh3_dlc29_nag_host_of_nagash,,Nagashizzar (Growing),wh3_dlc29_special_settlement_nagashizzar_nag_3,Nagashizzar,wh3_dlc29_special_settlement_nagashizzar_nag,3,0,3500,5,0,false,,,250,,,,,,,true
warhammer_3,9.0,25507028,Undead Legions,undead_legions,wh3_dlc29_nag_undead_legions,wh3_dlc29_sc_nag_undead_legions,Host of Nagash,wh3_dlc29_nag_host_of_nagash,,Nagashizzar (Mighty),wh3_dlc29_special_settlement_nagashizzar_nag_4,Nagashizzar,wh3_dlc29_special_settlement_nagashizzar_nag,4,0,5000,6,0,false,,,325,,,,,,,true
warhammer_3,9.0,25507028,Undead Legions,undead_legions,wh3_dlc29_nag_undead_legions,wh3_dlc29_sc_nag_undead_legions,Host of Nagash,wh3_dlc29_nag_host_of_nagash,,Nagashizzar (Exalted),wh3_dlc29_special_settlement_nagashizzar_nag_5,Nagashizzar,wh3_dlc29_special_settlement_nagashizzar_nag,5,0,10000,7,0,false,,,400,,,,,,,true
warhammer_3,9.0,25507028,Undead Legions,undead_legions,wh3_dlc29_nag_undead_legions,wh3_dlc29_sc_nag_undead_legions,Host of Nagash,wh3_dlc29_nag_host_of_nagash,,Crypt Colony,wh3_dlc29_nag_settlement_necropolis_1,Necropolis,wh3_dlc29_nag_settlement_necropolis,1,0,1000,3,0,false,,,100,,,,,,,false
warhammer_3,9.0,25507028,Undead Legions,undead_legions,wh3_dlc29_nag_undead_legions,wh3_dlc29_sc_nag_undead_legions,Host of Nagash,wh3_dlc29_nag_host_of_nagash,,City of Catacombs,wh3_dlc29_nag_settlement_necropolis_2,Necropolis,wh3_dlc29_nag_settlement_necropolis,2,0,2000,4,0,false,,,175,,,,,,,false
warhammer_3,9.0,25507028,Undead Legions,undead_legions,wh3_dlc29_nag_undead_legions,wh3_dlc29_sc_nag_undead_legions,Host of Nagash,wh3_dlc29_nag_host_of_nagash,,Sepulchral Sprawl,wh3_dlc29_nag_settlement_necropolis_3,Necropolis,wh3_dlc29_nag_settlement_necropolis,3,0,3500,5,0,false,,,250,,,,,,,false
warhammer_3,9.0,25507028,Undead Legions,undead_legions,wh3_dlc29_nag_undead_legions,wh3_dlc29_sc_nag_undead_legions,Host of Nagash,wh3_dlc29_nag_host_of_nagash,,Charnel Scape,wh3_dlc29_nag_settlement_necropolis_4,Necropolis,wh3_dlc29_nag_settlement_necropolis,4,0,5000,6,0,false,,,325,,,,,,,false
warhammer_3,9.0,25507028,Undead Legions,undead_legions,wh3_dlc29_nag_undead_legions,wh3_dlc29_sc_nag_undead_legions,Host of Nagash,wh3_dlc29_nag_host_of_nagash,,Great Necropolis,wh3_dlc29_nag_settlement_necropolis_5,Necropolis,wh3_dlc29_nag_settlement_necropolis,5,0,10000,7,0,false,,,400,,,,,,,false
warhammer_3,9.0,25507028,Undead Legions,undead_legions,wh3_dlc29_nag_undead_legions,wh3_dlc29_sc_nag_undead_legions,Host of Nagash,wh3_dlc29_nag_host_of_nagash,,Black Powder Drifts,wh3_dlc29_nag_necropolis_military_artillery_1,Necrotic Workshop,wh3_dlc29_nag_necropolis_military_artillery,0,2,0,2,0,false,,,,,,,,,,false
warhammer_3,9.0,25507028,Undead Legions,undead_legions,wh3_dlc29_nag_undead_legions,wh3_dlc29_sc_nag_undead_legions,Host of Nagash,wh3_dlc29_nag_host_of_nagash,,Reliquary Expanse,wh3_dlc29_nag_necropolis_military_artillery_2,Necrotic Workshop,wh3_dlc29_nag_necropolis_military_artillery,1,3,0,3,0,false,,,,,,,,,,false
warhammer_3,9.0,25507028,Undead Legions,undead_legions,wh3_dlc29_nag_undead_legions,wh3_dlc29_sc_nag_undead_legions,Host of Nagash,wh3_dlc29_nag_host_of_nagash,,Titanic Weapon-Yard,wh3_dlc29_nag_necropolis_military_artillery_3,Necrotic Workshop,wh3_dlc29_nag_necropolis_military_artillery,2,4,0,4,0,false,,,,,,,,,,false
warhammer_3,9.0,25507028,Undead Legions,undead_legions,wh3_dlc29_nag_undead_legions,wh3_dlc29_sc_nag_undead_legions,Host of Nagash,wh3_dlc29_nag_host_of_nagash,,Unholy Nexus,wh3_dlc29_nag_necropolis_military_artillery_4,Necrotic Workshop,wh3_dlc29_nag_necropolis_military_artillery,3,5,0,5,0,false,,,,,,,,,,false
warhammer_3,9.0,25507028,Undead Legions,undead_legions,wh3_dlc29_nag_undead_legions,wh3_dlc29_sc_nag_undead_legions,Host of Nagash,wh3_dlc29_nag_host_of_nagash,,Oak of Ages (Pacified),wh2_main_wef_oak_of_ages_occupied_1,Oak of Ages,wh2_main_wef_oak_of_ages_occupied,1,0,1200,1,0,false,,,,,,res_rom_timber,100,,,false
warhammer_3,9.0,25507028,Undead Legions,undead_legions,wh3_dlc29_nag_undead_legions,wh3_dlc29_sc_nag_undead_legions,Host of Nagash,wh3_dlc29_nag_host_of_nagash,,{{tr:building_culture_variants_name_wh2_main_vmp_resource_obsidian_1}},wh3_dlc29_nag_resource_obsidian_1,Obsidian Quarry,wh3_dlc29_nag_resource_obsidian,0,1,1750,2,0,false,,,,,,,,,,false
warhammer_3,9.0,25507028,Undead Legions,undead_legions,wh3_dlc29_nag_undead_legions,wh3_dlc29_sc_nag_undead_legions,Host of Nagash,wh3_dlc29_nag_host_of_nagash,,Withered Vines,wh3_dlc29_nag_resource_wine_1,Orchards,wh3_dlc29_nag_resource_wine,0,1,1750,2,0,false,,,,,,,,,,false
warhammer_3,9.0,25507028,Undead Legions,undead_legions,wh3_dlc29_nag_undead_legions,wh3_dlc29_sc_nag_undead_legions,Host of Nagash,wh3_dlc29_nag_host_of_nagash,,Half-drowned Cove,wh3_dlc29_nag_settlement_cove_1,Pirate Cove,wh3_dlc29_nag_settlement_cove,1,0,1000,1,0,false,,,50,,,,,,,false
warhammer_3,9.0,25507028,Undead Legions,undead_legions,wh3_dlc29_nag_undead_legions,wh3_dlc29_sc_nag_undead_legions,Host of Nagash,wh3_dlc29_nag_host_of_nagash,,Ever-rotting Pier,wh3_dlc29_nag_port_1,Port,wh3_dlc29_nag_port,1,1,1000,1,0,false,,,100,,,,,,,false
warhammer_3,9.0,25507028,Undead Legions,undead_legions,wh3_dlc29_nag_undead_legions,wh3_dlc29_sc_nag_undead_legions,Host of Nagash,wh3_dlc29_nag_host_of_nagash,,Shoals of Hollow Promise,wh3_dlc29_nag_port_2,Port,wh3_dlc29_nag_port,2,3,3000,3,0,false,,,300,,,,,,,false
warhammer_3,9.0,25507028,Undead Legions,undead_legions,wh3_dlc29_nag_undead_legions,wh3_dlc29_sc_nag_undead_legions,Host of Nagash,wh3_dlc29_nag_host_of_nagash,,Silent Shipyards,wh3_dlc29_nag_port_3,Port,wh3_dlc29_nag_port,3,5,5000,5,0,false,,,500,,,,,,,false
warhammer_3,9.0,25507028,Undead Legions,undead_legions,wh3_dlc29_nag_undead_legions,wh3_dlc29_sc_nag_undead_legions,Host of Nagash,wh3_dlc29_nag_host_of_nagash,,Bone Repository,wh3_dlc29_nag_necropolis_military_cavalry_1,Risen Stables,wh3_dlc29_nag_necropolis_military_cavalry,0,1,0,1,0,false,,,,,,,,,,false
warhammer_3,9.0,25507028,Undead Legions,undead_legions,wh3_dlc29_nag_undead_legions,wh3_dlc29_sc_nag_undead_legions,Host of Nagash,wh3_dlc29_nag_host_of_nagash,,Crypt Stables,wh3_dlc29_nag_necropolis_military_cavalry_2,Risen Stables,wh3_dlc29_nag_necropolis_military_cavalry,1,2,0,2,0,false,,,,,,,,,,false
warhammer_3,9.0,25507028,Undead Legions,undead_legions,wh3_dlc29_nag_undead_legions,wh3_dlc29_sc_nag_undead_legions,Host of Nagash,wh3_dlc29_nag_host_of_nagash,,Statuary Passage,wh3_dlc29_nag_necropolis_military_cavalry_3,Risen Stables,wh3_dlc29_nag_necropolis_military_cavalry,2,3,0,3,0,false,,,,,,,,,,false
warhammer_3,9.0,25507028,Undead Legions,undead_legions,wh3_dlc29_nag_undead_legions,wh3_dlc29_sc_nag_undead_legions,Host of Nagash,wh3_dlc29_nag_host_of_nagash,,Ornamental Passage,wh3_dlc29_nag_necropolis_military_cavalry_4,Risen Stables,wh3_dlc29_nag_necropolis_military_cavalry,3,4,0,4,0,false,,,,,,,,,,false
warhammer_3,9.0,25507028,Undead Legions,undead_legions,wh3_dlc29_nag_undead_legions,wh3_dlc29_sc_nag_undead_legions,Host of Nagash,wh3_dlc29_nag_host_of_nagash,,Halls of Glories Past,wh3_dlc29_nag_necropolis_military_cavalry_5,Risen Stables,wh3_dlc29_nag_necropolis_military_cavalry,4,5,0,5,0,false,,,,,,,,,,false
warhammer_3,9.0,25507028,Undead Legions,undead_legions,wh3_dlc29_nag_undead_legions,wh3_dlc29_sc_nag_undead_legions,Host of Nagash,wh3_dlc29_nag_host_of_nagash,,Salt Crater,wh3_dlc29_nag_resource_salt_1,Saltmaking,wh3_dlc29_nag_resource_salt,0,1,1750,2,0,false,,,,,,,,,,false
warhammer_3,9.0,25507028,Undead Legions,undead_legions,wh3_dlc29_nag_undead_legions,wh3_dlc29_sc_nag_undead_legions,Host of Nagash,wh3_dlc29_nag_host_of_nagash,,Shyish Obelisk,wh3_dlc29_nag_necropolis_upkeep_1,Shyish Obelisk,wh3_dlc29_nag_necropolis_upkeep,0,2,1500,2,0,false,,,,,,,,,-10,false
warhammer_3,9.0,25507028,Undead Legions,undead_legions,wh3_dlc29_nag_undead_legions,wh3_dlc29_sc_nag_undead_legions,Host of Nagash,wh3_dlc29_nag_host_of_nagash,,Mirrors of Mortality,wh3_dlc29_nag_necropolis_upkeep_2,Shyish Obelisk,wh3_dlc29_nag_necropolis_upkeep,1,3,5000,3,0,false,,,,,,,,,-10,false
warhammer_3,9.0,25507028,Undead Legions,undead_legions,wh3_dlc29_nag_undead_legions,wh3_dlc29_sc_nag_undead_legions,Host of Nagash,wh3_dlc29_nag_host_of_nagash,,Ivory Gate,wh3_dlc29_nag_necropolis_upkeep_2b,Shyish Obelisk,wh3_dlc29_nag_necropolis_upkeep,1,3,5000,3,0,false,,,,,,,,,-10,false
warhammer_3,9.0,25507028,Undead Legions,undead_legions,wh3_dlc29_nag_undead_legions,wh3_dlc29_sc_nag_undead_legions,Host of Nagash,wh3_dlc29_nag_host_of_nagash,,Cyclopean Bestiary,wh3_dlc29_nag_necropolis_upkeep_2c,Shyish Obelisk,wh3_dlc29_nag_necropolis_upkeep,1,3,5000,3,0,false,,,,,,,,,-10,false
warhammer_3,9.0,25507028,Undead Legions,undead_legions,wh3_dlc29_nag_undead_legions,wh3_dlc29_sc_nag_undead_legions,Host of Nagash,wh3_dlc29_nag_host_of_nagash,,Fluted Stalagmites,wh3_dlc29_nag_necropolis_upkeep_3a,Shyish Obelisk,wh3_dlc29_nag_necropolis_upkeep,2,5,10000,5,0,false,,,,,,,,,-15,false
warhammer_3,9.0,25507028,Undead Legions,undead_legions,wh3_dlc29_nag_undead_legions,wh3_dlc29_sc_nag_undead_legions,Host of Nagash,wh3_dlc29_nag_host_of_nagash,,Clarion of Silence,wh3_dlc29_nag_necropolis_upkeep_3b,Shyish Obelisk,wh3_dlc29_nag_necropolis_upkeep,2,5,10000,5,0,false,,,,,,,,,-15,false
warhammer_3,9.0,25507028,Undead Legions,undead_legions,wh3_dlc29_nag_undead_legions,wh3_dlc29_sc_nag_undead_legions,Host of Nagash,wh3_dlc29_nag_host_of_nagash,,Amethyst Shroud,wh3_dlc29_nag_necropolis_upkeep_3c,Shyish Obelisk,wh3_dlc29_nag_necropolis_upkeep,2,5,10000,5,0,false,,,,,,,,,-15,false
warhammer_3,9.0,25507028,Undead Legions,undead_legions,wh3_dlc29_nag_undead_legions,wh3_dlc29_sc_nag_undead_legions,Host of Nagash,wh3_dlc29_nag_host_of_nagash,,Spirit Rent,wh3_dlc29_nag_necropolis_military_spirits_1,Soularium,wh3_dlc29_nag_necropolis_military_spirits,0,2,0,2,0,false,,,,,,,,,,false
warhammer_3,9.0,25507028,Undead Legions,undead_legions,wh3_dlc29_nag_undead_legions,wh3_dlc29_sc_nag_undead_legions,Host of Nagash,wh3_dlc29_nag_host_of_nagash,,Tarn of Terror,wh3_dlc29_nag_necropolis_military_spirits_2,Soularium,wh3_dlc29_nag_necropolis_military_spirits,1,3,0,3,0,false,,,,,,,,,,false
warhammer_3,9.0,25507028,Undead Legions,undead_legions,wh3_dlc29_nag_undead_legions,wh3_dlc29_sc_nag_undead_legions,Host of Nagash,wh3_dlc29_nag_host_of_nagash,,Obsidian Promenades,wh3_dlc29_nag_necropolis_military_spirits_3,Soularium,wh3_dlc29_nag_necropolis_military_spirits,2,4,0,4,0,false,,,,,,,,,,false
warhammer_3,9.0,25507028,Undead Legions,undead_legions,wh3_dlc29_nag_undead_legions,wh3_dlc29_sc_nag_undead_legions,Host of Nagash,wh3_dlc29_nag_host_of_nagash,,{{tr:building_culture_variants_name_wh2_dlc11_special_ship_harkon_1wh2_dlc11_cst_vampire_coastwh2_dlc11_sc_cst_vampire_coastwh2_dlc11_cst_vampire_coast}},wh2_dlc11_special_ship_harkon_1,Special Deck,wh2_dlc11_special_ship_harkon,0,4,8000,1,0,false,,,,,,,,,,true
warhammer_3,9.0,25507028,Undead Legions,undead_legions,wh3_dlc29_nag_undead_legions,wh3_dlc29_sc_nag_undead_legions,Host of Nagash,wh3_dlc29_nag_host_of_nagash,,Dart Launcher,wh2_dlc11_special_ship_harpoon_1,Special Deck,wh2_dlc11_special_ship_harpoon,0,0,1000,1,0,false,,,,,,,,,,true
warhammer_3,9.0,25507028,Undead Legions,undead_legions,wh3_dlc29_nag_undead_legions,wh3_dlc29_sc_nag_undead_legions,Host of Nagash,wh3_dlc29_nag_host_of_nagash,,Barb Launcher,wh2_dlc11_special_ship_harpoon_2,Special Deck,wh2_dlc11_special_ship_harpoon,1,1,2000,1,0,false,,,,,,,,,,true
warhammer_3,9.0,25507028,Undead Legions,undead_legions,wh3_dlc29_nag_undead_legions,wh3_dlc29_sc_nag_undead_legions,Host of Nagash,wh3_dlc29_nag_host_of_nagash,,Gaff Launcher,wh2_dlc11_special_ship_harpoon_3,Special Deck,wh2_dlc11_special_ship_harpoon,2,2,4000,1,0,false,,,,,,,,,,true
warhammer_3,9.0,25507028,Undead Legions,undead_legions,wh3_dlc29_nag_undead_legions,wh3_dlc29_sc_nag_undead_legions,Host of Nagash,wh3_dlc29_nag_host_of_nagash,,Trident Launcher,wh2_dlc11_special_ship_harpoon_4,Special Deck,wh2_dlc11_special_ship_harpoon,3,3,6000,1,0,false,,,,,,,,,,true
warhammer_3,9.0,25507028,Undead Legions,undead_legions,wh3_dlc29_nag_undead_legions,wh3_dlc29_sc_nag_undead_legions,Host of Nagash,wh3_dlc29_nag_host_of_nagash,,Harpoon Launcher,wh2_dlc11_special_ship_harpoon_5,Special Deck,wh2_dlc11_special_ship_harpoon,4,4,8000,1,0,false,,,,,,,,,,true
warhammer_3,9.0,25507028,Undead Legions,undead_legions,wh3_dlc29_nag_undead_legions,wh3_dlc29_sc_nag_undead_legions,Host of Nagash,wh3_dlc29_nag_host_of_nagash,,Bordeleaux Port,wh_main_brt_legendary_port_1,Special Port,wh_main_bretonnia_legendary_bordeleaux,1,1,1500,2,0,false,,,200,,,,,,,false
warhammer_3,9.0,25507028,Undead Legions,undead_legions,wh3_dlc29_nag_undead_legions,wh3_dlc29_sc_nag_undead_legions,Host of Nagash,wh3_dlc29_nag_host_of_nagash,,Erengrad Docks,wh_main_special_erengrad_port_1,Special Port,wh_main_special_erengrad_port,1,1,2000,2,0,false,,,200,,,,,,,true
warhammer_3,9.0,25507028,Undead Legions,undead_legions,wh3_dlc29_nag_undead_legions,wh3_dlc29_sc_nag_undead_legions,Host of Nagash,wh3_dlc29_nag_host_of_nagash,,Marienburg Docks,wh_main_special_marienburg_port_1,Special Port,wh_main_special_marienburg_port,1,1,2000,2,0,false,,,200,,,,,,,true
warhammer_3,9.0,25507028,Undead Legions,undead_legions,wh3_dlc29_nag_undead_legions,wh3_dlc29_sc_nag_undead_legions,Host of Nagash,wh3_dlc29_nag_host_of_nagash,,Copher Docks,wh2_dlc14_special_copher_port_1,Special Port,wh2_dlc14_special_copher_port,1,1,2000,2,0,false,,,200,,,,,,,true
warhammer_3,9.0,25507028,Undead Legions,undead_legions,wh3_dlc29_nag_undead_legions,wh3_dlc29_sc_nag_undead_legions,Host of Nagash,wh3_dlc29_nag_host_of_nagash,,Dawn's Harbour,wh3_dlc23_special_fortress_of_dawn_dawns_harbour_1,Special Port,wh3_dlc23_special_fortress_of_dawn_dawns_harbour,1,1,2000,2,0,false,,,200,,,,,,,true
warhammer_3,9.0,25507028,Undead Legions,undead_legions,wh3_dlc29_nag_undead_legions,wh3_dlc29_sc_nag_undead_legions,Host of Nagash,wh3_dlc29_nag_host_of_nagash,,Great Dragon Fleet Docks,wh3_dlc24_special_fu_chow_port_1,Special Port,wh3_dlc24_special_fu_chow_port,1,1,2000,2,0,false,,,200,,,,,,,true
warhammer_3,9.0,25507028,Undead Legions,undead_legions,wh3_dlc29_nag_undead_legions,wh3_dlc29_sc_nag_undead_legions,Host of Nagash,wh3_dlc29_nag_host_of_nagash,,Bordeleaux Harbour,wh_main_brt_legendary_port_2,Special Port,wh_main_bretonnia_legendary_bordeleaux,2,3,3000,4,0,false,,,400,,,,,,,false
warhammer_3,9.0,25507028,Undead Legions,undead_legions,wh3_dlc29_nag_undead_legions,wh3_dlc29_sc_nag_undead_legions,Host of Nagash,wh3_dlc29_nag_host_of_nagash,,Erengrad Harbour,wh_main_special_erengrad_port_2,Special Port,wh_main_special_erengrad_port,2,3,6000,4,0,false,,,400,,,,,,,true
warhammer_3,9.0,25507028,Undead Legions,undead_legions,wh3_dlc29_nag_undead_legions,wh3_dlc29_sc_nag_undead_legions,Host of Nagash,wh3_dlc29_nag_host_of_nagash,,Marienburg Harbour,wh_main_special_marienburg_port_2,Special Port,wh_main_special_marienburg_port,2,3,6000,4,0,false,,,400,,,,,,,true
warhammer_3,9.0,25507028,Undead Legions,undead_legions,wh3_dlc29_nag_undead_legions,wh3_dlc29_sc_nag_undead_legions,Host of Nagash,wh3_dlc29_nag_host_of_nagash,,Copher Harbour,wh2_dlc14_special_copher_port_2,Special Port,wh2_dlc14_special_copher_port,2,3,6000,3,0,false,,,400,,,,,,,true
warhammer_3,9.0,25507028,Undead Legions,undead_legions,wh3_dlc29_nag_undead_legions,wh3_dlc29_sc_nag_undead_legions,Host of Nagash,wh3_dlc29_nag_host_of_nagash,,Dawn's Harbour,wh3_dlc23_special_fortress_of_dawn_dawns_harbour_2,Special Port,wh3_dlc23_special_fortress_of_dawn_dawns_harbour,2,3,6000,4,0,false,,,300,,,,,,,true
warhammer_3,9.0,25507028,Undead Legions,undead_legions,wh3_dlc29_nag_undead_legions,wh3_dlc29_sc_nag_undead_legions,Host of Nagash,wh3_dlc29_nag_host_of_nagash,,Great Dragon Fleet Harbour,wh3_dlc24_special_fu_chow_port_2,Special Port,wh3_dlc24_special_fu_chow_port,2,3,6000,4,0,false,,,400,,,,,,,true
warhammer_3,9.0,25507028,Undead Legions,undead_legions,wh3_dlc29_nag_undead_legions,wh3_dlc29_sc_nag_undead_legions,Host of Nagash,wh3_dlc29_nag_host_of_nagash,,Manann’s Dry Docks,wh_main_brt_legendary_port_3,Special Port,wh_main_bretonnia_legendary_bordeleaux,3,5,6000,6,0,false,,,800,,,,,,,false
warhammer_3,9.0,25507028,Undead Legions,undead_legions,wh3_dlc29_nag_undead_legions,wh3_dlc29_sc_nag_undead_legions,Host of Nagash,wh3_dlc29_nag_host_of_nagash,,Erengrad Port,wh_main_special_erengrad_port_3,Special Port,wh_main_special_erengrad_port,3,5,10000,6,0,false,,,800,,,,,,,true
warhammer_3,9.0,25507028,Undead Legions,undead_legions,wh3_dlc29_nag_undead_legions,wh3_dlc29_sc_nag_undead_legions,Host of Nagash,wh3_dlc29_nag_host_of_nagash,,Marienburg Port,wh_main_special_marienburg_port_3,Special Port,wh_main_special_marienburg_port,3,5,10000,6,0,false,,,800,,,,,,,true
warhammer_3,9.0,25507028,Undead Legions,undead_legions,wh3_dlc29_nag_undead_legions,wh3_dlc29_sc_nag_undead_legions,Host of Nagash,wh3_dlc29_nag_host_of_nagash,,Dawn's Harbour,wh3_dlc23_special_fortress_of_dawn_dawns_harbour_3,Special Port,wh3_dlc23_special_fortress_of_dawn_dawns_harbour,3,5,10000,8,0,false,,,500,,,,,,,true
warhammer_3,9.0,25507028,Undead Legions,undead_legions,wh3_dlc29_nag_undead_legions,wh3_dlc29_sc_nag_undead_legions,Host of Nagash,wh3_dlc29_nag_host_of_nagash,,Great Dragon Fleet Port,wh3_dlc24_special_fu_chow_port_3,Special Port,wh3_dlc24_special_fu_chow_port,3,5,10000,6,0,false,,,800,,,,,,,true
warhammer_3,9.0,25507028,Undead Legions,undead_legions,wh3_dlc29_nag_undead_legions,wh3_dlc29_sc_nag_undead_legions,Host of Nagash,wh3_dlc29_nag_host_of_nagash,,Dust Repository,wh3_dlc29_nag_resource_spices_1,Spice Trading,wh3_dlc29_nag_resource_spices,0,1,1750,2,0,false,,,250,,,,,-10,,false
warhammer_3,9.0,25507028,Undead Legions,undead_legions,wh3_dlc29_nag_undead_legions,wh3_dlc29_sc_nag_undead_legions,Host of Nagash,wh3_dlc29_nag_host_of_nagash,,Altar of Dispossession,wh3_dlc29_nag_mausoleum_spirits_1,Spirits,wh3_dlc29_nag_mausoleum_military_spirits,0,1,0,1,0,false,,,,,,,,,,false
warhammer_3,9.0,25507028,Undead Legions,undead_legions,wh3_dlc29_nag_undead_legions,wh3_dlc29_sc_nag_undead_legions,Host of Nagash,wh3_dlc29_nag_host_of_nagash,,The Maelstrom,wh2_dlc11_special_settlement_galleons_graveyard_other_1,The Galleon's Graveyard,wh2_dlc11_special_settlement_galleons_graveyard_other,1,0,100,1,0,false,,,100,,20,,,,,true
warhammer_3,9.0,25507028,Undead Legions,undead_legions,wh3_dlc29_nag_undead_legions,wh3_dlc29_sc_nag_undead_legions,Host of Nagash,wh3_dlc29_nag_host_of_nagash,,The Great Temple of Hashut (Desecrated),wh3_dlc23_special_great_temple_of_hashut_other,The Great Temple of Hashut,wh3_dlc23_special_great_temple_of_hashut_other,0,5,10000,8,0,false,,,500,,,,,,,true
warhammer_3,9.0,25507028,Undead Legions,undead_legions,wh3_dlc29_nag_undead_legions,wh3_dlc29_sc_nag_undead_legions,Host of Nagash,wh3_dlc29_nag_host_of_nagash,,Ivory Vein,wh3_dlc29_nag_resource_ivory_1,Tusks,wh3_dlc29_nag_resource_ivory,0,1,1750,2,0,false,,,,,,,,,,false
warhammer_3,9.0,25507028,Undead Legions,undead_legions,wh3_dlc29_nag_undead_legions,wh3_dlc29_sc_nag_undead_legions,Host of Nagash,wh3_dlc29_nag_host_of_nagash,,Battlements of the Undead,wh3_dlc29_nag_necropolis_garrison_1,Undead Garrison,wh3_dlc29_nag_necropolis_garrison,0,2,2000,1,0,false,,,,,,,,,,false
warhammer_3,9.0,25507028,Undead Legions,undead_legions,wh3_dlc29_nag_undead_legions,wh3_dlc29_sc_nag_undead_legions,Host of Nagash,wh3_dlc29_nag_host_of_nagash,,Gates of the Fell Riders,wh3_dlc29_nag_necropolis_garrison_2,Undead Garrison,wh3_dlc29_nag_necropolis_garrison,1,3,4000,2,0,false,,,,,,,,,,false
warhammer_3,9.0,25507028,Undead Legions,undead_legions,wh3_dlc29_nag_undead_legions,wh3_dlc29_sc_nag_undead_legions,Host of Nagash,wh3_dlc29_nag_host_of_nagash,,Ancient Armories,wh3_dlc29_nag_necropolis_garrison_3,Undead Garrison,wh3_dlc29_nag_necropolis_garrison,2,4,6000,3,0,false,,,,,,,,,,false
warhammer_3,9.0,25507028,Undead Legions,undead_legions,wh3_dlc29_nag_undead_legions,wh3_dlc29_sc_nag_undead_legions,Host of Nagash,wh3_dlc29_nag_host_of_nagash,,Screaming Entrenchments,wh3_dlc29_nag_necropolis_garrison_4,Undead Garrison,wh3_dlc29_nag_necropolis_garrison,3,5,8000,4,0,false,,,,,,,,,,false
warhammer_3,9.0,25507028,Undead Legions,undead_legions,wh3_dlc29_nag_undead_legions,wh3_dlc29_sc_nag_undead_legions,Host of Nagash,wh3_dlc29_nag_host_of_nagash,,Death’s Kennels,wh3_dlc29_nag_resource_furs_1,Wild Game,wh3_dlc29_nag_resource_furs,0,1,1750,2,0,false,,,,,,,,,,false
warhammer_3,9.0,25507028,Undead Legions,undead_legions,wh3_dlc29_nag_undead_legions,wh3_dlc29_sc_nag_undead_legions,Host of Nagash,wh3_dlc29_nag_host_of_nagash,,Felled Forest Patch,wh3_dlc29_nag_resource_timber_1,Woodlands,wh3_dlc29_nag_resource_timber,0,1,1750,2,0,false,,,,,,,,,,false
