ability_group,icon_path,special_edition_mask,sort_order,is_naval,button_name,sound_event,is_composite_group,unique_id,sound_switch,show_lore_icon,colour_hex,source_path,source_line,source_patch
wh2_dlc09_lore_nehekhara,UI\Battle UI\ability_icons\wh2_dlc09_lore_passive_the_restless_dead.png,0,20,false,lore_nehekhara,Play_WH_UI_Ability_Click_Generic_Light,false,545373688,Nehekhara,true,ED9525,data/unit_stats/abilities/source_exports/db/special_ability_groups_tables/data__.tsv,3,9.0.1
wh2_dlc09_lore_nehekhara_upgraded,UI\Battle UI\ability_icons\wh2_dlc09_lore_passive_the_restless_dead.png,0,0,false,lore_nehekhara,Play_WH_UI_Ability_Click_Generic_Light,true,1964836888,Nehekhara,false,ED9525,data/unit_stats/abilities/source_exports/db/special_ability_groups_tables/data__.tsv,4,9.0.1
wh2_dlc10_lore_alarielle,UI\Battle UI\ability_icons\wh2_main_lore_passive_combined.png,0,0,false,lore_life,Play_WH_UI_Ability_Click_Generic_Life,true,94910569,Life,true,615B57,data/unit_stats/abilities/source_exports/db/special_ability_groups_tables/data__.tsv,5,9.0.1
wh2_dlc11_lore_deep,UI\Battle UI\ability_icons\wh2_dlc11_lore_passive_kiss_of_the_deep.png,0,21,false,lore_deeps,Play_WH_UI_Ability_Click_Generic_Death,false,2089777850,Deep,true,02D4D4,data/unit_stats/abilities/source_exports/db/special_ability_groups_tables/data__.tsv,6,9.0.1
wh2_dlc11_lore_deep_upgraded,UI\Battle UI\ability_icons\wh2_dlc11_lore_passive_kiss_of_the_deep.png,0,0,false,lore_deeps,Play_WH_UI_Ability_Click_Generic_Death,true,934182,Deep,false,02D4D4,data/unit_stats/abilities/source_exports/db/special_ability_groups_tables/data__.tsv,7,9.0.1
wh2_dlc11_lore_noctilus,UI\Battle UI\ability_icons\wh2_main_lore_passive_combined.png,0,0,false,lore_vampire,Play_WH_UI_Ability_Click_Generic_Vampire,true,1573556425,Vampires,true,615B57,data/unit_stats/abilities/source_exports/db/special_ability_groups_tables/data__.tsv,8,9.0.1
wh2_dlc11_lore_vampire_pirates,UI\Battle UI\ability_icons\wh_main_lore_passive_the_curse_of_undeath.png,0,0,false,lore_vampire,Play_WH_UI_Ability_Click_Generic_Vampire,true,178111884,Vampires,true,770101,data/unit_stats/abilities/source_exports/db/special_ability_groups_tables/data__.tsv,9,9.0.1
wh2_dlc11_vmp_lore_lahmian,UI\Battle UI\ability_icons\wh_main_lore_passive_the_curse_of_undeath.png,0,0,false,lore_vampire,Play_WH_UI_Ability_Click_Generic_Vampire,true,1632995308,Vampires,true,770101,data/unit_stats/abilities/source_exports/db/special_ability_groups_tables/data__.tsv,10,9.0.1
wh2_dlc11_vmp_lore_necrarch,UI\Battle UI\ability_icons\wh_main_lore_passive_the_curse_of_undeath.png,0,0,false,lore_vampire,Play_WH_UI_Ability_Click_Generic_Vampire,true,382347300,Vampires,true,770101,data/unit_stats/abilities/source_exports/db/special_ability_groups_tables/data__.tsv,11,9.0.1
wh2_dlc11_vmp_lore_von_carstein,UI\Battle UI\ability_icons\wh_main_lore_passive_the_curse_of_undeath.png,0,0,false,lore_vampire,Play_WH_UI_Ability_Click_Generic_Vampire,true,1962693064,Vampires,true,770101,data/unit_stats/abilities/source_exports/db/special_ability_groups_tables/data__.tsv,12,9.0.1
wh2_dlc12_lore_lord_kroak,UI\Battle UI\ability_icons\wh2_main_lore_passive_combined.png,0,23,false,lore_kroak,Play_WH_UI_Ability_Click_Generic_Light,false,164727388,,true,18F5C1,data/unit_stats/abilities/source_exports/db/special_ability_groups_tables/data__.tsv,13,9.0.1
wh2_dlc14_lore_stealth,UI\Battle UI\ability_icons\wh2_dlc14_lore_passive_toxic_rain.png,0,18,false,lore_stealth,Play_WH_UI_Ability_Click_Generic_Light,false,675758294,Stealth,true,194217,data/unit_stats/abilities/source_exports/db/special_ability_groups_tables/data__.tsv,14,9.0.1
wh2_dlc14_lore_stealth_upgraded,UI\Battle UI\ability_icons\wh2_dlc14_lore_passive_toxic_rain.png,0,0,false,lore_stealth,Play_WH_UI_Ability_Click_Generic_Light,true,1374744182,Stealth,false,194217,data/unit_stats/abilities/source_exports/db/special_ability_groups_tables/data__.tsv,15,9.0.1
wh2_dlc15_lore_beasts_eagle,UI\Battle UI\ability_icons\wh_dlc03_lore_passive_wild_heart.png,0,0,false,lore_beasts,Play_WH_UI_Ability_Click_Generic_Beasts,true,1528160343,Beasts,true,FFB700,data/unit_stats/abilities/source_exports/db/special_ability_groups_tables/data__.tsv,16,9.0.1
wh2_dlc16_lore_ariel,UI\Battle UI\ability_icons\wh2_main_lore_passive_combined.png,0,0,false,lore_death,Play_WH_UI_Ability_Click_Generic_Light,true,1020528107,Death,true,615B57,data/unit_stats/abilities/source_exports/db/special_ability_groups_tables/data__.tsv,17,9.0.1
wh2_dlc16_lore_coeddil,UI\Battle UI\ability_icons\wh2_main_lore_passive_combined.png,0,0,false,lore_death,Play_WH_UI_Ability_Click_Generic_Light,true,1918736253,Death,true,615B57,data/unit_stats/abilities/source_exports/db/special_ability_groups_tables/data__.tsv,18,9.0.1
wh2_dlc16_lore_spellweaver_dark,UI\Battle UI\ability_icons\wh2_dlc16_lore_passive_wrath_of_the_wood.png,0,0,false,lore_dark_magic,Play_WH_UI_Ability_Click_Generic_Light,true,460392543,Dark,true,871983,data/unit_stats/abilities/source_exports/db/special_ability_groups_tables/data__.tsv,19,9.0.1
wh2_dlc16_lore_spellweaver_high,UI\Battle UI\ability_icons\wh2_dlc16_lore_passive_ancients_protection.png,0,0,false,lore_high_magic,Play_WH_UI_Ability_Click_Generic_Light,true,1177799408,High,true,00CFF6,data/unit_stats/abilities/source_exports/db/special_ability_groups_tables/data__.tsv,20,9.0.1
wh2_dlc17_lore_malagor,UI\Battle UI\ability_icons\wh2_main_lore_passive_combined.png,0,0,false,lore_death,Play_WH_UI_Ability_Click_Generic_Light,true,2106115487,Death,true,615B57,data/unit_stats/abilities/source_exports/db/special_ability_groups_tables/data__.tsv,21,9.0.1
wh2_dlc17_lore_oracle,UI\Battle UI\ability_icons\wh2_main_lore_passive_combined.png,0,0,false,lore_death,Play_WH_UI_Ability_Click_Generic_Light,true,189027043,Death,true,615B57,data/unit_stats/abilities/source_exports/db/special_ability_groups_tables/data__.tsv,22,9.0.1
wh2_dlc17_lore_rune,UI\Battle UI\ability_icons\wh_dlc06_lord_passive_locus_of_power.png,0,25,false,lore_rune,Play_WH_UI_Ability_Click_Generic_Light,false,548623685,,true,59A7FF,data/unit_stats/abilities/source_exports/db/special_ability_groups_tables/data__.tsv,23,9.0.1
wh2_main_lore_dark_magic,UI\Battle UI\ability_icons\wh2_main_lore_passive_spiteful_conjuration.png,0,15,false,lore_dark_magic,Play_WH_UI_Ability_Click_Generic_Light,false,396685951,Dark,true,821BD1,data/unit_stats/abilities/source_exports/db/special_ability_groups_tables/data__.tsv,24,9.0.1
wh2_main_lore_dark_magic_upgraded,UI\Battle UI\ability_icons\wh2_main_lore_passive_spiteful_conjuration.png,0,0,false,lore_dark_magic,Play_WH_UI_Ability_Click_Generic_Light,true,336675696,Dark,false,821BD1,data/unit_stats/abilities/source_exports/db/special_ability_groups_tables/data__.tsv,25,9.0.1
wh2_main_lore_grey_seer_plague,UI\Battle UI\ability_icons\wh2_main_lore_passive_plague_rash.png,0,0,false,lore_plague,Play_WH_UI_Ability_Click_Generic_Light,true,2061255783,Plague,true,787D32,data/unit_stats/abilities/source_exports/db/special_ability_groups_tables/data__.tsv,26,9.0.1
wh2_main_lore_grey_seer_ruin,UI\Battle UI\ability_icons\wh2_main_lore_passive_musk_of_fear.png,0,0,false,lore_ruin,Play_WH_UI_Ability_Click_Generic_Light,true,1567499348,Ruin,true,FFFFFF,data/unit_stats/abilities/source_exports/db/special_ability_groups_tables/data__.tsv,27,9.0.1
wh2_main_lore_high_magic,UI\Battle UI\ability_icons\wh2_main_lore_passive_shield_of_saphery.png,0,14,false,lore_high_magic,Play_WH_UI_Ability_Click_Generic_Light,false,2132876562,High,true,00CFF6,data/unit_stats/abilities/source_exports/db/special_ability_groups_tables/data__.tsv,28,9.0.1
wh2_main_lore_high_magic_upgraded,UI\Battle UI\ability_icons\wh2_main_lore_passive_shield_of_saphery.png,0,0,false,lore_high_magic,Play_WH_UI_Ability_Click_Generic_Light,true,727342779,High,false,00CFF6,data/unit_stats/abilities/source_exports/db/special_ability_groups_tables/data__.tsv,29,9.0.1
wh2_main_lore_loremaster,UI\Battle UI\ability_icons\wh2_main_lore_passive_combined.png,0,0,false,lore_death,Play_WH_UI_Ability_Click_Generic_Light,true,1752212587,Death,true,615B57,data/unit_stats/abilities/source_exports/db/special_ability_groups_tables/data__.tsv,30,9.0.1
wh2_main_lore_morathi,UI\Battle UI\ability_icons\wh2_main_lore_passive_combined.png,0,0,false,lore_death,Play_WH_UI_Ability_Click_Generic_Light,true,1727230135,Death,true,615B57,data/unit_stats/abilities/source_exports/db/special_ability_groups_tables/data__.tsv,31,9.0.1
wh2_main_lore_plague,UI\Battle UI\ability_icons\wh2_main_lore_passive_plague_rash.png,0,17,false,lore_plague,Play_WH_UI_Ability_Click_Generic_Light,false,1587412977,Plague,true,787D32,data/unit_stats/abilities/source_exports/db/special_ability_groups_tables/data__.tsv,32,9.0.1
wh2_main_lore_plague_upgraded,UI\Battle UI\ability_icons\wh2_main_lore_passive_plague_rash.png,0,0,false,lore_plague,Play_WH_UI_Ability_Click_Generic_Light,true,1885113160,Plague,false,787D32,data/unit_stats/abilities/source_exports/db/special_ability_groups_tables/data__.tsv,33,9.0.1
wh2_main_lore_ruin,UI\Battle UI\ability_icons\wh2_main_lore_passive_musk_of_fear.png,0,16,false,lore_ruin,Play_WH_UI_Ability_Click_Generic_Light,false,747557618,Ruin,true,C78F43,data/unit_stats/abilities/source_exports/db/special_ability_groups_tables/data__.tsv,34,9.0.1
wh2_main_lore_ruin_upgraded,UI\Battle UI\ability_icons\wh2_main_lore_passive_musk_of_fear.png,0,0,false,lore_ruin,Play_WH_UI_Ability_Click_Generic_Light,true,1372424876,Ruin,false,C78F43,data/unit_stats/abilities/source_exports/db/special_ability_groups_tables/data__.tsv,35,9.0.1
wh2_main_lore_skink_priest_avatar,UI\Battle UI\ability_icons\wh_main_lore_passive_roiling_skies.png,0,0,false,lore_heavens,Play_WH_UI_Ability_Click_Generic_Heavens,true,2125001149,Heavens,true,1D86B2,data/unit_stats/abilities/source_exports/db/special_ability_groups_tables/data__.tsv,36,9.0.1
wh2_main_lore_slann,UI\Battle UI\ability_icons\wh2_main_lore_passive_combined.png,0,0,false,lore_death,Play_WH_UI_Ability_Click_Generic_Light,true,21056154,Death,true,615B57,data/unit_stats/abilities/source_exports/db/special_ability_groups_tables/data__.tsv,37,9.0.1
wh2_main_lore_slann_generic,UI\Battle UI\ability_icons\wh2_main_lore_passive_combined.png,0,0,false,lore_death,Play_WH_UI_Ability_Click_Generic_Light,true,1797524386,Death,true,615B57,data/unit_stats/abilities/source_exports/db/special_ability_groups_tables/data__.tsv,38,9.0.1
wh2_main_lore_teclis,UI\Battle UI\ability_icons\wh2_main_lore_passive_combined.png,0,0,false,lore_death,Play_WH_UI_Ability_Click_Generic_Light,true,120937195,Death,true,615B57,data/unit_stats/abilities/source_exports/db/special_ability_groups_tables/data__.tsv,39,9.0.1
wh3_cp1_all_lore_spell_variations,UI\Battle UI\ability_icons\wh2_main_lore_passive_combined.png,0,0,false,lore_heavens,,true,1564244091,,false,FFFFFF,data/unit_stats/abilities/source_exports/db/special_ability_groups_tables/data__.tsv,40,9.0.1
wh3_cp1_lore_beasts_clawspeaker,UI\Battle UI\ability_icons\wh_dlc03_lore_passive_wild_heart.png,0,0,false,lore_beasts,Play_WH_UI_Ability_Click_Generic_Beasts,true,884714951,Beasts,true,FFB700,data/unit_stats/abilities/source_exports/db/special_ability_groups_tables/data__.tsv,41,9.0.1
wh3_dlc20_lore_archaon,UI\Battle UI\ability_icons\wh2_main_lore_passive_combined.png,0,0,false,lore_fire,Play_WH_UI_Ability_Click_Generic_Light,true,1658642678,Fire,true,D35F12,data/unit_stats/abilities/source_exports/db/special_ability_groups_tables/data__.tsv,42,9.0.1
wh3_dlc20_lore_daemon_prince_mnur,UI\Battle UI\ability_icons\wh2_main_lore_passive_combined.png,0,0,false,lore_nurgle,Play_WH_UI_Ability_Click_Generic_Light,true,956938312,Nurgle,true,787D32,data/unit_stats/abilities/source_exports/db/special_ability_groups_tables/data__.tsv,43,9.0.1
wh3_dlc20_lore_daemon_prince_msla,UI\Battle UI\ability_icons\wh2_main_lore_passive_combined.png,0,0,false,lore_slaanesh,Play_WH_UI_Ability_Click_Generic_Fire,true,813297892,Slaanesh,true,871983,data/unit_stats/abilities/source_exports/db/special_ability_groups_tables/data__.tsv,44,9.0.1
wh3_dlc20_lore_daemon_prince_mtze,UI\Battle UI\ability_icons\wh2_main_lore_passive_combined.png,0,0,false,lore_tzeentch,Play_WH_UI_Ability_Click_Generic_Death,true,695191351,Tzeentch,true,1D86B2,data/unit_stats/abilities/source_exports/db/special_ability_groups_tables/data__.tsv,45,9.0.1
wh3_dlc23_lore_astragoth,UI\Battle UI\ability_icons\wh2_main_lore_passive_combined.png,0,0,false,lore_death,Play_WH_UI_Ability_Click_Generic_Light,true,570871973,Death,true,615B57,data/unit_stats/abilities/source_exports/db/special_ability_groups_tables/data__.tsv,46,9.0.1
wh3_dlc23_lore_hashut,UI\Battle UI\ability_icons\wh3_dlc23_lore_passive_killing_fire.png,0,26,false,lore_hashut,Play_WH_UI_Ability_Click_Generic_Fire,false,2073581655,Hashut,true,E51A4C,data/unit_stats/abilities/source_exports/db/special_ability_groups_tables/data__.tsv,47,9.0.1
wh3_dlc23_lore_hashut_upgraded,UI\Battle UI\ability_icons\wh3_dlc23_lore_passive_killing_fire.png,0,0,false,lore_hashut,Play_WH_UI_Ability_Click_Generic_Fire,true,1618969927,Hashut,false,E51A4C,data/unit_stats/abilities/source_exports/db/special_ability_groups_tables/data__.tsv,48,9.0.1
wh3_dlc24_lore_blue_scribes,UI\Battle UI\ability_icons\wh2_main_lore_passive_combined.png,0,0,false,lore_heavens,Play_WH_UI_Ability_Click_Generic_Heavens,true,15920275,,true,FAFAFA,data/unit_stats/abilities/source_exports/db/special_ability_groups_tables/data__.tsv,49,9.0.1
wh3_dlc24_lore_hag,UI\Battle UI\ability_icons\wh3_dlc24_lore_passive_fate_of_interlopers.png,0,33,false,lore_hag,Play_WH_UI_Ability_Click_Generic_Vampire,false,1671638554,Hags,true,145C9C,data/unit_stats/abilities/source_exports/db/special_ability_groups_tables/data__.tsv,50,9.0.1
wh3_dlc24_lore_hag_upgraded,UI\Battle UI\ability_icons\wh3_dlc24_lore_passive_fate_of_interlopers.png,0,0,false,lore_hag,Play_WH_UI_Ability_Click_Generic_Vampire,true,1140201220,Hags,false,145C9C,data/unit_stats/abilities/source_exports/db/special_ability_groups_tables/data__.tsv,51,9.0.1
wh3_dlc24_lore_mother_ostankya,UI\Battle UI\ability_icons\wh2_main_lore_passive_combined.png,0,0,false,lore_beasts,Play_WH_UI_Ability_Click_Generic_Beasts,true,473543486,Beasts,true,FFB700,data/unit_stats/abilities/source_exports/db/special_ability_groups_tables/data__.tsv,52,9.0.1
wh3_dlc24_lore_mother_ostankya_upgraded,UI\Battle UI\ability_icons\wh2_main_lore_passive_combined.png,0,0,false,lore_beasts,Play_WH_UI_Ability_Click_Generic_Beasts,true,95610621,Beasts,true,FFB700,data/unit_stats/abilities/source_exports/db/special_ability_groups_tables/data__.tsv,53,9.0.1
wh3_dlc24_lore_yuan_bo,UI\Battle UI\ability_icons\wh2_main_lore_passive_combined.png,0,0,false,lore_yang,Play_WH_UI_Ability_Click_Generic_Heavens,true,570644555,Yang,true,FAFAFA,data/unit_stats/abilities/source_exports/db/special_ability_groups_tables/data__.tsv,54,9.0.1
wh3_dlc27_all_lore_spells,UI\Battle UI\ability_icons\wh2_main_lore_passive_combined.png,0,0,false,lore_cataclysm,Play_WH_UI_Ability_Click_Generic_Light,true,1713978694,,false,FFFFFF,data/unit_stats/abilities/source_exports/db/special_ability_groups_tables/data__.tsv,55,9.0.1
wh3_dlc27_lore_mists,UI\Battle UI\ability_icons\wh3_dlc27_lore_passive_obscuring_mist.png,0,35,false,lore_mists,Play_WH_UI_Ability_Click_Generic_Light,false,733145402,Mists,true,78BEC8,data/unit_stats/abilities/source_exports/db/special_ability_groups_tables/data__.tsv,56,9.0.1
wh3_dlc27_lore_mists_upgraded,UI\Battle UI\ability_icons\wh3_dlc27_lore_passive_obscuring_mist.png,0,35,false,lore_mists,Play_WH_UI_Ability_Click_Generic_Light,true,1645207470,Mists,true,78BEC8,data/unit_stats/abilities/source_exports/db/special_ability_groups_tables/data__.tsv,57,9.0.1
wh3_dlc27_lore_sayl,UI\Battle UI\ability_icons\wh2_main_lore_passive_combined.png,0,0,false,lore_shadows,,true,33011927,,true,615B57,data/unit_stats/abilities/source_exports/db/special_ability_groups_tables/data__.tsv,58,9.0.1
wh3_dlc27_lore_shaman_sorcerer_summon_death,UI\Battle UI\ability_icons\wh_main_lore_passive_life_leeching.png,0,0,false,lore_heavens,Play_WH_UI_Ability_Click_Generic_Death,true,1425804822,Death,true,46003B,data/unit_stats/abilities/source_exports/db/special_ability_groups_tables/data__.tsv,59,9.0.1
wh3_dlc27_lore_shaman_sorcerer_summon_fire,UI\Battle UI\ability_icons\wh_main_lore_passive_kindleflame.png,0,0,false,lore_heavens,Play_WH_UI_Ability_Click_Generic_Fire,true,58089871,Fire,true,D35F12,data/unit_stats/abilities/source_exports/db/special_ability_groups_tables/data__.tsv,60,9.0.1
wh3_dlc27_lore_shaman_sorcerer_summon_metal,UI\Battle UI\ability_icons\wh_main_lore_passive_metalshifting.png,0,0,false,lore_heavens,Play_WH_UI_Ability_Click_Generic_Metal,true,965021268,Metal,true,922900,data/unit_stats/abilities/source_exports/db/special_ability_groups_tables/data__.tsv,61,9.0.1
wh3_dlc29_books_of_nagash_passives,UI\Battle UI\ability_icons\wh3_dlc29_lore_passive_raise_the_dead.png,0,0,false,lore_heavens,Play_WH_UI_Ability_Click_Generic_Vampire,true,647069260,,false,FFFFFF,data/unit_stats/abilities/source_exports/db/special_ability_groups_tables/data__.tsv,62,9.0.1
wh3_dlc29_lore_dieter_helsnicht,UI\Battle UI\ability_icons\wh2_main_lore_passive_combined.png,0,0,false,lore_vampire,Play_WH_UI_Ability_Click_Generic_Vampire,true,1837510137,Vampires,true,FFFFFF,data/unit_stats/abilities/source_exports/db/special_ability_groups_tables/data__.tsv,63,9.0.1
wh3_dlc29_lore_lahmian_vampire,UI\Battle UI\ability_icons\wh2_main_lore_passive_combined.png,0,0,false,lore_vampire,Play_WH_UI_Ability_Click_Generic_Vampire,true,205342479,Vampires,true,FFFFFF,data/unit_stats/abilities/source_exports/db/special_ability_groups_tables/data__.tsv,64,9.0.1
wh3_dlc29_lore_lahmian_vampire_lord,UI\Battle UI\ability_icons\wh2_main_lore_passive_combined.png,0,0,false,lore_vampire,Play_WH_UI_Ability_Click_Generic_Vampire,true,37090367,Vampires,true,770101,data/unit_stats/abilities/source_exports/db/special_ability_groups_tables/data__.tsv,65,9.0.1
wh3_dlc29_lore_necrarch_vampire_lord,UI\Battle UI\ability_icons\wh2_main_lore_passive_combined.png,0,0,false,lore_vampire,Play_WH_UI_Ability_Click_Generic_Vampire,true,1817372204,Vampires,true,770101,data/unit_stats/abilities/source_exports/db/special_ability_groups_tables/data__.tsv,66,9.0.1
wh3_dlc29_lore_neferata,UI\Battle UI\ability_icons\wh2_main_lore_passive_combined.png,0,0,false,lore_vampire,Play_WH_UI_Ability_Click_Generic_Vampire,true,1672909009,Vampires,true,FFFFFF,data/unit_stats/abilities/source_exports/db/special_ability_groups_tables/data__.tsv,67,9.0.1
wh3_dlc29_lore_skreech_verminking,UI\Battle UI\ability_icons\wh2_main_lore_passive_plague_rash.png,0,0,false,lore_skreech,Play_WH_UI_Ability_Click_Generic_Light,true,894257823,Plague,true,787D32,data/unit_stats/abilities/source_exports/db/special_ability_groups_tables/data__.tsv,68,9.0.1
wh3_dlc29_lore_thanquol,UI\Battle UI\ability_icons\wh2_main_lore_passive_plague_rash.png,0,0,false,lore_plague,Play_WH_UI_Ability_Click_Generic_Light,true,1548217421,Plague,true,787D32,data/unit_stats/abilities/source_exports/db/special_ability_groups_tables/data__.tsv,69,9.0.1
wh3_dlc29_lore_undeath,UI\Battle UI\ability_icons\wh3_dlc29_lore_passive_raise_the_dead.png,0,0,false,lore_undeath,Play_WH_UI_Ability_Click_Generic_Vampire,false,2117488917,Undeath,true,6ED5C2,data/unit_stats/abilities/source_exports/db/special_ability_groups_tables/data__.tsv,70,9.0.1
wh3_dlc29_lore_undeath_upgraded,UI\Battle UI\ability_icons\wh3_dlc29_lore_passive_raise_the_dead.png,0,0,false,lore_undeath,Play_WH_UI_Ability_Click_Generic_Vampire,true,936761127,Undeath,true,6ED5C2,data/unit_stats/abilities/source_exports/db/special_ability_groups_tables/data__.tsv,71,9.0.1
wh3_dlc29_lore_verminlord_corruptor,UI\Battle UI\ability_icons\wh2_main_lore_passive_plague_rash.png,0,0,false,lore_corruptor,Play_WH_UI_Ability_Click_Generic_Light,true,1651513505,Plague,true,787D32,data/unit_stats/abilities/source_exports/db/special_ability_groups_tables/data__.tsv,72,9.0.1
wh3_dlc29_lore_verminlord_deceiver,UI\Battle UI\ability_icons\wh2_main_lore_passive_plague_rash.png,0,0,false,lore_deceiver,Play_WH_UI_Ability_Click_Generic_Light,true,248697165,Plague,true,194217,data/unit_stats/abilities/source_exports/db/special_ability_groups_tables/data__.tsv,73,9.0.1
wh3_dlc29_lore_verminlord_warbringer,UI\Battle UI\ability_icons\wh2_main_lore_passive_plague_rash.png,0,0,false,lore_warbringer,Play_WH_UI_Ability_Click_Generic_Light,true,1744766845,Plague,true,787D32,data/unit_stats/abilities/source_exports/db/special_ability_groups_tables/data__.tsv,74,9.0.1
wh3_dlc29_lore_verminlord_warpseer,UI\Battle UI\ability_icons\wh2_main_lore_passive_plague_rash.png,0,0,false,lore_warpseer,Play_WH_UI_Ability_Click_Generic_Light,true,535404904,Plague,true,C78F43,data/unit_stats/abilities/source_exports/db/special_ability_groups_tables/data__.tsv,75,9.0.1
wh3_main_cataclysm_spells,UI\Battle UI\ability_icons\wh2_main_lore_passive_combined.png,0,36,false,lore_cataclysm,Play_WH_UI_Ability_Click_Generic_Light,false,2043645129,,true,615B57,data/unit_stats/abilities/source_exports/db/special_ability_groups_tables/data__.tsv,76,9.0.1
wh3_main_lore_daemon_prince,UI\Battle UI\ability_icons\wh2_main_lore_passive_combined.png,0,0,false,lore_death,Play_WH_UI_Ability_Click_Generic_Light,true,664805177,Death,true,615B57,data/unit_stats/abilities/source_exports/db/special_ability_groups_tables/data__.tsv,77,9.0.1
wh3_main_lore_iron_dragon,UI\Battle UI\ability_icons\wh2_main_lore_passive_combined.png,0,0,false,lore_death,Play_WH_UI_Ability_Click_Generic_Light,true,778299807,Death,true,615B57,data/unit_stats/abilities/source_exports/db/special_ability_groups_tables/data__.tsv,78,9.0.1
wh3_main_lore_kairos,UI\Battle UI\ability_icons\wh2_main_lore_passive_combined.png,0,0,false,lore_death,Play_WH_UI_Ability_Click_Generic_Light,true,192065228,Death,true,615B57,data/unit_stats/abilities/source_exports/db/special_ability_groups_tables/data__.tsv,79,9.0.1
wh3_main_lore_kairos_custom,UI\Battle UI\ability_icons\wh2_main_lore_passive_combined.png,0,0,false,lore_death,Play_WH_UI_Ability_Click_Generic_Light,true,117262485,Death,true,615B57,data/unit_stats/abilities/source_exports/db/special_ability_groups_tables/data__.tsv,80,9.0.1
wh3_main_lore_mannfred,UI\Battle UI\ability_icons\wh2_main_lore_passive_combined.png,0,6,false,lore_vampire,Play_WH_UI_Ability_Click_Generic_Vampire,true,1772150440,Vampires,true,770101,data/unit_stats/abilities/source_exports/db/special_ability_groups_tables/data__.tsv,81,9.0.1
wh3_main_lore_nurgle,UI\Battle UI\ability_icons\wh3_main_lore_passive_children_of_nurgle.png,0,27,false,lore_nurgle,Play_WH_UI_Ability_Click_Generic_Light,false,191438057,Nurgle,true,54A618,data/unit_stats/abilities/source_exports/db/special_ability_groups_tables/data__.tsv,82,9.0.1
wh3_main_lore_nurgle_upgraded,UI\Battle UI\ability_icons\wh3_main_lore_passive_children_of_nurgle.png,0,0,false,lore_nurgle,Play_WH_UI_Ability_Click_Generic_Light,true,1788811574,Nurgle,false,54A618,data/unit_stats/abilities/source_exports/db/special_ability_groups_tables/data__.tsv,83,9.0.1
wh3_main_lore_of_great_maw,UI\Battle UI\ability_icons\wh3_main_lore_passive_bloodgruel.png,0,30,false,lore_the_great_maw,Play_WH_UI_Ability_Click_Generic_Big_Waaagh,false,2101134799,Great_Maw,true,770101,data/unit_stats/abilities/source_exports/db/special_ability_groups_tables/data__.tsv,84,9.0.1
wh3_main_lore_of_great_maw_upgraded,UI\Battle UI\ability_icons\wh3_main_lore_passive_bloodgruel.png,0,0,false,lore_the_great_maw,Play_WH_UI_Ability_Click_Generic_Big_Waaagh,true,1235019670,Great_Maw,false,770101,data/unit_stats/abilities/source_exports/db/special_ability_groups_tables/data__.tsv,85,9.0.1
wh3_main_lore_of_ice,UI\Battle UI\ability_icons\wh3_main_lore_passive_frost_shield.png,0,31,false,lore_ice,Play_WH_UI_Ability_Click_Generic_Heavens,false,763137278,Ice,true,52C5FF,data/unit_stats/abilities/source_exports/db/special_ability_groups_tables/data__.tsv,86,9.0.1
wh3_main_lore_of_ice_upgraded,UI\Battle UI\ability_icons\wh3_main_lore_passive_frost_shield.png,0,0,false,lore_ice,Play_WH_UI_Ability_Click_Generic_Heavens,true,1607452163,Ice,false,52C5FF,data/unit_stats/abilities/source_exports/db/special_ability_groups_tables/data__.tsv,87,9.0.1
wh3_main_lore_of_tempest,UI\Battle UI\ability_icons\wh3_main_lore_passive_freezing_winds.png,0,32,false,lore_tempest,Play_WH_UI_Ability_Click_Generic_Heavens,false,1040159474,Tempest,true,25DBDB,data/unit_stats/abilities/source_exports/db/special_ability_groups_tables/data__.tsv,88,9.0.1
wh3_main_lore_of_tempest_upgraded,UI\Battle UI\ability_icons\wh3_main_lore_passive_freezing_winds.png,0,0,false,lore_tempest,Play_WH_UI_Ability_Click_Generic_Heavens,true,1575468581,Tempest,false,25DBDB,data/unit_stats/abilities/source_exports/db/special_ability_groups_tables/data__.tsv,89,9.0.1
wh3_main_lore_of_yang,UI\Battle UI\ability_icons\wh3_main_lore_passive_strength_of_yang.png,0,34,false,lore_yang,Play_WH_UI_Ability_Click_Generic_Heavens,false,1508094048,Yang,true,FAFAFA,data/unit_stats/abilities/source_exports/db/special_ability_groups_tables/data__.tsv,90,9.0.1
wh3_main_lore_of_yang_upgraded,UI\Battle UI\ability_icons\wh3_main_lore_passive_strength_of_yang.png,0,0,false,lore_yang,Play_WH_UI_Ability_Click_Generic_Heavens,true,28939398,Yang,false,FAFAFA,data/unit_stats/abilities/source_exports/db/special_ability_groups_tables/data__.tsv,91,9.0.1
wh3_main_lore_of_yin,UI\Battle UI\ability_icons\wh3_main_lore_passive_power_of_yin.png,0,35,false,lore_yin,Play_WH_UI_Ability_Click_Generic_Heavens,false,1854875344,Yin,true,212121,data/unit_stats/abilities/source_exports/db/special_ability_groups_tables/data__.tsv,92,9.0.1
wh3_main_lore_of_yin_upgraded,UI\Battle UI\ability_icons\wh3_main_lore_passive_power_of_yin.png,0,0,false,lore_yin,Play_WH_UI_Ability_Click_Generic_Heavens,true,1184823644,Yin,false,212121,data/unit_stats/abilities/source_exports/db/special_ability_groups_tables/data__.tsv,93,9.0.1
wh3_main_lore_slaanesh,UI\Battle UI\ability_icons\wh3_main_lore_passive_blissful_rapture.png,0,29,false,lore_slaanesh,Play_WH_UI_Ability_Click_Generic_Death,false,331434542,Slaanesh,true,871983,data/unit_stats/abilities/source_exports/db/special_ability_groups_tables/data__.tsv,94,9.0.1
wh3_main_lore_slaanesh_upgraded,UI\Battle UI\ability_icons\wh3_main_lore_passive_blissful_rapture.png,0,0,false,lore_slaanesh,Play_WH_UI_Ability_Click_Generic_Death,true,1197495885,Slaanesh,false,871983,data/unit_stats/abilities/source_exports/db/special_ability_groups_tables/data__.tsv,95,9.0.1
wh3_main_lore_storm_dragon,UI\Battle UI\ability_icons\wh2_main_lore_passive_combined.png,0,0,false,lore_death,Play_WH_UI_Ability_Click_Generic_Light,true,1716304709,Death,true,615B57,data/unit_stats/abilities/source_exports/db/special_ability_groups_tables/data__.tsv,96,9.0.1
wh3_main_lore_tzeentch,UI\Battle UI\ability_icons\wh3_main_lore_passive_fires_of_change.png,0,28,false,lore_tzeentch,Play_WH_UI_Ability_Click_Generic_Fire,false,1546522929,Tzeentch,true,4E49F2,data/unit_stats/abilities/source_exports/db/special_ability_groups_tables/data__.tsv,97,9.0.1
wh3_main_lore_tzeentch_upgraded,UI\Battle UI\ability_icons\wh3_main_lore_passive_fires_of_change.png,0,0,false,lore_tzeentch,Play_WH_UI_Ability_Click_Generic_Fire,true,1202825050,Tzeentch,false,4E49F2,data/unit_stats/abilities/source_exports/db/special_ability_groups_tables/data__.tsv,98,9.0.1
wh_dlc03_lore_beasts,UI\Battle UI\ability_icons\wh_dlc03_lore_passive_wild_heart.png,0,10,false,lore_beasts,Play_WH_UI_Ability_Click_Generic_Beasts,false,1778681927,Beasts,true,FFB700,data/unit_stats/abilities/source_exports/db/special_ability_groups_tables/data__.tsv,99,9.0.1
wh_dlc03_lore_beasts_upgraded,UI\Battle UI\ability_icons\wh_dlc03_lore_passive_wild_heart.png,0,0,false,lore_beasts,Play_WH_UI_Ability_Click_Generic_Beasts,true,192347045,Beasts,false,FFB700,data/unit_stats/abilities/source_exports/db/special_ability_groups_tables/data__.tsv,100,9.0.1
wh_dlc03_lore_wild,UI\Battle UI\ability_icons\wh_dlc03_lore_passive_bestial_surge.png,0,9,false,lore_wild,Play_WH_UI_Ability_Click_Generic_Wild,false,1938380333,Wild,true,098256,data/unit_stats/abilities/source_exports/db/special_ability_groups_tables/data__.tsv,101,9.0.1
wh_dlc03_lore_wild_upgraded,UI\Battle UI\ability_icons\wh_dlc03_lore_passive_bestial_surge.png,0,0,false,lore_wild,Play_WH_UI_Ability_Click_Generic_Wild,true,1911463326,Wild,false,098256,data/unit_stats/abilities/source_exports/db/special_ability_groups_tables/data__.tsv,102,9.0.1
wh_dlc04_lore_helman_ghorst,UI\Battle UI\ability_icons\wh_main_lore_passive_the_curse_of_undeath.png,0,0,false,lore_vampire,Play_WH_UI_Ability_Click_Generic_Vampire,true,1094650400,Vampires,true,770101,data/unit_stats/abilities/source_exports/db/special_ability_groups_tables/data__.tsv,103,9.0.1
wh_dlc04_lore_strigoi,UI\Battle UI\ability_icons\wh_main_lore_passive_the_curse_of_undeath.png,0,0,false,lore_vampire,Play_WH_UI_Ability_Click_Generic_Vampire,true,155711710,Vampires,true,770101,data/unit_stats/abilities/source_exports/db/special_ability_groups_tables/data__.tsv,104,9.0.1
wh_dlc05_lore_branchwraith,UI\Battle UI\ability_icons\wh_dlc05_lore_passive_smoke_and_mirrors.png,0,0,false,lore_shadow,Play_WH_UI_Ability_Click_Generic_Shadow,true,1741765605,Shadow,true,47518B,data/unit_stats/abilities/source_exports/db/special_ability_groups_tables/data__.tsv,105,9.0.1
wh_dlc05_lore_life,UI\Battle UI\ability_icons\wh_dlc05_spell_life_life_bloom.png,0,11,false,lore_life,Play_WH_UI_Ability_Click_Generic_Life,false,1549073056,Life,true,92ED42,data/unit_stats/abilities/source_exports/db/special_ability_groups_tables/data__.tsv,106,9.0.1
wh_dlc05_lore_life_upgraded,UI\Battle UI\ability_icons\wh_dlc05_spell_life_life_bloom.png,0,0,false,lore_life,Play_WH_UI_Ability_Click_Generic_Life,true,1408436940,Life,false,92ED42,data/unit_stats/abilities/source_exports/db/special_ability_groups_tables/data__.tsv,107,9.0.1
wh_dlc05_lore_shadows,UI\Battle UI\ability_icons\wh_dlc05_lore_passive_smoke_and_mirrors.png,0,8,false,lore_shadow,Play_WH_UI_Ability_Click_Generic_Shadow,false,205861,Shadow,true,47518B,data/unit_stats/abilities/source_exports/db/special_ability_groups_tables/data__.tsv,108,9.0.1
wh_dlc05_lore_shadows_upgraded,UI\Battle UI\ability_icons\wh_dlc05_lore_passive_smoke_and_mirrors.png,0,0,false,lore_shadow,Play_WH_UI_Ability_Click_Generic_Shadow,true,1364673264,Shadow,false,47518B,data/unit_stats/abilities/source_exports/db/special_ability_groups_tables/data__.tsv,109,9.0.1
wh_dlc08_lore_arzik,UI\Battle UI\ability_icons\wh_main_lore_passive_metalshifting.png,0,0,false,lore_metal,Play_WH_UI_Ability_Click_Generic_Metal,true,1133179566,Metal,true,922900,data/unit_stats/abilities/source_exports/db/special_ability_groups_tables/data__.tsv,110,9.0.1
wh_dlc08_lore_kihar,UI\Battle UI\ability_icons\wh_main_lore_passive_kindleflame.png,0,0,false,lore_fire,Play_WH_UI_Ability_Click_Generic_Fire,true,1584972365,Fire,true,D35F12,data/unit_stats/abilities/source_exports/db/special_ability_groups_tables/data__.tsv,111,9.0.1
wh_main_lore_big_waaagh,UI\Battle UI\ability_icons\wh_main_lore_passive_power_of_da_waaagh.png,0,1,false,lore_big_waaagh,Play_WH_UI_Ability_Click_Generic_Big_Waaagh,false,1159122690,Big_Waaagh,true,346C00,data/unit_stats/abilities/source_exports/db/special_ability_groups_tables/data__.tsv,112,9.0.1
wh_main_lore_big_waaagh_upgraded,UI\Battle UI\ability_icons\wh_main_lore_passive_power_of_da_waaagh.png,0,0,false,lore_big_waaagh,Play_WH_UI_Ability_Click_Generic_Big_Waaagh,true,1132347142,Big_Waaagh,false,346C00,data/unit_stats/abilities/source_exports/db/special_ability_groups_tables/data__.tsv,113,9.0.1
wh_main_lore_death,UI\Battle UI\ability_icons\wh_main_lore_passive_life_leeching.png,0,5,false,lore_death,Play_WH_UI_Ability_Click_Generic_Death,false,1462084726,Death,true,46003B,data/unit_stats/abilities/source_exports/db/special_ability_groups_tables/data__.tsv,114,9.0.1
wh_main_lore_death_upgraded,UI\Battle UI\ability_icons\wh_main_lore_passive_life_leeching.png,0,0,false,lore_death,Play_WH_UI_Ability_Click_Generic_Death,true,1053662033,Death,false,46003B,data/unit_stats/abilities/source_exports/db/special_ability_groups_tables/data__.tsv,115,9.0.1
wh_main_lore_fire,UI\Battle UI\ability_icons\wh_main_lore_passive_kindleflame.png,0,4,false,lore_fire,Play_WH_UI_Ability_Click_Generic_Fire,false,614089874,Fire,true,D35F12,data/unit_stats/abilities/source_exports/db/special_ability_groups_tables/data__.tsv,116,9.0.1
wh_main_lore_fire_upgraded,UI\Battle UI\ability_icons\wh_main_lore_passive_kindleflame.png,0,0,false,lore_fire,Play_WH_UI_Ability_Click_Generic_Fire,true,1562965566,Fire,false,D35F12,data/unit_stats/abilities/source_exports/db/special_ability_groups_tables/data__.tsv,117,9.0.1
wh_main_lore_heavens,UI\Battle UI\ability_icons\wh_main_lore_passive_roiling_skies.png,0,3,false,lore_heavens,Play_WH_UI_Ability_Click_Generic_Heavens,false,544581598,Heavens,true,1D86B2,data/unit_stats/abilities/source_exports/db/special_ability_groups_tables/data__.tsv,118,9.0.1
wh_main_lore_heavens_upgraded,UI\Battle UI\ability_icons\wh_main_lore_passive_roiling_skies.png,0,0,false,lore_heavens,Play_WH_UI_Ability_Click_Generic_Heavens,true,492765939,Heavens,false,1D86B2,data/unit_stats/abilities/source_exports/db/special_ability_groups_tables/data__.tsv,119,9.0.1
wh_main_lore_light,UI\Battle UI\ability_icons\wh_main_lore_passive_exorcism.png,0,2,false,lore_light,Play_WH_UI_Ability_Click_Generic_Light,false,848497641,Light,true,E6E6A0,data/unit_stats/abilities/source_exports/db/special_ability_groups_tables/data__.tsv,120,9.0.1
wh_main_lore_light_upgraded,UI\Battle UI\ability_icons\wh_main_lore_passive_exorcism.png,0,0,false,lore_light,Play_WH_UI_Ability_Click_Generic_Light,true,889609498,Light,false,E6E6A0,data/unit_stats/abilities/source_exports/db/special_ability_groups_tables/data__.tsv,121,9.0.1
wh_main_lore_lil_waaagh,UI\Battle UI\ability_icons\wh_main_lore_passive_sneaky_stealin.png,0,0,false,lore_lil_waaagh,Play_WH_UI_Ability_Click_Generic_Lil_Waaagh,false,368736265,Lil_Waaagh,true,B3D448,data/unit_stats/abilities/source_exports/db/special_ability_groups_tables/data__.tsv,122,9.0.1
wh_main_lore_lil_waaagh_upgraded,UI\Battle UI\ability_icons\wh_main_lore_passive_sneaky_stealin.png,0,0,false,lore_lil_waaagh,Play_WH_UI_Ability_Click_Generic_Lil_Waaagh,true,179804150,Lil_Waaagh,false,B3D448,data/unit_stats/abilities/source_exports/db/special_ability_groups_tables/data__.tsv,123,9.0.1
wh_main_lore_metal,UI\Battle UI\ability_icons\wh_main_lore_passive_metalshifting.png,0,7,false,lore_metal,Play_WH_UI_Ability_Click_Generic_Metal,false,1242103482,Metal,true,922900,data/unit_stats/abilities/source_exports/db/special_ability_groups_tables/data__.tsv,124,9.0.1
wh_main_lore_metal_upgraded,UI\Battle UI\ability_icons\wh_main_lore_passive_metalshifting.png,0,0,false,lore_metal,Play_WH_UI_Ability_Click_Generic_Metal,true,257896809,Metal,false,922900,data/unit_stats/abilities/source_exports/db/special_ability_groups_tables/data__.tsv,125,9.0.1
wh_main_lore_vampires,UI\Battle UI\ability_icons\wh_main_lore_passive_the_curse_of_undeath.png,0,6,false,lore_vampire,Play_WH_UI_Ability_Click_Generic_Vampire,false,2070899364,Vampires,true,770101,data/unit_stats/abilities/source_exports/db/special_ability_groups_tables/data__.tsv,126,9.0.1
wh_main_lore_vampires_upgraded,UI\Battle UI\ability_icons\wh_main_lore_passive_the_curse_of_undeath.png,0,0,false,lore_vampire,Play_WH_UI_Ability_Click_Generic_Vampire,true,593927314,Vampires,true,770101,data/unit_stats/abilities/source_exports/db/special_ability_groups_tables/data__.tsv,127,9.0.1
wh_pro03_lore_kemmler,UI\Battle UI\ability_icons\wh_main_lore_passive_the_curse_of_undeath.png,0,0,false,lore_vampire,,false,1279318771,Vampires,true,770101,data/unit_stats/abilities/source_exports/db/special_ability_groups_tables/data__.tsv,128,9.0.1
