army_special_ability,faction,is_hidden_in_ui,source_path,source_line,source_patch
wh2_dlc09_army_abilities_realm_of_souls_ushabti,wh2_dlc09_tmb_dune_kingdoms,false,data/unit_stats/abilities/source_exports/db/army_special_abilities_for_faction_junctions_tables/data__.tsv,3,9.0.1
wh2_dlc09_army_abilities_realm_of_souls_ushabti,wh2_dlc09_tmb_exiles_of_nehek,false,data/unit_stats/abilities/source_exports/db/army_special_abilities_for_faction_junctions_tables/data__.tsv,4,9.0.1
wh2_dlc09_army_abilities_realm_of_souls_ushabti,wh2_dlc09_tmb_followers_of_nagash,false,data/unit_stats/abilities/source_exports/db/army_special_abilities_for_faction_junctions_tables/data__.tsv,5,9.0.1
wh2_dlc09_army_abilities_realm_of_souls_ushabti,wh2_dlc09_tmb_khemri,false,data/unit_stats/abilities/source_exports/db/army_special_abilities_for_faction_junctions_tables/data__.tsv,6,9.0.1
wh2_dlc09_army_abilities_realm_of_souls_ushabti,wh2_dlc09_tmb_lybaras,false,data/unit_stats/abilities/source_exports/db/army_special_abilities_for_faction_junctions_tables/data__.tsv,7,9.0.1
wh2_dlc09_army_abilities_realm_of_souls_ushabti,wh2_dlc09_tmb_numas,false,data/unit_stats/abilities/source_exports/db/army_special_abilities_for_faction_junctions_tables/data__.tsv,8,9.0.1
wh2_dlc09_army_abilities_realm_of_souls_ushabti,wh2_dlc09_tmb_rakaph_dynasty,false,data/unit_stats/abilities/source_exports/db/army_special_abilities_for_faction_junctions_tables/data__.tsv,9,9.0.1
wh2_dlc09_army_abilities_realm_of_souls_ushabti,wh2_dlc09_tmb_the_sentinels,false,data/unit_stats/abilities/source_exports/db/army_special_abilities_for_faction_junctions_tables/data__.tsv,10,9.0.1
wh2_dlc09_army_abilities_realm_of_souls_ushabti,wh2_dlc09_tmb_tomb_kings,false,data/unit_stats/abilities/source_exports/db/army_special_abilities_for_faction_junctions_tables/data__.tsv,11,9.0.1
wh2_dlc09_army_abilities_realm_of_souls_ushabti,wh2_dlc09_tmb_tombking_qb1,false,data/unit_stats/abilities/source_exports/db/army_special_abilities_for_faction_junctions_tables/data__.tsv,12,9.0.1
wh2_dlc09_army_abilities_realm_of_souls_ushabti,wh2_dlc09_tmb_tombking_qb2,false,data/unit_stats/abilities/source_exports/db/army_special_abilities_for_faction_junctions_tables/data__.tsv,13,9.0.1
wh2_dlc09_army_abilities_realm_of_souls_ushabti,wh2_dlc09_tmb_tombking_qb3,false,data/unit_stats/abilities/source_exports/db/army_special_abilities_for_faction_junctions_tables/data__.tsv,14,9.0.1
wh2_dlc09_army_abilities_realm_of_souls_ushabti,wh2_dlc09_tmb_tombking_qb4,false,data/unit_stats/abilities/source_exports/db/army_special_abilities_for_faction_junctions_tables/data__.tsv,15,9.0.1
wh2_dlc09_army_abilities_realm_of_souls_ushabti,wh2_dlc09_tmb_tombking_qb_exiles_of_nehek,false,data/unit_stats/abilities/source_exports/db/army_special_abilities_for_faction_junctions_tables/data__.tsv,16,9.0.1
wh2_dlc09_army_abilities_realm_of_souls_ushabti,wh2_dlc09_tmb_tombking_qb_followers_of_nagash,false,data/unit_stats/abilities/source_exports/db/army_special_abilities_for_faction_junctions_tables/data__.tsv,17,9.0.1
wh2_dlc09_army_abilities_realm_of_souls_ushabti,wh2_dlc09_tmb_tombking_qb_khemri,false,data/unit_stats/abilities/source_exports/db/army_special_abilities_for_faction_junctions_tables/data__.tsv,18,9.0.1
wh2_dlc09_army_abilities_realm_of_souls_ushabti,wh2_dlc09_tmb_tombking_qb_lybaras,false,data/unit_stats/abilities/source_exports/db/army_special_abilities_for_faction_junctions_tables/data__.tsv,19,9.0.1
wh2_dlc09_army_abilities_realm_of_souls_ushabti,wh3_main_tmb_deserters_of_khatep,false,data/unit_stats/abilities/source_exports/db/army_special_abilities_for_faction_junctions_tables/data__.tsv,20,9.0.1
wh2_dlc09_army_passive_realm_of_souls_ushabti_trigger,wh2_dlc09_tmb_dune_kingdoms,false,data/unit_stats/abilities/source_exports/db/army_special_abilities_for_faction_junctions_tables/data__.tsv,21,9.0.1
wh2_dlc09_army_passive_realm_of_souls_ushabti_trigger,wh2_dlc09_tmb_exiles_of_nehek,false,data/unit_stats/abilities/source_exports/db/army_special_abilities_for_faction_junctions_tables/data__.tsv,22,9.0.1
wh2_dlc09_army_passive_realm_of_souls_ushabti_trigger,wh2_dlc09_tmb_followers_of_nagash,false,data/unit_stats/abilities/source_exports/db/army_special_abilities_for_faction_junctions_tables/data__.tsv,23,9.0.1
wh2_dlc09_army_passive_realm_of_souls_ushabti_trigger,wh2_dlc09_tmb_khemri,false,data/unit_stats/abilities/source_exports/db/army_special_abilities_for_faction_junctions_tables/data__.tsv,24,9.0.1
wh2_dlc09_army_passive_realm_of_souls_ushabti_trigger,wh2_dlc09_tmb_lybaras,false,data/unit_stats/abilities/source_exports/db/army_special_abilities_for_faction_junctions_tables/data__.tsv,25,9.0.1
wh2_dlc09_army_passive_realm_of_souls_ushabti_trigger,wh2_dlc09_tmb_numas,false,data/unit_stats/abilities/source_exports/db/army_special_abilities_for_faction_junctions_tables/data__.tsv,26,9.0.1
wh2_dlc09_army_passive_realm_of_souls_ushabti_trigger,wh2_dlc09_tmb_rakaph_dynasty,false,data/unit_stats/abilities/source_exports/db/army_special_abilities_for_faction_junctions_tables/data__.tsv,27,9.0.1
wh2_dlc09_army_passive_realm_of_souls_ushabti_trigger,wh2_dlc09_tmb_the_sentinels,false,data/unit_stats/abilities/source_exports/db/army_special_abilities_for_faction_junctions_tables/data__.tsv,28,9.0.1
wh2_dlc09_army_passive_realm_of_souls_ushabti_trigger,wh2_dlc09_tmb_tomb_kings,false,data/unit_stats/abilities/source_exports/db/army_special_abilities_for_faction_junctions_tables/data__.tsv,29,9.0.1
wh2_dlc09_army_passive_realm_of_souls_ushabti_trigger,wh2_dlc09_tmb_tombking_qb1,false,data/unit_stats/abilities/source_exports/db/army_special_abilities_for_faction_junctions_tables/data__.tsv,30,9.0.1
wh2_dlc09_army_passive_realm_of_souls_ushabti_trigger,wh2_dlc09_tmb_tombking_qb2,false,data/unit_stats/abilities/source_exports/db/army_special_abilities_for_faction_junctions_tables/data__.tsv,31,9.0.1
wh2_dlc09_army_passive_realm_of_souls_ushabti_trigger,wh2_dlc09_tmb_tombking_qb3,false,data/unit_stats/abilities/source_exports/db/army_special_abilities_for_faction_junctions_tables/data__.tsv,32,9.0.1
wh2_dlc09_army_passive_realm_of_souls_ushabti_trigger,wh2_dlc09_tmb_tombking_qb4,false,data/unit_stats/abilities/source_exports/db/army_special_abilities_for_faction_junctions_tables/data__.tsv,33,9.0.1
wh2_dlc09_army_passive_realm_of_souls_ushabti_trigger,wh2_dlc09_tmb_tombking_qb_exiles_of_nehek,false,data/unit_stats/abilities/source_exports/db/army_special_abilities_for_faction_junctions_tables/data__.tsv,34,9.0.1
wh2_dlc09_army_passive_realm_of_souls_ushabti_trigger,wh2_dlc09_tmb_tombking_qb_followers_of_nagash,false,data/unit_stats/abilities/source_exports/db/army_special_abilities_for_faction_junctions_tables/data__.tsv,35,9.0.1
wh2_dlc09_army_passive_realm_of_souls_ushabti_trigger,wh2_dlc09_tmb_tombking_qb_khemri,false,data/unit_stats/abilities/source_exports/db/army_special_abilities_for_faction_junctions_tables/data__.tsv,36,9.0.1
wh2_dlc09_army_passive_realm_of_souls_ushabti_trigger,wh2_dlc09_tmb_tombking_qb_lybaras,false,data/unit_stats/abilities/source_exports/db/army_special_abilities_for_faction_junctions_tables/data__.tsv,37,9.0.1
wh2_dlc09_army_passive_realm_of_souls_ushabti_trigger,wh3_dlc29_nag_host_of_nagash,true,data/unit_stats/abilities/source_exports/db/army_special_abilities_for_faction_junctions_tables/data__.tsv,38,9.0.1
wh2_dlc09_army_passive_realm_of_souls_ushabti_trigger,wh3_main_tmb_deserters_of_khatep,false,data/unit_stats/abilities/source_exports/db/army_special_abilities_for_faction_junctions_tables/data__.tsv,39,9.0.1
wh2_dlc15_army_abilities_waaagh,wh2_dlc12_grn_leaf_cutterz_tribe,false,data/unit_stats/abilities/source_exports/db/army_special_abilities_for_faction_junctions_tables/data__.tsv,40,9.0.1
wh2_dlc15_army_abilities_waaagh,wh2_dlc12_grn_leaf_cutterz_tribe_waaagh,false,data/unit_stats/abilities/source_exports/db/army_special_abilities_for_faction_junctions_tables/data__.tsv,41,9.0.1
wh2_dlc15_army_abilities_waaagh,wh2_dlc13_grn_greenskins_invasion,false,data/unit_stats/abilities/source_exports/db/army_special_abilities_for_faction_junctions_tables/data__.tsv,42,9.0.1
wh2_dlc15_army_abilities_waaagh,wh2_dlc14_grn_red_cloud,false,data/unit_stats/abilities/source_exports/db/army_special_abilities_for_faction_junctions_tables/data__.tsv,43,9.0.1
wh2_dlc15_army_abilities_waaagh,wh2_dlc14_grn_red_cloud_waaagh,false,data/unit_stats/abilities/source_exports/db/army_special_abilities_for_faction_junctions_tables/data__.tsv,44,9.0.1
wh2_dlc15_army_abilities_waaagh,wh2_dlc15_grn_bonerattlaz,false,data/unit_stats/abilities/source_exports/db/army_special_abilities_for_faction_junctions_tables/data__.tsv,45,9.0.1
wh2_dlc15_army_abilities_waaagh,wh2_dlc15_grn_broken_axe,false,data/unit_stats/abilities/source_exports/db/army_special_abilities_for_faction_junctions_tables/data__.tsv,46,9.0.1
wh2_dlc15_army_abilities_waaagh,wh2_dlc15_grn_broken_axe_waaagh,false,data/unit_stats/abilities/source_exports/db/army_special_abilities_for_faction_junctions_tables/data__.tsv,47,9.0.1
wh2_dlc15_army_abilities_waaagh,wh2_dlc15_grn_skull_crag,false,data/unit_stats/abilities/source_exports/db/army_special_abilities_for_faction_junctions_tables/data__.tsv,48,9.0.1
wh2_dlc15_army_abilities_waaagh,wh2_dlc16_grn_creeping_death,false,data/unit_stats/abilities/source_exports/db/army_special_abilities_for_faction_junctions_tables/data__.tsv,49,9.0.1
wh2_dlc15_army_abilities_waaagh,wh2_dlc16_grn_naggaroth_orcs,false,data/unit_stats/abilities/source_exports/db/army_special_abilities_for_faction_junctions_tables/data__.tsv,50,9.0.1
wh2_dlc15_army_abilities_waaagh,wh2_dlc16_grn_savage_invasion,false,data/unit_stats/abilities/source_exports/db/army_special_abilities_for_faction_junctions_tables/data__.tsv,51,9.0.1
wh2_dlc15_army_abilities_waaagh,wh2_main_grn_arachnos,false,data/unit_stats/abilities/source_exports/db/army_special_abilities_for_faction_junctions_tables/data__.tsv,52,9.0.1
wh2_dlc15_army_abilities_waaagh,wh2_main_grn_arachnos_waaagh,false,data/unit_stats/abilities/source_exports/db/army_special_abilities_for_faction_junctions_tables/data__.tsv,53,9.0.1
wh2_dlc15_army_abilities_waaagh,wh2_main_grn_blue_vipers,false,data/unit_stats/abilities/source_exports/db/army_special_abilities_for_faction_junctions_tables/data__.tsv,54,9.0.1
wh2_dlc15_army_abilities_waaagh,wh2_main_grn_blue_vipers_mp,false,data/unit_stats/abilities/source_exports/db/army_special_abilities_for_faction_junctions_tables/data__.tsv,55,9.0.1
wh2_dlc15_army_abilities_waaagh,wh2_main_grn_blue_vipers_waaagh,false,data/unit_stats/abilities/source_exports/db/army_special_abilities_for_faction_junctions_tables/data__.tsv,56,9.0.1
wh2_dlc15_army_abilities_waaagh,wh3_dlc24_grn_chaos_dwarfs_labourer_rebels,false,data/unit_stats/abilities/source_exports/db/army_special_abilities_for_faction_junctions_tables/data__.tsv,57,9.0.1
wh2_dlc15_army_abilities_waaagh,wh3_dlc25_rogue_da_mad_howlerz,false,data/unit_stats/abilities/source_exports/db/army_special_abilities_for_faction_junctions_tables/data__.tsv,58,9.0.1
wh2_dlc15_army_abilities_waaagh,wh3_dlc26_grn_cluster_eye_tribe,false,data/unit_stats/abilities/source_exports/db/army_special_abilities_for_faction_junctions_tables/data__.tsv,59,9.0.1
wh2_dlc15_army_abilities_waaagh,wh3_dlc26_grn_gorbad_ironclaw,false,data/unit_stats/abilities/source_exports/db/army_special_abilities_for_faction_junctions_tables/data__.tsv,60,9.0.1
wh2_dlc15_army_abilities_waaagh,wh3_main_grn_da_cage_breakaz,false,data/unit_stats/abilities/source_exports/db/army_special_abilities_for_faction_junctions_tables/data__.tsv,61,9.0.1
wh2_dlc15_army_abilities_waaagh,wh3_main_grn_dark_land_orcs,false,data/unit_stats/abilities/source_exports/db/army_special_abilities_for_faction_junctions_tables/data__.tsv,62,9.0.1
wh2_dlc15_army_abilities_waaagh,wh3_main_grn_dark_land_orcs_waaagh,false,data/unit_stats/abilities/source_exports/db/army_special_abilities_for_faction_junctions_tables/data__.tsv,63,9.0.1
wh2_dlc15_army_abilities_waaagh,wh3_main_grn_dimned_sun,false,data/unit_stats/abilities/source_exports/db/army_special_abilities_for_faction_junctions_tables/data__.tsv,64,9.0.1
wh2_dlc15_army_abilities_waaagh,wh3_main_grn_dimned_sun_mp,false,data/unit_stats/abilities/source_exports/db/army_special_abilities_for_faction_junctions_tables/data__.tsv,65,9.0.1
wh2_dlc15_army_abilities_waaagh,wh3_main_grn_dimned_sun_waaagh,false,data/unit_stats/abilities/source_exports/db/army_special_abilities_for_faction_junctions_tables/data__.tsv,66,9.0.1
wh2_dlc15_army_abilities_waaagh,wh3_main_grn_drippin_fangs,false,data/unit_stats/abilities/source_exports/db/army_special_abilities_for_faction_junctions_tables/data__.tsv,67,9.0.1
wh2_dlc15_army_abilities_waaagh,wh3_main_grn_drippin_fangs_waaagh,false,data/unit_stats/abilities/source_exports/db/army_special_abilities_for_faction_junctions_tables/data__.tsv,68,9.0.1
wh2_dlc15_army_abilities_waaagh,wh3_main_grn_moon_howlerz,false,data/unit_stats/abilities/source_exports/db/army_special_abilities_for_faction_junctions_tables/data__.tsv,69,9.0.1
wh2_dlc15_army_abilities_waaagh,wh3_main_grn_moon_howlerz_waaagh,false,data/unit_stats/abilities/source_exports/db/army_special_abilities_for_faction_junctions_tables/data__.tsv,70,9.0.1
wh2_dlc15_army_abilities_waaagh,wh3_main_grn_slaves_of_zharr,false,data/unit_stats/abilities/source_exports/db/army_special_abilities_for_faction_junctions_tables/data__.tsv,71,9.0.1
wh2_dlc15_army_abilities_waaagh,wh3_main_grn_tusked_sunz,false,data/unit_stats/abilities/source_exports/db/army_special_abilities_for_faction_junctions_tables/data__.tsv,72,9.0.1
wh2_dlc15_army_abilities_waaagh,wh3_main_grn_tusked_sunz_waaagh,false,data/unit_stats/abilities/source_exports/db/army_special_abilities_for_faction_junctions_tables/data__.tsv,73,9.0.1
wh2_dlc15_army_abilities_waaagh,wh_dlc03_grn_black_pit,false,data/unit_stats/abilities/source_exports/db/army_special_abilities_for_faction_junctions_tables/data__.tsv,74,9.0.1
wh2_dlc15_army_abilities_waaagh,wh_dlc03_grn_black_pit_waaagh,false,data/unit_stats/abilities/source_exports/db/army_special_abilities_for_faction_junctions_tables/data__.tsv,75,9.0.1
wh2_dlc15_army_abilities_waaagh,wh_main_grn_black_venom,false,data/unit_stats/abilities/source_exports/db/army_special_abilities_for_faction_junctions_tables/data__.tsv,76,9.0.1
wh2_dlc15_army_abilities_waaagh,wh_main_grn_black_venom_waaagh,false,data/unit_stats/abilities/source_exports/db/army_special_abilities_for_faction_junctions_tables/data__.tsv,77,9.0.1
wh2_dlc15_army_abilities_waaagh,wh_main_grn_bloody_spearz,false,data/unit_stats/abilities/source_exports/db/army_special_abilities_for_faction_junctions_tables/data__.tsv,78,9.0.1
wh2_dlc15_army_abilities_waaagh,wh_main_grn_bloody_spearz_waaagh,false,data/unit_stats/abilities/source_exports/db/army_special_abilities_for_faction_junctions_tables/data__.tsv,79,9.0.1
wh2_dlc15_army_abilities_waaagh,wh_main_grn_broken_nose,false,data/unit_stats/abilities/source_exports/db/army_special_abilities_for_faction_junctions_tables/data__.tsv,80,9.0.1
wh2_dlc15_army_abilities_waaagh,wh_main_grn_broken_nose_waaagh,false,data/unit_stats/abilities/source_exports/db/army_special_abilities_for_faction_junctions_tables/data__.tsv,81,9.0.1
wh2_dlc15_army_abilities_waaagh,wh_main_grn_crooked_moon,false,data/unit_stats/abilities/source_exports/db/army_special_abilities_for_faction_junctions_tables/data__.tsv,82,9.0.1
wh2_dlc15_army_abilities_waaagh,wh_main_grn_crooked_moon_waaagh,false,data/unit_stats/abilities/source_exports/db/army_special_abilities_for_faction_junctions_tables/data__.tsv,83,9.0.1
wh2_dlc15_army_abilities_waaagh,wh_main_grn_greenskins,false,data/unit_stats/abilities/source_exports/db/army_special_abilities_for_faction_junctions_tables/data__.tsv,84,9.0.1
wh2_dlc15_army_abilities_waaagh,wh_main_grn_greenskins_qb1,false,data/unit_stats/abilities/source_exports/db/army_special_abilities_for_faction_junctions_tables/data__.tsv,85,9.0.1
wh2_dlc15_army_abilities_waaagh,wh_main_grn_greenskins_qb2,false,data/unit_stats/abilities/source_exports/db/army_special_abilities_for_faction_junctions_tables/data__.tsv,86,9.0.1
wh2_dlc15_army_abilities_waaagh,wh_main_grn_greenskins_qb3,false,data/unit_stats/abilities/source_exports/db/army_special_abilities_for_faction_junctions_tables/data__.tsv,87,9.0.1
wh2_dlc15_army_abilities_waaagh,wh_main_grn_greenskins_qb4,false,data/unit_stats/abilities/source_exports/db/army_special_abilities_for_faction_junctions_tables/data__.tsv,88,9.0.1
wh2_dlc15_army_abilities_waaagh,wh_main_grn_greenskins_rebels,false,data/unit_stats/abilities/source_exports/db/army_special_abilities_for_faction_junctions_tables/data__.tsv,89,9.0.1
wh2_dlc15_army_abilities_waaagh,wh_main_grn_greenskins_rebels_waaagh,false,data/unit_stats/abilities/source_exports/db/army_special_abilities_for_faction_junctions_tables/data__.tsv,90,9.0.1
wh2_dlc15_army_abilities_waaagh,wh_main_grn_greenskins_waaagh,false,data/unit_stats/abilities/source_exports/db/army_special_abilities_for_faction_junctions_tables/data__.tsv,91,9.0.1
wh2_dlc15_army_abilities_waaagh,wh_main_grn_necksnappers,false,data/unit_stats/abilities/source_exports/db/army_special_abilities_for_faction_junctions_tables/data__.tsv,92,9.0.1
wh2_dlc15_army_abilities_waaagh,wh_main_grn_necksnappers_waaagh,false,data/unit_stats/abilities/source_exports/db/army_special_abilities_for_faction_junctions_tables/data__.tsv,93,9.0.1
wh2_dlc15_army_abilities_waaagh,wh_main_grn_orcs_of_the_bloody_hand,false,data/unit_stats/abilities/source_exports/db/army_special_abilities_for_faction_junctions_tables/data__.tsv,94,9.0.1
wh2_dlc15_army_abilities_waaagh,wh_main_grn_orcs_of_the_bloody_hand_waaagh,false,data/unit_stats/abilities/source_exports/db/army_special_abilities_for_faction_junctions_tables/data__.tsv,95,9.0.1
wh2_dlc15_army_abilities_waaagh,wh_main_grn_red_eye,false,data/unit_stats/abilities/source_exports/db/army_special_abilities_for_faction_junctions_tables/data__.tsv,96,9.0.1
wh2_dlc15_army_abilities_waaagh,wh_main_grn_red_eye_waaagh,false,data/unit_stats/abilities/source_exports/db/army_special_abilities_for_faction_junctions_tables/data__.tsv,97,9.0.1
wh2_dlc15_army_abilities_waaagh,wh_main_grn_red_fangs,false,data/unit_stats/abilities/source_exports/db/army_special_abilities_for_faction_junctions_tables/data__.tsv,98,9.0.1
wh2_dlc15_army_abilities_waaagh,wh_main_grn_red_fangs_waaagh,false,data/unit_stats/abilities/source_exports/db/army_special_abilities_for_faction_junctions_tables/data__.tsv,99,9.0.1
wh2_dlc15_army_abilities_waaagh,wh_main_grn_scabby_eye,false,data/unit_stats/abilities/source_exports/db/army_special_abilities_for_faction_junctions_tables/data__.tsv,100,9.0.1
wh2_dlc15_army_abilities_waaagh,wh_main_grn_scabby_eye_waaagh,false,data/unit_stats/abilities/source_exports/db/army_special_abilities_for_faction_junctions_tables/data__.tsv,101,9.0.1
wh2_dlc15_army_abilities_waaagh,wh_main_grn_skull-takerz,false,data/unit_stats/abilities/source_exports/db/army_special_abilities_for_faction_junctions_tables/data__.tsv,102,9.0.1
wh2_dlc15_army_abilities_waaagh,wh_main_grn_skull-takerz_mp,false,data/unit_stats/abilities/source_exports/db/army_special_abilities_for_faction_junctions_tables/data__.tsv,103,9.0.1
wh2_dlc15_army_abilities_waaagh,wh_main_grn_skull-takerz_waaagh,false,data/unit_stats/abilities/source_exports/db/army_special_abilities_for_faction_junctions_tables/data__.tsv,104,9.0.1
wh2_dlc15_army_abilities_waaagh,wh_main_grn_skullsmasherz,false,data/unit_stats/abilities/source_exports/db/army_special_abilities_for_faction_junctions_tables/data__.tsv,105,9.0.1
wh2_dlc15_army_abilities_waaagh,wh_main_grn_skullsmasherz_waaagh,false,data/unit_stats/abilities/source_exports/db/army_special_abilities_for_faction_junctions_tables/data__.tsv,106,9.0.1
wh2_dlc15_army_abilities_waaagh,wh_main_grn_teef_snatchaz,false,data/unit_stats/abilities/source_exports/db/army_special_abilities_for_faction_junctions_tables/data__.tsv,107,9.0.1
wh2_dlc15_army_abilities_waaagh,wh_main_grn_teef_snatchaz_waaagh,false,data/unit_stats/abilities/source_exports/db/army_special_abilities_for_faction_junctions_tables/data__.tsv,108,9.0.1
wh2_dlc15_army_abilities_waaagh,wh_main_grn_top_knotz,false,data/unit_stats/abilities/source_exports/db/army_special_abilities_for_faction_junctions_tables/data__.tsv,109,9.0.1
wh2_dlc15_army_abilities_waaagh,wh_main_grn_top_knotz_mp,false,data/unit_stats/abilities/source_exports/db/army_special_abilities_for_faction_junctions_tables/data__.tsv,110,9.0.1
wh2_dlc15_army_abilities_waaagh,wh_main_grn_top_knotz_waaagh,false,data/unit_stats/abilities/source_exports/db/army_special_abilities_for_faction_junctions_tables/data__.tsv,111,9.0.1
wh3_dlc29_army_abilities_mark_plague_spawned_i,wh3_dlc29_chs_host_of_the_triplets,false,data/unit_stats/abilities/source_exports/db/army_special_abilities_for_faction_junctions_tables/data__.tsv,112,9.0.1
wh3_dlc29_army_abilities_mark_rot_forged_legionaries_i,wh3_dlc29_chs_host_of_the_triplets,false,data/unit_stats/abilities/source_exports/db/army_special_abilities_for_faction_junctions_tables/data__.tsv,113,9.0.1
wh3_dlc29_army_abilities_realm_of_souls_ushabti_hidden,wh3_dlc29_nag_host_of_nagash,false,data/unit_stats/abilities/source_exports/db/army_special_abilities_for_faction_junctions_tables/data__.tsv,114,9.0.1
wh3_main_army_abilities_arcane_surge,wh3_dlc20_tze_apostles_of_change,false,data/unit_stats/abilities/source_exports/db/army_special_abilities_for_faction_junctions_tables/data__.tsv,115,9.0.1
wh3_main_army_abilities_arcane_surge,wh3_dlc20_tze_the_sightless,false,data/unit_stats/abilities/source_exports/db/army_special_abilities_for_faction_junctions_tables/data__.tsv,116,9.0.1
wh3_main_army_abilities_arcane_surge,wh3_dlc24_tze_the_deceivers,false,data/unit_stats/abilities/source_exports/db/army_special_abilities_for_faction_junctions_tables/data__.tsv,117,9.0.1
wh3_main_army_abilities_arcane_surge,wh3_dlc29_tzeentch_vassal_owner,false,data/unit_stats/abilities/source_exports/db/army_special_abilities_for_faction_junctions_tables/data__.tsv,118,9.0.1
wh3_main_army_abilities_arcane_surge,wh3_main_dae_daemon_prince,false,data/unit_stats/abilities/source_exports/db/army_special_abilities_for_faction_junctions_tables/data__.tsv,119,9.0.1
wh3_main_army_abilities_arcane_surge,wh3_main_dae_daemons_qb1,false,data/unit_stats/abilities/source_exports/db/army_special_abilities_for_faction_junctions_tables/data__.tsv,120,9.0.1
wh3_main_army_abilities_arcane_surge,wh3_main_tze_all_seeing_eye,false,data/unit_stats/abilities/source_exports/db/army_special_abilities_for_faction_junctions_tables/data__.tsv,121,9.0.1
wh3_main_army_abilities_arcane_surge,wh3_main_tze_broken_wheel,false,data/unit_stats/abilities/source_exports/db/army_special_abilities_for_faction_junctions_tables/data__.tsv,122,9.0.1
wh3_main_army_abilities_arcane_surge,wh3_main_tze_flaming_scribes,false,data/unit_stats/abilities/source_exports/db/army_special_abilities_for_faction_junctions_tables/data__.tsv,123,9.0.1
wh3_main_army_abilities_arcane_surge,wh3_main_tze_oracles_of_tzeentch,false,data/unit_stats/abilities/source_exports/db/army_special_abilities_for_faction_junctions_tables/data__.tsv,124,9.0.1
wh3_main_army_abilities_arcane_surge,wh3_main_tze_sarthoraels_watchers,false,data/unit_stats/abilities/source_exports/db/army_special_abilities_for_faction_junctions_tables/data__.tsv,125,9.0.1
wh3_main_army_abilities_arcane_surge,wh3_main_tze_tzeentch,false,data/unit_stats/abilities/source_exports/db/army_special_abilities_for_faction_junctions_tables/data__.tsv,126,9.0.1
wh3_main_army_abilities_arcane_surge,wh3_main_tze_tzeentch_invasion,false,data/unit_stats/abilities/source_exports/db/army_special_abilities_for_faction_junctions_tables/data__.tsv,127,9.0.1
wh3_main_army_abilities_arcane_surge,wh3_main_tze_tzeentch_qb1,false,data/unit_stats/abilities/source_exports/db/army_special_abilities_for_faction_junctions_tables/data__.tsv,128,9.0.1
wh3_main_army_abilities_arcane_surge,wh3_main_tze_tzeentch_qb2,false,data/unit_stats/abilities/source_exports/db/army_special_abilities_for_faction_junctions_tables/data__.tsv,129,9.0.1
wh3_main_army_abilities_arcane_surge,wh3_main_tze_tzeentch_rebels,false,data/unit_stats/abilities/source_exports/db/army_special_abilities_for_faction_junctions_tables/data__.tsv,130,9.0.1
wh3_main_army_abilities_blade_of_khorne,wh3_dlc20_kho_blood_keepers,false,data/unit_stats/abilities/source_exports/db/army_special_abilities_for_faction_junctions_tables/data__.tsv,131,9.0.1
wh3_main_army_abilities_blade_of_khorne,wh3_dlc26_kho_arbaal,false,data/unit_stats/abilities/source_exports/db/army_special_abilities_for_faction_junctions_tables/data__.tsv,132,9.0.1
wh3_main_army_abilities_blade_of_khorne,wh3_dlc26_kho_skulltaker,false,data/unit_stats/abilities/source_exports/db/army_special_abilities_for_faction_junctions_tables/data__.tsv,133,9.0.1
wh3_main_army_abilities_blade_of_khorne,wh3_dlc29_khorne_vassal_owner,false,data/unit_stats/abilities/source_exports/db/army_special_abilities_for_faction_junctions_tables/data__.tsv,134,9.0.1
wh3_main_army_abilities_blade_of_khorne,wh3_main_dae_daemon_prince,false,data/unit_stats/abilities/source_exports/db/army_special_abilities_for_faction_junctions_tables/data__.tsv,135,9.0.1
wh3_main_army_abilities_blade_of_khorne,wh3_main_dae_daemons_qb1,false,data/unit_stats/abilities/source_exports/db/army_special_abilities_for_faction_junctions_tables/data__.tsv,136,9.0.1
wh3_main_army_abilities_blade_of_khorne,wh3_main_kho_bloody_sword,false,data/unit_stats/abilities/source_exports/db/army_special_abilities_for_faction_junctions_tables/data__.tsv,137,9.0.1
wh3_main_army_abilities_blade_of_khorne,wh3_main_kho_brazen_throne,false,data/unit_stats/abilities/source_exports/db/army_special_abilities_for_faction_junctions_tables/data__.tsv,138,9.0.1
wh3_main_army_abilities_blade_of_khorne,wh3_main_kho_crimson_skull,false,data/unit_stats/abilities/source_exports/db/army_special_abilities_for_faction_junctions_tables/data__.tsv,139,9.0.1
wh3_main_army_abilities_blade_of_khorne,wh3_main_kho_exiles_of_khorne,false,data/unit_stats/abilities/source_exports/db/army_special_abilities_for_faction_junctions_tables/data__.tsv,140,9.0.1
wh3_main_army_abilities_blade_of_khorne,wh3_main_kho_karneths_sons,false,data/unit_stats/abilities/source_exports/db/army_special_abilities_for_faction_junctions_tables/data__.tsv,141,9.0.1
wh3_main_army_abilities_blade_of_khorne,wh3_main_kho_khorne,false,data/unit_stats/abilities/source_exports/db/army_special_abilities_for_faction_junctions_tables/data__.tsv,142,9.0.1
wh3_main_army_abilities_blade_of_khorne,wh3_main_kho_khorne_qb1,false,data/unit_stats/abilities/source_exports/db/army_special_abilities_for_faction_junctions_tables/data__.tsv,143,9.0.1
wh3_main_army_abilities_blade_of_khorne,wh3_main_kho_khorne_qb2,false,data/unit_stats/abilities/source_exports/db/army_special_abilities_for_faction_junctions_tables/data__.tsv,144,9.0.1
wh3_main_army_abilities_blade_of_khorne,wh3_main_kho_khorne_rebels,false,data/unit_stats/abilities/source_exports/db/army_special_abilities_for_faction_junctions_tables/data__.tsv,145,9.0.1
wh3_main_army_abilities_bolt_of_change,wh3_dlc20_tze_apostles_of_change,false,data/unit_stats/abilities/source_exports/db/army_special_abilities_for_faction_junctions_tables/data__.tsv,146,9.0.1
wh3_main_army_abilities_bolt_of_change,wh3_dlc20_tze_the_sightless,false,data/unit_stats/abilities/source_exports/db/army_special_abilities_for_faction_junctions_tables/data__.tsv,147,9.0.1
wh3_main_army_abilities_bolt_of_change,wh3_dlc24_tze_the_deceivers,false,data/unit_stats/abilities/source_exports/db/army_special_abilities_for_faction_junctions_tables/data__.tsv,148,9.0.1
wh3_main_army_abilities_bolt_of_change,wh3_dlc29_tzeentch_vassal_owner,false,data/unit_stats/abilities/source_exports/db/army_special_abilities_for_faction_junctions_tables/data__.tsv,149,9.0.1
wh3_main_army_abilities_bolt_of_change,wh3_main_dae_daemon_prince,false,data/unit_stats/abilities/source_exports/db/army_special_abilities_for_faction_junctions_tables/data__.tsv,150,9.0.1
wh3_main_army_abilities_bolt_of_change,wh3_main_dae_daemons_qb1,false,data/unit_stats/abilities/source_exports/db/army_special_abilities_for_faction_junctions_tables/data__.tsv,151,9.0.1
wh3_main_army_abilities_bolt_of_change,wh3_main_tze_all_seeing_eye,false,data/unit_stats/abilities/source_exports/db/army_special_abilities_for_faction_junctions_tables/data__.tsv,152,9.0.1
wh3_main_army_abilities_bolt_of_change,wh3_main_tze_broken_wheel,false,data/unit_stats/abilities/source_exports/db/army_special_abilities_for_faction_junctions_tables/data__.tsv,153,9.0.1
wh3_main_army_abilities_bolt_of_change,wh3_main_tze_flaming_scribes,false,data/unit_stats/abilities/source_exports/db/army_special_abilities_for_faction_junctions_tables/data__.tsv,154,9.0.1
wh3_main_army_abilities_bolt_of_change,wh3_main_tze_oracles_of_tzeentch,false,data/unit_stats/abilities/source_exports/db/army_special_abilities_for_faction_junctions_tables/data__.tsv,155,9.0.1
wh3_main_army_abilities_bolt_of_change,wh3_main_tze_sarthoraels_watchers,false,data/unit_stats/abilities/source_exports/db/army_special_abilities_for_faction_junctions_tables/data__.tsv,156,9.0.1
wh3_main_army_abilities_bolt_of_change,wh3_main_tze_tzeentch,false,data/unit_stats/abilities/source_exports/db/army_special_abilities_for_faction_junctions_tables/data__.tsv,157,9.0.1
wh3_main_army_abilities_bolt_of_change,wh3_main_tze_tzeentch_invasion,false,data/unit_stats/abilities/source_exports/db/army_special_abilities_for_faction_junctions_tables/data__.tsv,158,9.0.1
wh3_main_army_abilities_bolt_of_change,wh3_main_tze_tzeentch_qb1,false,data/unit_stats/abilities/source_exports/db/army_special_abilities_for_faction_junctions_tables/data__.tsv,159,9.0.1
wh3_main_army_abilities_bolt_of_change,wh3_main_tze_tzeentch_qb2,false,data/unit_stats/abilities/source_exports/db/army_special_abilities_for_faction_junctions_tables/data__.tsv,160,9.0.1
wh3_main_army_abilities_bolt_of_change,wh3_main_tze_tzeentch_rebels,false,data/unit_stats/abilities/source_exports/db/army_special_abilities_for_faction_junctions_tables/data__.tsv,161,9.0.1
wh3_main_army_abilities_curse_of_the_slug,wh3_dlc20_nur_pallid_nurslings,false,data/unit_stats/abilities/source_exports/db/army_special_abilities_for_faction_junctions_tables/data__.tsv,162,9.0.1
wh3_main_army_abilities_curse_of_the_slug,wh3_dlc25_nur_epidemius,false,data/unit_stats/abilities/source_exports/db/army_special_abilities_for_faction_junctions_tables/data__.tsv,163,9.0.1
wh3_main_army_abilities_curse_of_the_slug,wh3_dlc25_nur_tamurkhan,false,data/unit_stats/abilities/source_exports/db/army_special_abilities_for_faction_junctions_tables/data__.tsv,164,9.0.1
wh3_main_army_abilities_curse_of_the_slug,wh3_dlc29_chs_host_of_the_triplets,false,data/unit_stats/abilities/source_exports/db/army_special_abilities_for_faction_junctions_tables/data__.tsv,165,9.0.1
wh3_main_army_abilities_curse_of_the_slug,wh3_dlc29_nurgle_vassal_owner,false,data/unit_stats/abilities/source_exports/db/army_special_abilities_for_faction_junctions_tables/data__.tsv,166,9.0.1
wh3_main_army_abilities_curse_of_the_slug,wh3_main_dae_daemon_prince,false,data/unit_stats/abilities/source_exports/db/army_special_abilities_for_faction_junctions_tables/data__.tsv,167,9.0.1
wh3_main_army_abilities_curse_of_the_slug,wh3_main_dae_daemons_qb1,false,data/unit_stats/abilities/source_exports/db/army_special_abilities_for_faction_junctions_tables/data__.tsv,168,9.0.1
wh3_main_army_abilities_curse_of_the_slug,wh3_main_nur_bubonic_swarm,false,data/unit_stats/abilities/source_exports/db/army_special_abilities_for_faction_junctions_tables/data__.tsv,169,9.0.1
wh3_main_army_abilities_curse_of_the_slug,wh3_main_nur_maggoth_kin,false,data/unit_stats/abilities/source_exports/db/army_special_abilities_for_faction_junctions_tables/data__.tsv,170,9.0.1
wh3_main_army_abilities_curse_of_the_slug,wh3_main_nur_nurgle,false,data/unit_stats/abilities/source_exports/db/army_special_abilities_for_faction_junctions_tables/data__.tsv,171,9.0.1
wh3_main_army_abilities_curse_of_the_slug,wh3_main_nur_nurgle_qb1,false,data/unit_stats/abilities/source_exports/db/army_special_abilities_for_faction_junctions_tables/data__.tsv,172,9.0.1
wh3_main_army_abilities_curse_of_the_slug,wh3_main_nur_nurgle_qb2,false,data/unit_stats/abilities/source_exports/db/army_special_abilities_for_faction_junctions_tables/data__.tsv,173,9.0.1
wh3_main_army_abilities_curse_of_the_slug,wh3_main_nur_nurgle_rebels,false,data/unit_stats/abilities/source_exports/db/army_special_abilities_for_faction_junctions_tables/data__.tsv,174,9.0.1
wh3_main_army_abilities_curse_of_the_slug,wh3_main_nur_poxmakers_of_nurgle,false,data/unit_stats/abilities/source_exports/db/army_special_abilities_for_faction_junctions_tables/data__.tsv,175,9.0.1
wh3_main_army_abilities_curse_of_the_slug,wh3_main_nur_septic_claw,false,data/unit_stats/abilities/source_exports/db/army_special_abilities_for_faction_junctions_tables/data__.tsv,176,9.0.1
wh3_main_army_abilities_fascination,wh3_dlc20_sla_keepers_of_bliss,false,data/unit_stats/abilities/source_exports/db/army_special_abilities_for_faction_junctions_tables/data__.tsv,177,9.0.1
wh3_main_army_abilities_fascination,wh3_dlc27_sla_masque_of_slaanesh,false,data/unit_stats/abilities/source_exports/db/army_special_abilities_for_faction_junctions_tables/data__.tsv,178,9.0.1
wh3_main_army_abilities_fascination,wh3_dlc27_sla_the_tormentors,false,data/unit_stats/abilities/source_exports/db/army_special_abilities_for_faction_junctions_tables/data__.tsv,179,9.0.1
wh3_main_army_abilities_fascination,wh3_dlc29_slaanesh_vassal_owner,false,data/unit_stats/abilities/source_exports/db/army_special_abilities_for_faction_junctions_tables/data__.tsv,180,9.0.1
wh3_main_army_abilities_fascination,wh3_main_dae_daemon_prince,false,data/unit_stats/abilities/source_exports/db/army_special_abilities_for_faction_junctions_tables/data__.tsv,181,9.0.1
wh3_main_army_abilities_fascination,wh3_main_dae_daemons_qb1,false,data/unit_stats/abilities/source_exports/db/army_special_abilities_for_faction_junctions_tables/data__.tsv,182,9.0.1
wh3_main_army_abilities_fascination,wh3_main_sla_exquisite_pain,false,data/unit_stats/abilities/source_exports/db/army_special_abilities_for_faction_junctions_tables/data__.tsv,183,9.0.1
wh3_main_army_abilities_fascination,wh3_main_sla_rapturous_excess,false,data/unit_stats/abilities/source_exports/db/army_special_abilities_for_faction_junctions_tables/data__.tsv,184,9.0.1
wh3_main_army_abilities_fascination,wh3_main_sla_seducers_of_slaanesh,false,data/unit_stats/abilities/source_exports/db/army_special_abilities_for_faction_junctions_tables/data__.tsv,185,9.0.1
wh3_main_army_abilities_fascination,wh3_main_sla_slaanesh,false,data/unit_stats/abilities/source_exports/db/army_special_abilities_for_faction_junctions_tables/data__.tsv,186,9.0.1
wh3_main_army_abilities_fascination,wh3_main_sla_slaanesh_qb1,false,data/unit_stats/abilities/source_exports/db/army_special_abilities_for_faction_junctions_tables/data__.tsv,187,9.0.1
wh3_main_army_abilities_fascination,wh3_main_sla_slaanesh_rebels,false,data/unit_stats/abilities/source_exports/db/army_special_abilities_for_faction_junctions_tables/data__.tsv,188,9.0.1
wh3_main_army_abilities_fascination,wh3_main_sla_subtle_torture,false,data/unit_stats/abilities/source_exports/db/army_special_abilities_for_faction_junctions_tables/data__.tsv,189,9.0.1
wh3_main_army_abilities_fecundity,wh3_dlc20_nur_pallid_nurslings,false,data/unit_stats/abilities/source_exports/db/army_special_abilities_for_faction_junctions_tables/data__.tsv,190,9.0.1
wh3_main_army_abilities_fecundity,wh3_dlc25_nur_epidemius,false,data/unit_stats/abilities/source_exports/db/army_special_abilities_for_faction_junctions_tables/data__.tsv,191,9.0.1
wh3_main_army_abilities_fecundity,wh3_dlc25_nur_tamurkhan,false,data/unit_stats/abilities/source_exports/db/army_special_abilities_for_faction_junctions_tables/data__.tsv,192,9.0.1
wh3_main_army_abilities_fecundity,wh3_dlc29_chs_host_of_the_triplets,false,data/unit_stats/abilities/source_exports/db/army_special_abilities_for_faction_junctions_tables/data__.tsv,193,9.0.1
wh3_main_army_abilities_fecundity,wh3_dlc29_nurgle_vassal_owner,false,data/unit_stats/abilities/source_exports/db/army_special_abilities_for_faction_junctions_tables/data__.tsv,194,9.0.1
wh3_main_army_abilities_fecundity,wh3_main_dae_daemon_prince,false,data/unit_stats/abilities/source_exports/db/army_special_abilities_for_faction_junctions_tables/data__.tsv,195,9.0.1
wh3_main_army_abilities_fecundity,wh3_main_dae_daemons_qb1,false,data/unit_stats/abilities/source_exports/db/army_special_abilities_for_faction_junctions_tables/data__.tsv,196,9.0.1
wh3_main_army_abilities_fecundity,wh3_main_nur_bubonic_swarm,false,data/unit_stats/abilities/source_exports/db/army_special_abilities_for_faction_junctions_tables/data__.tsv,197,9.0.1
wh3_main_army_abilities_fecundity,wh3_main_nur_maggoth_kin,false,data/unit_stats/abilities/source_exports/db/army_special_abilities_for_faction_junctions_tables/data__.tsv,198,9.0.1
wh3_main_army_abilities_fecundity,wh3_main_nur_nurgle,false,data/unit_stats/abilities/source_exports/db/army_special_abilities_for_faction_junctions_tables/data__.tsv,199,9.0.1
wh3_main_army_abilities_fecundity,wh3_main_nur_nurgle_qb1,false,data/unit_stats/abilities/source_exports/db/army_special_abilities_for_faction_junctions_tables/data__.tsv,200,9.0.1
wh3_main_army_abilities_fecundity,wh3_main_nur_nurgle_qb2,false,data/unit_stats/abilities/source_exports/db/army_special_abilities_for_faction_junctions_tables/data__.tsv,201,9.0.1
wh3_main_army_abilities_fecundity,wh3_main_nur_nurgle_rebels,false,data/unit_stats/abilities/source_exports/db/army_special_abilities_for_faction_junctions_tables/data__.tsv,202,9.0.1
wh3_main_army_abilities_fecundity,wh3_main_nur_poxmakers_of_nurgle,false,data/unit_stats/abilities/source_exports/db/army_special_abilities_for_faction_junctions_tables/data__.tsv,203,9.0.1
wh3_main_army_abilities_fecundity,wh3_main_nur_septic_claw,false,data/unit_stats/abilities/source_exports/db/army_special_abilities_for_faction_junctions_tables/data__.tsv,204,9.0.1
wh3_main_army_abilities_horn_of_khorne,wh3_dlc20_kho_blood_keepers,false,data/unit_stats/abilities/source_exports/db/army_special_abilities_for_faction_junctions_tables/data__.tsv,205,9.0.1
wh3_main_army_abilities_horn_of_khorne,wh3_dlc26_kho_arbaal,false,data/unit_stats/abilities/source_exports/db/army_special_abilities_for_faction_junctions_tables/data__.tsv,206,9.0.1
wh3_main_army_abilities_horn_of_khorne,wh3_dlc26_kho_skulltaker,false,data/unit_stats/abilities/source_exports/db/army_special_abilities_for_faction_junctions_tables/data__.tsv,207,9.0.1
wh3_main_army_abilities_horn_of_khorne,wh3_dlc29_khorne_vassal_owner,false,data/unit_stats/abilities/source_exports/db/army_special_abilities_for_faction_junctions_tables/data__.tsv,208,9.0.1
wh3_main_army_abilities_horn_of_khorne,wh3_main_dae_daemon_prince,false,data/unit_stats/abilities/source_exports/db/army_special_abilities_for_faction_junctions_tables/data__.tsv,209,9.0.1
wh3_main_army_abilities_horn_of_khorne,wh3_main_dae_daemons_qb1,false,data/unit_stats/abilities/source_exports/db/army_special_abilities_for_faction_junctions_tables/data__.tsv,210,9.0.1
wh3_main_army_abilities_horn_of_khorne,wh3_main_kho_bloody_sword,false,data/unit_stats/abilities/source_exports/db/army_special_abilities_for_faction_junctions_tables/data__.tsv,211,9.0.1
wh3_main_army_abilities_horn_of_khorne,wh3_main_kho_brazen_throne,false,data/unit_stats/abilities/source_exports/db/army_special_abilities_for_faction_junctions_tables/data__.tsv,212,9.0.1
wh3_main_army_abilities_horn_of_khorne,wh3_main_kho_crimson_skull,false,data/unit_stats/abilities/source_exports/db/army_special_abilities_for_faction_junctions_tables/data__.tsv,213,9.0.1
wh3_main_army_abilities_horn_of_khorne,wh3_main_kho_exiles_of_khorne,false,data/unit_stats/abilities/source_exports/db/army_special_abilities_for_faction_junctions_tables/data__.tsv,214,9.0.1
wh3_main_army_abilities_horn_of_khorne,wh3_main_kho_karneths_sons,false,data/unit_stats/abilities/source_exports/db/army_special_abilities_for_faction_junctions_tables/data__.tsv,215,9.0.1
wh3_main_army_abilities_horn_of_khorne,wh3_main_kho_khorne,false,data/unit_stats/abilities/source_exports/db/army_special_abilities_for_faction_junctions_tables/data__.tsv,216,9.0.1
wh3_main_army_abilities_horn_of_khorne,wh3_main_kho_khorne_qb1,false,data/unit_stats/abilities/source_exports/db/army_special_abilities_for_faction_junctions_tables/data__.tsv,217,9.0.1
wh3_main_army_abilities_horn_of_khorne,wh3_main_kho_khorne_qb2,false,data/unit_stats/abilities/source_exports/db/army_special_abilities_for_faction_junctions_tables/data__.tsv,218,9.0.1
wh3_main_army_abilities_horn_of_khorne,wh3_main_kho_khorne_rebels,false,data/unit_stats/abilities/source_exports/db/army_special_abilities_for_faction_junctions_tables/data__.tsv,219,9.0.1
wh3_main_army_abilities_narcissism,wh3_dlc20_sla_keepers_of_bliss,false,data/unit_stats/abilities/source_exports/db/army_special_abilities_for_faction_junctions_tables/data__.tsv,220,9.0.1
wh3_main_army_abilities_narcissism,wh3_dlc27_sla_masque_of_slaanesh,false,data/unit_stats/abilities/source_exports/db/army_special_abilities_for_faction_junctions_tables/data__.tsv,221,9.0.1
wh3_main_army_abilities_narcissism,wh3_dlc27_sla_the_tormentors,false,data/unit_stats/abilities/source_exports/db/army_special_abilities_for_faction_junctions_tables/data__.tsv,222,9.0.1
wh3_main_army_abilities_narcissism,wh3_dlc29_slaanesh_vassal_owner,false,data/unit_stats/abilities/source_exports/db/army_special_abilities_for_faction_junctions_tables/data__.tsv,223,9.0.1
wh3_main_army_abilities_narcissism,wh3_main_dae_daemon_prince,false,data/unit_stats/abilities/source_exports/db/army_special_abilities_for_faction_junctions_tables/data__.tsv,224,9.0.1
wh3_main_army_abilities_narcissism,wh3_main_dae_daemons_qb1,false,data/unit_stats/abilities/source_exports/db/army_special_abilities_for_faction_junctions_tables/data__.tsv,225,9.0.1
wh3_main_army_abilities_narcissism,wh3_main_sla_exquisite_pain,false,data/unit_stats/abilities/source_exports/db/army_special_abilities_for_faction_junctions_tables/data__.tsv,226,9.0.1
wh3_main_army_abilities_narcissism,wh3_main_sla_rapturous_excess,false,data/unit_stats/abilities/source_exports/db/army_special_abilities_for_faction_junctions_tables/data__.tsv,227,9.0.1
wh3_main_army_abilities_narcissism,wh3_main_sla_seducers_of_slaanesh,false,data/unit_stats/abilities/source_exports/db/army_special_abilities_for_faction_junctions_tables/data__.tsv,228,9.0.1
wh3_main_army_abilities_narcissism,wh3_main_sla_slaanesh,false,data/unit_stats/abilities/source_exports/db/army_special_abilities_for_faction_junctions_tables/data__.tsv,229,9.0.1
wh3_main_army_abilities_narcissism,wh3_main_sla_slaanesh_qb1,false,data/unit_stats/abilities/source_exports/db/army_special_abilities_for_faction_junctions_tables/data__.tsv,230,9.0.1
wh3_main_army_abilities_narcissism,wh3_main_sla_slaanesh_rebels,false,data/unit_stats/abilities/source_exports/db/army_special_abilities_for_faction_junctions_tables/data__.tsv,231,9.0.1
wh3_main_army_abilities_narcissism,wh3_main_sla_subtle_torture,false,data/unit_stats/abilities/source_exports/db/army_special_abilities_for_faction_junctions_tables/data__.tsv,232,9.0.1
wh3_main_army_abilities_relentless_rage,wh3_dlc20_kho_blood_keepers,false,data/unit_stats/abilities/source_exports/db/army_special_abilities_for_faction_junctions_tables/data__.tsv,233,9.0.1
wh3_main_army_abilities_relentless_rage,wh3_dlc26_kho_arbaal,false,data/unit_stats/abilities/source_exports/db/army_special_abilities_for_faction_junctions_tables/data__.tsv,234,9.0.1
wh3_main_army_abilities_relentless_rage,wh3_dlc26_kho_skulltaker,false,data/unit_stats/abilities/source_exports/db/army_special_abilities_for_faction_junctions_tables/data__.tsv,235,9.0.1
wh3_main_army_abilities_relentless_rage,wh3_dlc29_khorne_vassal_owner,false,data/unit_stats/abilities/source_exports/db/army_special_abilities_for_faction_junctions_tables/data__.tsv,236,9.0.1
wh3_main_army_abilities_relentless_rage,wh3_main_dae_daemon_prince,false,data/unit_stats/abilities/source_exports/db/army_special_abilities_for_faction_junctions_tables/data__.tsv,237,9.0.1
wh3_main_army_abilities_relentless_rage,wh3_main_dae_daemons_qb1,false,data/unit_stats/abilities/source_exports/db/army_special_abilities_for_faction_junctions_tables/data__.tsv,238,9.0.1
wh3_main_army_abilities_relentless_rage,wh3_main_kho_bloody_sword,false,data/unit_stats/abilities/source_exports/db/army_special_abilities_for_faction_junctions_tables/data__.tsv,239,9.0.1
wh3_main_army_abilities_relentless_rage,wh3_main_kho_brazen_throne,false,data/unit_stats/abilities/source_exports/db/army_special_abilities_for_faction_junctions_tables/data__.tsv,240,9.0.1
wh3_main_army_abilities_relentless_rage,wh3_main_kho_crimson_skull,false,data/unit_stats/abilities/source_exports/db/army_special_abilities_for_faction_junctions_tables/data__.tsv,241,9.0.1
wh3_main_army_abilities_relentless_rage,wh3_main_kho_exiles_of_khorne,false,data/unit_stats/abilities/source_exports/db/army_special_abilities_for_faction_junctions_tables/data__.tsv,242,9.0.1
wh3_main_army_abilities_relentless_rage,wh3_main_kho_karneths_sons,false,data/unit_stats/abilities/source_exports/db/army_special_abilities_for_faction_junctions_tables/data__.tsv,243,9.0.1
wh3_main_army_abilities_relentless_rage,wh3_main_kho_khorne,false,data/unit_stats/abilities/source_exports/db/army_special_abilities_for_faction_junctions_tables/data__.tsv,244,9.0.1
wh3_main_army_abilities_relentless_rage,wh3_main_kho_khorne_qb1,false,data/unit_stats/abilities/source_exports/db/army_special_abilities_for_faction_junctions_tables/data__.tsv,245,9.0.1
wh3_main_army_abilities_relentless_rage,wh3_main_kho_khorne_qb2,false,data/unit_stats/abilities/source_exports/db/army_special_abilities_for_faction_junctions_tables/data__.tsv,246,9.0.1
wh3_main_army_abilities_relentless_rage,wh3_main_kho_khorne_rebels,false,data/unit_stats/abilities/source_exports/db/army_special_abilities_for_faction_junctions_tables/data__.tsv,247,9.0.1
wh3_main_army_abilities_rot_glorious_rot,wh3_dlc20_nur_pallid_nurslings,false,data/unit_stats/abilities/source_exports/db/army_special_abilities_for_faction_junctions_tables/data__.tsv,248,9.0.1
wh3_main_army_abilities_rot_glorious_rot,wh3_dlc25_nur_epidemius,false,data/unit_stats/abilities/source_exports/db/army_special_abilities_for_faction_junctions_tables/data__.tsv,249,9.0.1
wh3_main_army_abilities_rot_glorious_rot,wh3_dlc25_nur_tamurkhan,false,data/unit_stats/abilities/source_exports/db/army_special_abilities_for_faction_junctions_tables/data__.tsv,250,9.0.1
wh3_main_army_abilities_rot_glorious_rot,wh3_dlc29_chs_host_of_the_triplets,false,data/unit_stats/abilities/source_exports/db/army_special_abilities_for_faction_junctions_tables/data__.tsv,251,9.0.1
wh3_main_army_abilities_rot_glorious_rot,wh3_dlc29_nurgle_vassal_owner,false,data/unit_stats/abilities/source_exports/db/army_special_abilities_for_faction_junctions_tables/data__.tsv,252,9.0.1
wh3_main_army_abilities_rot_glorious_rot,wh3_main_dae_daemon_prince,false,data/unit_stats/abilities/source_exports/db/army_special_abilities_for_faction_junctions_tables/data__.tsv,253,9.0.1
wh3_main_army_abilities_rot_glorious_rot,wh3_main_dae_daemons_qb1,false,data/unit_stats/abilities/source_exports/db/army_special_abilities_for_faction_junctions_tables/data__.tsv,254,9.0.1
wh3_main_army_abilities_rot_glorious_rot,wh3_main_nur_bubonic_swarm,false,data/unit_stats/abilities/source_exports/db/army_special_abilities_for_faction_junctions_tables/data__.tsv,255,9.0.1
wh3_main_army_abilities_rot_glorious_rot,wh3_main_nur_maggoth_kin,false,data/unit_stats/abilities/source_exports/db/army_special_abilities_for_faction_junctions_tables/data__.tsv,256,9.0.1
wh3_main_army_abilities_rot_glorious_rot,wh3_main_nur_nurgle,false,data/unit_stats/abilities/source_exports/db/army_special_abilities_for_faction_junctions_tables/data__.tsv,257,9.0.1
wh3_main_army_abilities_rot_glorious_rot,wh3_main_nur_nurgle_qb1,false,data/unit_stats/abilities/source_exports/db/army_special_abilities_for_faction_junctions_tables/data__.tsv,258,9.0.1
wh3_main_army_abilities_rot_glorious_rot,wh3_main_nur_nurgle_qb2,false,data/unit_stats/abilities/source_exports/db/army_special_abilities_for_faction_junctions_tables/data__.tsv,259,9.0.1
wh3_main_army_abilities_rot_glorious_rot,wh3_main_nur_nurgle_rebels,false,data/unit_stats/abilities/source_exports/db/army_special_abilities_for_faction_junctions_tables/data__.tsv,260,9.0.1
wh3_main_army_abilities_rot_glorious_rot,wh3_main_nur_poxmakers_of_nurgle,false,data/unit_stats/abilities/source_exports/db/army_special_abilities_for_faction_junctions_tables/data__.tsv,261,9.0.1
wh3_main_army_abilities_rot_glorious_rot,wh3_main_nur_septic_claw,false,data/unit_stats/abilities/source_exports/db/army_special_abilities_for_faction_junctions_tables/data__.tsv,262,9.0.1
wh3_main_army_abilities_storm_of_fire,wh3_dlc20_tze_apostles_of_change,false,data/unit_stats/abilities/source_exports/db/army_special_abilities_for_faction_junctions_tables/data__.tsv,263,9.0.1
wh3_main_army_abilities_storm_of_fire,wh3_dlc20_tze_the_sightless,false,data/unit_stats/abilities/source_exports/db/army_special_abilities_for_faction_junctions_tables/data__.tsv,264,9.0.1
wh3_main_army_abilities_storm_of_fire,wh3_dlc24_tze_the_deceivers,false,data/unit_stats/abilities/source_exports/db/army_special_abilities_for_faction_junctions_tables/data__.tsv,265,9.0.1
wh3_main_army_abilities_storm_of_fire,wh3_dlc29_tzeentch_vassal_owner,false,data/unit_stats/abilities/source_exports/db/army_special_abilities_for_faction_junctions_tables/data__.tsv,266,9.0.1
wh3_main_army_abilities_storm_of_fire,wh3_main_dae_daemon_prince,false,data/unit_stats/abilities/source_exports/db/army_special_abilities_for_faction_junctions_tables/data__.tsv,267,9.0.1
wh3_main_army_abilities_storm_of_fire,wh3_main_dae_daemons_qb1,false,data/unit_stats/abilities/source_exports/db/army_special_abilities_for_faction_junctions_tables/data__.tsv,268,9.0.1
wh3_main_army_abilities_storm_of_fire,wh3_main_tze_all_seeing_eye,false,data/unit_stats/abilities/source_exports/db/army_special_abilities_for_faction_junctions_tables/data__.tsv,269,9.0.1
wh3_main_army_abilities_storm_of_fire,wh3_main_tze_broken_wheel,false,data/unit_stats/abilities/source_exports/db/army_special_abilities_for_faction_junctions_tables/data__.tsv,270,9.0.1
wh3_main_army_abilities_storm_of_fire,wh3_main_tze_flaming_scribes,false,data/unit_stats/abilities/source_exports/db/army_special_abilities_for_faction_junctions_tables/data__.tsv,271,9.0.1
wh3_main_army_abilities_storm_of_fire,wh3_main_tze_oracles_of_tzeentch,false,data/unit_stats/abilities/source_exports/db/army_special_abilities_for_faction_junctions_tables/data__.tsv,272,9.0.1
wh3_main_army_abilities_storm_of_fire,wh3_main_tze_sarthoraels_watchers,false,data/unit_stats/abilities/source_exports/db/army_special_abilities_for_faction_junctions_tables/data__.tsv,273,9.0.1
wh3_main_army_abilities_storm_of_fire,wh3_main_tze_tzeentch,false,data/unit_stats/abilities/source_exports/db/army_special_abilities_for_faction_junctions_tables/data__.tsv,274,9.0.1
wh3_main_army_abilities_storm_of_fire,wh3_main_tze_tzeentch_invasion,false,data/unit_stats/abilities/source_exports/db/army_special_abilities_for_faction_junctions_tables/data__.tsv,275,9.0.1
wh3_main_army_abilities_storm_of_fire,wh3_main_tze_tzeentch_qb1,false,data/unit_stats/abilities/source_exports/db/army_special_abilities_for_faction_junctions_tables/data__.tsv,276,9.0.1
wh3_main_army_abilities_storm_of_fire,wh3_main_tze_tzeentch_qb2,false,data/unit_stats/abilities/source_exports/db/army_special_abilities_for_faction_junctions_tables/data__.tsv,277,9.0.1
wh3_main_army_abilities_storm_of_fire,wh3_main_tze_tzeentch_rebels,false,data/unit_stats/abilities/source_exports/db/army_special_abilities_for_faction_junctions_tables/data__.tsv,278,9.0.1
wh3_main_army_abilities_sweet_sorrow,wh3_dlc20_sla_keepers_of_bliss,false,data/unit_stats/abilities/source_exports/db/army_special_abilities_for_faction_junctions_tables/data__.tsv,279,9.0.1
wh3_main_army_abilities_sweet_sorrow,wh3_dlc27_sla_masque_of_slaanesh,false,data/unit_stats/abilities/source_exports/db/army_special_abilities_for_faction_junctions_tables/data__.tsv,280,9.0.1
wh3_main_army_abilities_sweet_sorrow,wh3_dlc27_sla_the_tormentors,false,data/unit_stats/abilities/source_exports/db/army_special_abilities_for_faction_junctions_tables/data__.tsv,281,9.0.1
wh3_main_army_abilities_sweet_sorrow,wh3_dlc29_slaanesh_vassal_owner,false,data/unit_stats/abilities/source_exports/db/army_special_abilities_for_faction_junctions_tables/data__.tsv,282,9.0.1
wh3_main_army_abilities_sweet_sorrow,wh3_main_dae_daemon_prince,false,data/unit_stats/abilities/source_exports/db/army_special_abilities_for_faction_junctions_tables/data__.tsv,283,9.0.1
wh3_main_army_abilities_sweet_sorrow,wh3_main_dae_daemons_qb1,false,data/unit_stats/abilities/source_exports/db/army_special_abilities_for_faction_junctions_tables/data__.tsv,284,9.0.1
wh3_main_army_abilities_sweet_sorrow,wh3_main_sla_exquisite_pain,false,data/unit_stats/abilities/source_exports/db/army_special_abilities_for_faction_junctions_tables/data__.tsv,285,9.0.1
wh3_main_army_abilities_sweet_sorrow,wh3_main_sla_rapturous_excess,false,data/unit_stats/abilities/source_exports/db/army_special_abilities_for_faction_junctions_tables/data__.tsv,286,9.0.1
wh3_main_army_abilities_sweet_sorrow,wh3_main_sla_seducers_of_slaanesh,false,data/unit_stats/abilities/source_exports/db/army_special_abilities_for_faction_junctions_tables/data__.tsv,287,9.0.1
wh3_main_army_abilities_sweet_sorrow,wh3_main_sla_slaanesh,false,data/unit_stats/abilities/source_exports/db/army_special_abilities_for_faction_junctions_tables/data__.tsv,288,9.0.1
wh3_main_army_abilities_sweet_sorrow,wh3_main_sla_slaanesh_qb1,false,data/unit_stats/abilities/source_exports/db/army_special_abilities_for_faction_junctions_tables/data__.tsv,289,9.0.1
wh3_main_army_abilities_sweet_sorrow,wh3_main_sla_slaanesh_rebels,false,data/unit_stats/abilities/source_exports/db/army_special_abilities_for_faction_junctions_tables/data__.tsv,290,9.0.1
wh3_main_army_abilities_sweet_sorrow,wh3_main_sla_subtle_torture,false,data/unit_stats/abilities/source_exports/db/army_special_abilities_for_faction_junctions_tables/data__.tsv,291,9.0.1
wh3_main_prisoners_butcher,wh3_dlc26_ogr_golgfag,false,data/unit_stats/abilities/source_exports/db/army_special_abilities_for_faction_junctions_tables/data__.tsv,292,9.0.1
wh3_main_prisoners_butcher,wh3_main_ogr_blood_guzzlers,false,data/unit_stats/abilities/source_exports/db/army_special_abilities_for_faction_junctions_tables/data__.tsv,293,9.0.1
wh3_main_prisoners_butcher,wh3_main_ogr_bloodmaw,false,data/unit_stats/abilities/source_exports/db/army_special_abilities_for_faction_junctions_tables/data__.tsv,294,9.0.1
wh3_main_prisoners_butcher,wh3_main_ogr_crossed_clubs,false,data/unit_stats/abilities/source_exports/db/army_special_abilities_for_faction_junctions_tables/data__.tsv,295,9.0.1
wh3_main_prisoners_butcher,wh3_main_ogr_disciples_of_the_maw,false,data/unit_stats/abilities/source_exports/db/army_special_abilities_for_faction_junctions_tables/data__.tsv,296,9.0.1
wh3_main_prisoners_butcher,wh3_main_ogr_eyebiter,false,data/unit_stats/abilities/source_exports/db/army_special_abilities_for_faction_junctions_tables/data__.tsv,297,9.0.1
wh3_main_prisoners_butcher,wh3_main_ogr_feastmaster,false,data/unit_stats/abilities/source_exports/db/army_special_abilities_for_faction_junctions_tables/data__.tsv,298,9.0.1
wh3_main_prisoners_butcher,wh3_main_ogr_fleshgreeders,false,data/unit_stats/abilities/source_exports/db/army_special_abilities_for_faction_junctions_tables/data__.tsv,299,9.0.1
wh3_main_prisoners_butcher,wh3_main_ogr_fulg,false,data/unit_stats/abilities/source_exports/db/army_special_abilities_for_faction_junctions_tables/data__.tsv,300,9.0.1
wh3_main_prisoners_butcher,wh3_main_ogr_goldtooth,false,data/unit_stats/abilities/source_exports/db/army_special_abilities_for_faction_junctions_tables/data__.tsv,301,9.0.1
wh3_main_prisoners_butcher,wh3_main_ogr_lazarghs,false,data/unit_stats/abilities/source_exports/db/army_special_abilities_for_faction_junctions_tables/data__.tsv,302,9.0.1
wh3_main_prisoners_butcher,wh3_main_ogr_loose_tooth,false,data/unit_stats/abilities/source_exports/db/army_special_abilities_for_faction_junctions_tables/data__.tsv,303,9.0.1
wh3_main_prisoners_butcher,wh3_main_ogr_mountaineaters,false,data/unit_stats/abilities/source_exports/db/army_special_abilities_for_faction_junctions_tables/data__.tsv,304,9.0.1
wh3_main_prisoners_butcher,wh3_main_ogr_ogre_kingdoms,false,data/unit_stats/abilities/source_exports/db/army_special_abilities_for_faction_junctions_tables/data__.tsv,305,9.0.1
wh3_main_prisoners_butcher,wh3_main_ogr_ogre_kingdoms_invasion,false,data/unit_stats/abilities/source_exports/db/army_special_abilities_for_faction_junctions_tables/data__.tsv,306,9.0.1
wh3_main_prisoners_butcher,wh3_main_ogr_ogre_kingdoms_qb1,false,data/unit_stats/abilities/source_exports/db/army_special_abilities_for_faction_junctions_tables/data__.tsv,307,9.0.1
wh3_main_prisoners_butcher,wh3_main_ogr_ogre_kingdoms_qb2,false,data/unit_stats/abilities/source_exports/db/army_special_abilities_for_faction_junctions_tables/data__.tsv,308,9.0.1
wh3_main_prisoners_butcher,wh3_main_ogr_ogre_kingdoms_qb3,false,data/unit_stats/abilities/source_exports/db/army_special_abilities_for_faction_junctions_tables/data__.tsv,309,9.0.1
wh3_main_prisoners_butcher,wh3_main_ogr_ogre_rebels,false,data/unit_stats/abilities/source_exports/db/army_special_abilities_for_faction_junctions_tables/data__.tsv,310,9.0.1
wh3_main_prisoners_butcher,wh3_main_ogr_rock_skulls,false,data/unit_stats/abilities/source_exports/db/army_special_abilities_for_faction_junctions_tables/data__.tsv,311,9.0.1
wh3_main_prisoners_butcher,wh3_main_ogr_sabreskin,false,data/unit_stats/abilities/source_exports/db/army_special_abilities_for_faction_junctions_tables/data__.tsv,312,9.0.1
wh3_main_prisoners_butcher,wh3_main_ogr_sons_of_the_mountain,false,data/unit_stats/abilities/source_exports/db/army_special_abilities_for_faction_junctions_tables/data__.tsv,313,9.0.1
wh3_main_prisoners_butcher,wh3_main_ogr_thunderguts,false,data/unit_stats/abilities/source_exports/db/army_special_abilities_for_faction_junctions_tables/data__.tsv,314,9.0.1
wh3_main_prisoners_butcher,wh3_main_ogr_treehammers,false,data/unit_stats/abilities/source_exports/db/army_special_abilities_for_faction_junctions_tables/data__.tsv,315,9.0.1
wh3_main_prisoners_butcher,wh3_main_ogre_flamegullets,false,data/unit_stats/abilities/source_exports/db/army_special_abilities_for_faction_junctions_tables/data__.tsv,316,9.0.1
wh3_main_prisoners_butcher,wh3_main_ogre_sharktooth,false,data/unit_stats/abilities/source_exports/db/army_special_abilities_for_faction_junctions_tables/data__.tsv,317,9.0.1
wh3_main_prisoners_butcher,wh3_main_ogre_stoneshatter,false,data/unit_stats/abilities/source_exports/db/army_special_abilities_for_faction_junctions_tables/data__.tsv,318,9.0.1
wh3_main_prisoners_butcher,wh3_main_ogre_the_famished,false,data/unit_stats/abilities/source_exports/db/army_special_abilities_for_faction_junctions_tables/data__.tsv,319,9.0.1
wh3_main_prisoners_dismember,wh3_dlc26_ogr_golgfag,false,data/unit_stats/abilities/source_exports/db/army_special_abilities_for_faction_junctions_tables/data__.tsv,320,9.0.1
wh3_main_prisoners_dismember,wh3_main_ogr_blood_guzzlers,false,data/unit_stats/abilities/source_exports/db/army_special_abilities_for_faction_junctions_tables/data__.tsv,321,9.0.1
wh3_main_prisoners_dismember,wh3_main_ogr_bloodmaw,false,data/unit_stats/abilities/source_exports/db/army_special_abilities_for_faction_junctions_tables/data__.tsv,322,9.0.1
wh3_main_prisoners_dismember,wh3_main_ogr_crossed_clubs,false,data/unit_stats/abilities/source_exports/db/army_special_abilities_for_faction_junctions_tables/data__.tsv,323,9.0.1
wh3_main_prisoners_dismember,wh3_main_ogr_disciples_of_the_maw,false,data/unit_stats/abilities/source_exports/db/army_special_abilities_for_faction_junctions_tables/data__.tsv,324,9.0.1
wh3_main_prisoners_dismember,wh3_main_ogr_eyebiter,false,data/unit_stats/abilities/source_exports/db/army_special_abilities_for_faction_junctions_tables/data__.tsv,325,9.0.1
wh3_main_prisoners_dismember,wh3_main_ogr_feastmaster,false,data/unit_stats/abilities/source_exports/db/army_special_abilities_for_faction_junctions_tables/data__.tsv,326,9.0.1
wh3_main_prisoners_dismember,wh3_main_ogr_fleshgreeders,false,data/unit_stats/abilities/source_exports/db/army_special_abilities_for_faction_junctions_tables/data__.tsv,327,9.0.1
wh3_main_prisoners_dismember,wh3_main_ogr_fulg,false,data/unit_stats/abilities/source_exports/db/army_special_abilities_for_faction_junctions_tables/data__.tsv,328,9.0.1
wh3_main_prisoners_dismember,wh3_main_ogr_goldtooth,false,data/unit_stats/abilities/source_exports/db/army_special_abilities_for_faction_junctions_tables/data__.tsv,329,9.0.1
wh3_main_prisoners_dismember,wh3_main_ogr_lazarghs,false,data/unit_stats/abilities/source_exports/db/army_special_abilities_for_faction_junctions_tables/data__.tsv,330,9.0.1
wh3_main_prisoners_dismember,wh3_main_ogr_loose_tooth,false,data/unit_stats/abilities/source_exports/db/army_special_abilities_for_faction_junctions_tables/data__.tsv,331,9.0.1
wh3_main_prisoners_dismember,wh3_main_ogr_mountaineaters,false,data/unit_stats/abilities/source_exports/db/army_special_abilities_for_faction_junctions_tables/data__.tsv,332,9.0.1
wh3_main_prisoners_dismember,wh3_main_ogr_ogre_kingdoms,false,data/unit_stats/abilities/source_exports/db/army_special_abilities_for_faction_junctions_tables/data__.tsv,333,9.0.1
wh3_main_prisoners_dismember,wh3_main_ogr_ogre_kingdoms_invasion,false,data/unit_stats/abilities/source_exports/db/army_special_abilities_for_faction_junctions_tables/data__.tsv,334,9.0.1
wh3_main_prisoners_dismember,wh3_main_ogr_ogre_kingdoms_qb1,false,data/unit_stats/abilities/source_exports/db/army_special_abilities_for_faction_junctions_tables/data__.tsv,335,9.0.1
wh3_main_prisoners_dismember,wh3_main_ogr_ogre_kingdoms_qb2,false,data/unit_stats/abilities/source_exports/db/army_special_abilities_for_faction_junctions_tables/data__.tsv,336,9.0.1
wh3_main_prisoners_dismember,wh3_main_ogr_ogre_kingdoms_qb3,false,data/unit_stats/abilities/source_exports/db/army_special_abilities_for_faction_junctions_tables/data__.tsv,337,9.0.1
wh3_main_prisoners_dismember,wh3_main_ogr_ogre_rebels,false,data/unit_stats/abilities/source_exports/db/army_special_abilities_for_faction_junctions_tables/data__.tsv,338,9.0.1
wh3_main_prisoners_dismember,wh3_main_ogr_rock_skulls,false,data/unit_stats/abilities/source_exports/db/army_special_abilities_for_faction_junctions_tables/data__.tsv,339,9.0.1
wh3_main_prisoners_dismember,wh3_main_ogr_sabreskin,false,data/unit_stats/abilities/source_exports/db/army_special_abilities_for_faction_junctions_tables/data__.tsv,340,9.0.1
wh3_main_prisoners_dismember,wh3_main_ogr_sons_of_the_mountain,false,data/unit_stats/abilities/source_exports/db/army_special_abilities_for_faction_junctions_tables/data__.tsv,341,9.0.1
wh3_main_prisoners_dismember,wh3_main_ogr_thunderguts,false,data/unit_stats/abilities/source_exports/db/army_special_abilities_for_faction_junctions_tables/data__.tsv,342,9.0.1
wh3_main_prisoners_dismember,wh3_main_ogr_treehammers,false,data/unit_stats/abilities/source_exports/db/army_special_abilities_for_faction_junctions_tables/data__.tsv,343,9.0.1
wh3_main_prisoners_dismember,wh3_main_ogre_flamegullets,false,data/unit_stats/abilities/source_exports/db/army_special_abilities_for_faction_junctions_tables/data__.tsv,344,9.0.1
wh3_main_prisoners_dismember,wh3_main_ogre_sharktooth,false,data/unit_stats/abilities/source_exports/db/army_special_abilities_for_faction_junctions_tables/data__.tsv,345,9.0.1
wh3_main_prisoners_dismember,wh3_main_ogre_stoneshatter,false,data/unit_stats/abilities/source_exports/db/army_special_abilities_for_faction_junctions_tables/data__.tsv,346,9.0.1
wh3_main_prisoners_dismember,wh3_main_ogre_the_famished,false,data/unit_stats/abilities/source_exports/db/army_special_abilities_for_faction_junctions_tables/data__.tsv,347,9.0.1
wh3_main_prisoners_massacre,wh3_dlc26_ogr_golgfag,false,data/unit_stats/abilities/source_exports/db/army_special_abilities_for_faction_junctions_tables/data__.tsv,348,9.0.1
wh3_main_prisoners_massacre,wh3_main_ogr_blood_guzzlers,false,data/unit_stats/abilities/source_exports/db/army_special_abilities_for_faction_junctions_tables/data__.tsv,349,9.0.1
wh3_main_prisoners_massacre,wh3_main_ogr_bloodmaw,false,data/unit_stats/abilities/source_exports/db/army_special_abilities_for_faction_junctions_tables/data__.tsv,350,9.0.1
wh3_main_prisoners_massacre,wh3_main_ogr_crossed_clubs,false,data/unit_stats/abilities/source_exports/db/army_special_abilities_for_faction_junctions_tables/data__.tsv,351,9.0.1
wh3_main_prisoners_massacre,wh3_main_ogr_disciples_of_the_maw,false,data/unit_stats/abilities/source_exports/db/army_special_abilities_for_faction_junctions_tables/data__.tsv,352,9.0.1
wh3_main_prisoners_massacre,wh3_main_ogr_eyebiter,false,data/unit_stats/abilities/source_exports/db/army_special_abilities_for_faction_junctions_tables/data__.tsv,353,9.0.1
wh3_main_prisoners_massacre,wh3_main_ogr_feastmaster,false,data/unit_stats/abilities/source_exports/db/army_special_abilities_for_faction_junctions_tables/data__.tsv,354,9.0.1
wh3_main_prisoners_massacre,wh3_main_ogr_fleshgreeders,false,data/unit_stats/abilities/source_exports/db/army_special_abilities_for_faction_junctions_tables/data__.tsv,355,9.0.1
wh3_main_prisoners_massacre,wh3_main_ogr_fulg,false,data/unit_stats/abilities/source_exports/db/army_special_abilities_for_faction_junctions_tables/data__.tsv,356,9.0.1
wh3_main_prisoners_massacre,wh3_main_ogr_goldtooth,false,data/unit_stats/abilities/source_exports/db/army_special_abilities_for_faction_junctions_tables/data__.tsv,357,9.0.1
wh3_main_prisoners_massacre,wh3_main_ogr_lazarghs,false,data/unit_stats/abilities/source_exports/db/army_special_abilities_for_faction_junctions_tables/data__.tsv,358,9.0.1
wh3_main_prisoners_massacre,wh3_main_ogr_loose_tooth,false,data/unit_stats/abilities/source_exports/db/army_special_abilities_for_faction_junctions_tables/data__.tsv,359,9.0.1
wh3_main_prisoners_massacre,wh3_main_ogr_mountaineaters,false,data/unit_stats/abilities/source_exports/db/army_special_abilities_for_faction_junctions_tables/data__.tsv,360,9.0.1
wh3_main_prisoners_massacre,wh3_main_ogr_ogre_kingdoms,false,data/unit_stats/abilities/source_exports/db/army_special_abilities_for_faction_junctions_tables/data__.tsv,361,9.0.1
wh3_main_prisoners_massacre,wh3_main_ogr_ogre_kingdoms_invasion,false,data/unit_stats/abilities/source_exports/db/army_special_abilities_for_faction_junctions_tables/data__.tsv,362,9.0.1
wh3_main_prisoners_massacre,wh3_main_ogr_ogre_kingdoms_qb1,false,data/unit_stats/abilities/source_exports/db/army_special_abilities_for_faction_junctions_tables/data__.tsv,363,9.0.1
wh3_main_prisoners_massacre,wh3_main_ogr_ogre_kingdoms_qb2,false,data/unit_stats/abilities/source_exports/db/army_special_abilities_for_faction_junctions_tables/data__.tsv,364,9.0.1
wh3_main_prisoners_massacre,wh3_main_ogr_ogre_kingdoms_qb3,false,data/unit_stats/abilities/source_exports/db/army_special_abilities_for_faction_junctions_tables/data__.tsv,365,9.0.1
wh3_main_prisoners_massacre,wh3_main_ogr_ogre_rebels,false,data/unit_stats/abilities/source_exports/db/army_special_abilities_for_faction_junctions_tables/data__.tsv,366,9.0.1
wh3_main_prisoners_massacre,wh3_main_ogr_rock_skulls,false,data/unit_stats/abilities/source_exports/db/army_special_abilities_for_faction_junctions_tables/data__.tsv,367,9.0.1
wh3_main_prisoners_massacre,wh3_main_ogr_sabreskin,false,data/unit_stats/abilities/source_exports/db/army_special_abilities_for_faction_junctions_tables/data__.tsv,368,9.0.1
wh3_main_prisoners_massacre,wh3_main_ogr_sons_of_the_mountain,false,data/unit_stats/abilities/source_exports/db/army_special_abilities_for_faction_junctions_tables/data__.tsv,369,9.0.1
wh3_main_prisoners_massacre,wh3_main_ogr_thunderguts,false,data/unit_stats/abilities/source_exports/db/army_special_abilities_for_faction_junctions_tables/data__.tsv,370,9.0.1
wh3_main_prisoners_massacre,wh3_main_ogr_treehammers,false,data/unit_stats/abilities/source_exports/db/army_special_abilities_for_faction_junctions_tables/data__.tsv,371,9.0.1
wh3_main_prisoners_massacre,wh3_main_ogre_flamegullets,false,data/unit_stats/abilities/source_exports/db/army_special_abilities_for_faction_junctions_tables/data__.tsv,372,9.0.1
wh3_main_prisoners_massacre,wh3_main_ogre_sharktooth,false,data/unit_stats/abilities/source_exports/db/army_special_abilities_for_faction_junctions_tables/data__.tsv,373,9.0.1
wh3_main_prisoners_massacre,wh3_main_ogre_stoneshatter,false,data/unit_stats/abilities/source_exports/db/army_special_abilities_for_faction_junctions_tables/data__.tsv,374,9.0.1
wh3_main_prisoners_massacre,wh3_main_ogre_the_famished,false,data/unit_stats/abilities/source_exports/db/army_special_abilities_for_faction_junctions_tables/data__.tsv,375,9.0.1
