key,source_path,source_line,source_patch
active,data/unit_stats/abilities/source_exports/db/unit_ability_source_types_tables/data__.tsv,3,9.0.1
army,data/unit_stats/abilities/source_exports/db/unit_ability_source_types_tables/data__.tsv,4,9.0.1
banner,data/unit_stats/abilities/source_exports/db/unit_ability_source_types_tables/data__.tsv,5,9.0.1
bound,data/unit_stats/abilities/source_exports/db/unit_ability_source_types_tables/data__.tsv,6,9.0.1
building,data/unit_stats/abilities/source_exports/db/unit_ability_source_types_tables/data__.tsv,7,9.0.1
cataclysm,data/unit_stats/abilities/source_exports/db/unit_ability_source_types_tables/data__.tsv,8,9.0.1
character,data/unit_stats/abilities/source_exports/db/unit_ability_source_types_tables/data__.tsv,9,9.0.1
default,data/unit_stats/abilities/source_exports/db/unit_ability_source_types_tables/data__.tsv,10,9.0.1
faction,data/unit_stats/abilities/source_exports/db/unit_ability_source_types_tables/data__.tsv,11,9.0.1
hero,data/unit_stats/abilities/source_exports/db/unit_ability_source_types_tables/data__.tsv,12,9.0.1
item,data/unit_stats/abilities/source_exports/db/unit_ability_source_types_tables/data__.tsv,13,9.0.1
lord,data/unit_stats/abilities/source_exports/db/unit_ability_source_types_tables/data__.tsv,14,9.0.1
lore,data/unit_stats/abilities/source_exports/db/unit_ability_source_types_tables/data__.tsv,15,9.0.1
mark,data/unit_stats/abilities/source_exports/db/unit_ability_source_types_tables/data__.tsv,16,9.0.1
mount,data/unit_stats/abilities/source_exports/db/unit_ability_source_types_tables/data__.tsv,17,9.0.1
passive,data/unit_stats/abilities/source_exports/db/unit_ability_source_types_tables/data__.tsv,18,9.0.1
quest,data/unit_stats/abilities/source_exports/db/unit_ability_source_types_tables/data__.tsv,19,9.0.1
replenishments,data/unit_stats/abilities/source_exports/db/unit_ability_source_types_tables/data__.tsv,20,9.0.1
rune,data/unit_stats/abilities/source_exports/db/unit_ability_source_types_tables/data__.tsv,21,9.0.1
spell,data/unit_stats/abilities/source_exports/db/unit_ability_source_types_tables/data__.tsv,22,9.0.1
unit,data/unit_stats/abilities/source_exports/db/unit_ability_source_types_tables/data__.tsv,23,9.0.1
upgrades,data/unit_stats/abilities/source_exports/db/unit_ability_source_types_tables/data__.tsv,24,9.0.1
weapon,data/unit_stats/abilities/source_exports/db/unit_ability_source_types_tables/data__.tsv,25,9.0.1
