agent_subtype_key,node_set_key,node_key,skill_key,skill_level,effect_key,skill_source_path,skill_source_line,ability_key,binding_table,binding_source_path,binding_source_line,bonus_value_id,target_kind,target_key
wh_main_brt_damsel_heavens,wh_main_skill_node_set_brt_damsel,wh_main_skill_node_brt_damsel_magic1_01,wh_main_skill_all_magic_heavens_01_harmonic_convergence,1,wh_main_effect_ability_cooldown_harmonic_convergence,data/skill_trees/characters/bretonnia/Damsel_Heavens.csv,9,wh_main_spell_heavens_harmonic_convergence,ability_bindings,data/effect_semantics/source_exports/db/effect_bonus_value_unit_ability_junctions_tables/data__.tsv,5315,recharge_mod,ability,wh_main_spell_heavens_harmonic_convergence
wh_main_brt_damsel_heavens,wh_main_skill_node_set_brt_damsel,wh_main_skill_node_brt_damsel_magic1_01,wh_main_skill_all_magic_heavens_01_harmonic_convergence,1,wh2_main_effect_ability_overcast_harmonic_convergence,data/skill_trees/characters/bretonnia/Damsel_Heavens.csv,10,wh_main_spell_heavens_harmonic_convergence,ability_bindings,data/effect_semantics/source_exports/db/effect_bonus_value_unit_ability_junctions_tables/data__.tsv,1336,enable_overchage,ability,wh_main_spell_heavens_harmonic_convergence
wh_main_brt_damsel_heavens,wh_main_skill_node_set_brt_damsel,wh_main_skill_node_brt_damsel_magic1_01,wh_main_skill_all_magic_heavens_01_harmonic_convergence,1,wh2_main_effect_ability_overcast_harmonic_convergence,data/skill_trees/characters/bretonnia/Damsel_Heavens.csv,10,wh_main_spell_heavens_harmonic_convergence,ability_bindings,data/effect_semantics/source_exports/db/effect_bonus_value_unit_ability_junctions_tables/data__.tsv,1337,enable,ability,wh_main_spell_heavens_harmonic_convergence
wh_main_brt_damsel_heavens,wh_main_skill_node_set_brt_damsel,wh_main_skill_node_brt_damsel_magic1_01,wh_main_skill_all_magic_heavens_01_harmonic_convergence,2,wh_main_effect_ability_cooldown_harmonic_convergence,data/skill_trees/characters/bretonnia/Damsel_Heavens.csv,11,wh_main_spell_heavens_harmonic_convergence,ability_bindings,data/effect_semantics/source_exports/db/effect_bonus_value_unit_ability_junctions_tables/data__.tsv,5315,recharge_mod,ability,wh_main_spell_heavens_harmonic_convergence
wh_main_brt_damsel_heavens,wh_main_skill_node_set_brt_damsel,wh_main_skill_node_brt_damsel_magic1_01,wh_main_skill_all_magic_heavens_01_harmonic_convergence,2,wh2_main_effect_ability_miscast_harmonic_convergence_upgraded,data/skill_trees/characters/bretonnia/Damsel_Heavens.csv,12,wh_main_spell_heavens_harmonic_convergence_upgraded,ability_bindings,data/effect_semantics/source_exports/db/effect_bonus_value_unit_ability_junctions_tables/data__.tsv,1224,miscast_percentage_mod,ability,wh_main_spell_heavens_harmonic_convergence_upgraded
wh_main_brt_damsel_heavens,wh_main_skill_node_set_brt_damsel,wh_main_skill_node_brt_damsel_magic1_01,wh_main_skill_all_magic_heavens_01_harmonic_convergence,2,wh2_main_effect_ability_overcast_harmonic_convergence,data/skill_trees/characters/bretonnia/Damsel_Heavens.csv,13,wh_main_spell_heavens_harmonic_convergence,ability_bindings,data/effect_semantics/source_exports/db/effect_bonus_value_unit_ability_junctions_tables/data__.tsv,1336,enable_overchage,ability,wh_main_spell_heavens_harmonic_convergence
wh_main_brt_damsel_heavens,wh_main_skill_node_set_brt_damsel,wh_main_skill_node_brt_damsel_magic1_01,wh_main_skill_all_magic_heavens_01_harmonic_convergence,2,wh2_main_effect_ability_overcast_harmonic_convergence,data/skill_trees/characters/bretonnia/Damsel_Heavens.csv,13,wh_main_spell_heavens_harmonic_convergence,ability_bindings,data/effect_semantics/source_exports/db/effect_bonus_value_unit_ability_junctions_tables/data__.tsv,1337,enable,ability,wh_main_spell_heavens_harmonic_convergence
wh_main_brt_damsel_heavens,wh_main_skill_node_set_brt_damsel,wh_main_skill_node_brt_damsel_magic1_01,wh_main_skill_all_magic_heavens_01_harmonic_convergence,2,wh2_main_effect_ability_wom_cost_harmonic_convergence,data/skill_trees/characters/bretonnia/Damsel_Heavens.csv,14,wh_main_spell_heavens_harmonic_convergence,ability_bindings,data/effect_semantics/source_exports/db/effect_bonus_value_unit_ability_junctions_tables/data__.tsv,1510,cost_mod,ability,wh_main_spell_heavens_harmonic_convergence
wh_main_brt_damsel_heavens,wh_main_skill_node_set_brt_damsel,wh_main_skill_node_brt_damsel_magic1_01,wh_main_skill_all_magic_heavens_01_harmonic_convergence,2,wh2_main_effect_ability_wom_cost_harmonic_convergence_upgraded,data/skill_trees/characters/bretonnia/Damsel_Heavens.csv,15,wh_main_spell_heavens_harmonic_convergence_upgraded,ability_bindings,data/effect_semantics/source_exports/db/effect_bonus_value_unit_ability_junctions_tables/data__.tsv,1509,cost_mod,ability,wh_main_spell_heavens_harmonic_convergence_upgraded
wh_main_brt_damsel_heavens,wh_main_skill_node_set_brt_damsel,wh_main_skill_node_brt_damsel_innate_02,wh2_main_skill_innate_all_fleet_footed,1,wh2_dlc17_effect_ability_enable_wayfarer,data/skill_trees/characters/bretonnia/Damsel_Heavens.csv,24,wh2_dlc17_unit_passive_wayfarer,ability_bindings,data/effect_semantics/source_exports/db/effect_bonus_value_unit_ability_junctions_tables/data__.tsv,716,enable,ability,wh2_dlc17_unit_passive_wayfarer
wh_main_brt_damsel_heavens,wh_main_skill_node_set_brt_damsel,wh_main_skill_node_brt_damsel_magic1_02,wh_main_skill_all_magic_heavens_03_rolling_skies,1,wh_main_effect_ability_enable_roiling_skies,data/skill_trees/characters/bretonnia/Damsel_Heavens.csv,137,wh_main_lore_passive_roiling_skies,ability_bindings,data/effect_semantics/source_exports/db/effect_bonus_value_unit_ability_junctions_tables/data__.tsv,5531,enable,ability,wh_main_lore_passive_roiling_skies
wh_main_brt_damsel_heavens,wh_main_skill_node_set_brt_damsel,wh_main_skill_node_brt_damsel_innate_03,wh2_main_skill_innate_all_cunning,1,wh_main_effect_character_stat_enable_poison_attacks,data/skill_trees/characters/bretonnia/Damsel_Heavens.csv,148,,phase_bindings,data/effect_semantics/source_exports/db/effect_bonus_value_special_ability_phase_record_junctions_tables/data__.tsv,48,active,phase,wh_main_unit_contact_poison
wh_main_brt_damsel_heavens,wh_main_skill_node_set_brt_damsel,wh_main_skill_node_brt_damsel_unique_04,wh_main_skill_brt_wizard_unique_damsel_aura_of_the_lady,1,wh_main_effect_ability_enable_aura_of_the_lady,data/skill_trees/characters/bretonnia/Damsel_Heavens.csv,153,wh_main_hero_passive_aura_of_the_lady,ability_bindings,data/effect_semantics/source_exports/db/effect_bonus_value_unit_ability_junctions_tables/data__.tsv,5410,enable,ability,wh_main_hero_passive_aura_of_the_lady
wh_main_brt_damsel_heavens,wh_main_skill_node_set_brt_damsel,wh_main_skill_node_brt_damsel_magic1_03,wh_main_skill_all_magic_heavens_02_wind_blast,1,wh_main_effect_ability_enable_wind_blast,data/skill_trees/characters/bretonnia/Damsel_Heavens.csv,155,wh_main_spell_heavens_wind_blast,ability_bindings,data/effect_semantics/source_exports/db/effect_bonus_value_unit_ability_junctions_tables/data__.tsv,5599,enable,ability,wh_main_spell_heavens_wind_blast
wh_main_brt_damsel_heavens,wh_main_skill_node_set_brt_damsel,wh_main_skill_node_brt_damsel_magic1_03,wh_main_skill_all_magic_heavens_02_wind_blast,2,wh_main_effect_ability_cooldown_wind_blast,data/skill_trees/characters/bretonnia/Damsel_Heavens.csv,156,wh_main_spell_heavens_wind_blast,ability_bindings,data/effect_semantics/source_exports/db/effect_bonus_value_unit_ability_junctions_tables/data__.tsv,5400,recharge_mod,ability,wh_main_spell_heavens_wind_blast
wh_main_brt_damsel_heavens,wh_main_skill_node_set_brt_damsel,wh_main_skill_node_brt_damsel_magic1_03,wh_main_skill_all_magic_heavens_02_wind_blast,2,wh2_main_effect_ability_overcast_wind_blast,data/skill_trees/characters/bretonnia/Damsel_Heavens.csv,157,wh_main_spell_heavens_wind_blast,ability_bindings,data/effect_semantics/source_exports/db/effect_bonus_value_unit_ability_junctions_tables/data__.tsv,1416,enable_overchage,ability,wh_main_spell_heavens_wind_blast
wh_main_brt_damsel_heavens,wh_main_skill_node_set_brt_damsel,wh_main_skill_node_brt_damsel_magic1_03,wh_main_skill_all_magic_heavens_02_wind_blast,2,wh2_main_effect_ability_overcast_wind_blast,data/skill_trees/characters/bretonnia/Damsel_Heavens.csv,157,wh_main_spell_heavens_wind_blast,ability_bindings,data/effect_semantics/source_exports/db/effect_bonus_value_unit_ability_junctions_tables/data__.tsv,1417,enable,ability,wh_main_spell_heavens_wind_blast
wh_main_brt_damsel_heavens,wh_main_skill_node_set_brt_damsel,wh_main_skill_node_brt_damsel_magic1_03,wh_main_skill_all_magic_heavens_02_wind_blast,3,wh_main_effect_ability_cooldown_wind_blast,data/skill_trees/characters/bretonnia/Damsel_Heavens.csv,158,wh_main_spell_heavens_wind_blast,ability_bindings,data/effect_semantics/source_exports/db/effect_bonus_value_unit_ability_junctions_tables/data__.tsv,5400,recharge_mod,ability,wh_main_spell_heavens_wind_blast
wh_main_brt_damsel_heavens,wh_main_skill_node_set_brt_damsel,wh_main_skill_node_brt_damsel_magic1_03,wh_main_skill_all_magic_heavens_02_wind_blast,3,wh2_main_effect_ability_miscast_wind_blast_upgraded,data/skill_trees/characters/bretonnia/Damsel_Heavens.csv,159,wh_main_spell_heavens_wind_blast_upgraded,ability_bindings,data/effect_semantics/source_exports/db/effect_bonus_value_unit_ability_junctions_tables/data__.tsv,1264,miscast_percentage_mod,ability,wh_main_spell_heavens_wind_blast_upgraded
wh_main_brt_damsel_heavens,wh_main_skill_node_set_brt_damsel,wh_main_skill_node_brt_damsel_magic1_03,wh_main_skill_all_magic_heavens_02_wind_blast,3,wh2_main_effect_ability_overcast_wind_blast,data/skill_trees/characters/bretonnia/Damsel_Heavens.csv,160,wh_main_spell_heavens_wind_blast,ability_bindings,data/effect_semantics/source_exports/db/effect_bonus_value_unit_ability_junctions_tables/data__.tsv,1416,enable_overchage,ability,wh_main_spell_heavens_wind_blast
wh_main_brt_damsel_heavens,wh_main_skill_node_set_brt_damsel,wh_main_skill_node_brt_damsel_magic1_03,wh_main_skill_all_magic_heavens_02_wind_blast,3,wh2_main_effect_ability_overcast_wind_blast,data/skill_trees/characters/bretonnia/Damsel_Heavens.csv,160,wh_main_spell_heavens_wind_blast,ability_bindings,data/effect_semantics/source_exports/db/effect_bonus_value_unit_ability_junctions_tables/data__.tsv,1417,enable,ability,wh_main_spell_heavens_wind_blast
wh_main_brt_damsel_heavens,wh_main_skill_node_set_brt_damsel,wh_main_skill_node_brt_damsel_magic1_03,wh_main_skill_all_magic_heavens_02_wind_blast,3,wh2_main_effect_ability_wom_cost_wind_blast,data/skill_trees/characters/bretonnia/Damsel_Heavens.csv,161,wh_main_spell_heavens_wind_blast,ability_bindings,data/effect_semantics/source_exports/db/effect_bonus_value_unit_ability_junctions_tables/data__.tsv,1599,cost_mod,ability,wh_main_spell_heavens_wind_blast
wh_main_brt_damsel_heavens,wh_main_skill_node_set_brt_damsel,wh_main_skill_node_brt_damsel_magic1_03,wh_main_skill_all_magic_heavens_02_wind_blast,3,wh2_main_effect_ability_wom_cost_wind_blast_upgraded,data/skill_trees/characters/bretonnia/Damsel_Heavens.csv,162,wh_main_spell_heavens_wind_blast_upgraded,ability_bindings,data/effect_semantics/source_exports/db/effect_bonus_value_unit_ability_junctions_tables/data__.tsv,1598,cost_mod,ability,wh_main_spell_heavens_wind_blast_upgraded
wh_main_brt_damsel_heavens,wh_main_skill_node_set_brt_damsel,wh_main_skill_node_brt_damsel_magic1_04,wh_main_skill_all_magic_heavens_04_curse_of_the_midnight_wind,1,wh_main_effect_ability_enable_curse_of_the_midnight_wind,data/skill_trees/characters/bretonnia/Damsel_Heavens.csv,178,wh_main_spell_heavens_curse_of_the_midnight_wind,ability_bindings,data/effect_semantics/source_exports/db/effect_bonus_value_unit_ability_junctions_tables/data__.tsv,5440,enable,ability,wh_main_spell_heavens_curse_of_the_midnight_wind
wh_main_brt_damsel_heavens,wh_main_skill_node_set_brt_damsel,wh_main_skill_node_brt_damsel_magic1_04,wh_main_skill_all_magic_heavens_04_curse_of_the_midnight_wind,2,wh_main_effect_ability_cooldown_curse_of_the_midnight_wind,data/skill_trees/characters/bretonnia/Damsel_Heavens.csv,179,wh_main_spell_heavens_curse_of_the_midnight_wind,ability_bindings,data/effect_semantics/source_exports/db/effect_bonus_value_unit_ability_junctions_tables/data__.tsv,5298,recharge_mod,ability,wh_main_spell_heavens_curse_of_the_midnight_wind
wh_main_brt_damsel_heavens,wh_main_skill_node_set_brt_damsel,wh_main_skill_node_brt_damsel_magic1_04,wh_main_skill_all_magic_heavens_04_curse_of_the_midnight_wind,2,wh2_main_effect_ability_overcast_curse_of_the_midnight_wind,data/skill_trees/characters/bretonnia/Damsel_Heavens.csv,180,wh_main_spell_heavens_curse_of_the_midnight_wind,ability_bindings,data/effect_semantics/source_exports/db/effect_bonus_value_unit_ability_junctions_tables/data__.tsv,1294,enable_overchage,ability,wh_main_spell_heavens_curse_of_the_midnight_wind
wh_main_brt_damsel_heavens,wh_main_skill_node_set_brt_damsel,wh_main_skill_node_brt_damsel_magic1_04,wh_main_skill_all_magic_heavens_04_curse_of_the_midnight_wind,2,wh2_main_effect_ability_overcast_curse_of_the_midnight_wind,data/skill_trees/characters/bretonnia/Damsel_Heavens.csv,180,wh_main_spell_heavens_curse_of_the_midnight_wind,ability_bindings,data/effect_semantics/source_exports/db/effect_bonus_value_unit_ability_junctions_tables/data__.tsv,1295,enable,ability,wh_main_spell_heavens_curse_of_the_midnight_wind
wh_main_brt_damsel_heavens,wh_main_skill_node_set_brt_damsel,wh_main_skill_node_brt_damsel_magic1_04,wh_main_skill_all_magic_heavens_04_curse_of_the_midnight_wind,3,wh_main_effect_ability_cooldown_curse_of_the_midnight_wind,data/skill_trees/characters/bretonnia/Damsel_Heavens.csv,181,wh_main_spell_heavens_curse_of_the_midnight_wind,ability_bindings,data/effect_semantics/source_exports/db/effect_bonus_value_unit_ability_junctions_tables/data__.tsv,5298,recharge_mod,ability,wh_main_spell_heavens_curse_of_the_midnight_wind
wh_main_brt_damsel_heavens,wh_main_skill_node_set_brt_damsel,wh_main_skill_node_brt_damsel_magic1_04,wh_main_skill_all_magic_heavens_04_curse_of_the_midnight_wind,3,wh2_main_effect_ability_miscast_curse_of_the_midnight_wind_upgraded,data/skill_trees/characters/bretonnia/Damsel_Heavens.csv,182,wh_main_spell_heavens_curse_of_the_midnight_wind_upgraded,ability_bindings,data/effect_semantics/source_exports/db/effect_bonus_value_unit_ability_junctions_tables/data__.tsv,1203,miscast_percentage_mod,ability,wh_main_spell_heavens_curse_of_the_midnight_wind_upgraded
wh_main_brt_damsel_heavens,wh_main_skill_node_set_brt_damsel,wh_main_skill_node_brt_damsel_magic1_04,wh_main_skill_all_magic_heavens_04_curse_of_the_midnight_wind,3,wh2_main_effect_ability_overcast_curse_of_the_midnight_wind,data/skill_trees/characters/bretonnia/Damsel_Heavens.csv,183,wh_main_spell_heavens_curse_of_the_midnight_wind,ability_bindings,data/effect_semantics/source_exports/db/effect_bonus_value_unit_ability_junctions_tables/data__.tsv,1294,enable_overchage,ability,wh_main_spell_heavens_curse_of_the_midnight_wind
wh_main_brt_damsel_heavens,wh_main_skill_node_set_brt_damsel,wh_main_skill_node_brt_damsel_magic1_04,wh_main_skill_all_magic_heavens_04_curse_of_the_midnight_wind,3,wh2_main_effect_ability_overcast_curse_of_the_midnight_wind,data/skill_trees/characters/bretonnia/Damsel_Heavens.csv,183,wh_main_spell_heavens_curse_of_the_midnight_wind,ability_bindings,data/effect_semantics/source_exports/db/effect_bonus_value_unit_ability_junctions_tables/data__.tsv,1295,enable,ability,wh_main_spell_heavens_curse_of_the_midnight_wind
wh_main_brt_damsel_heavens,wh_main_skill_node_set_brt_damsel,wh_main_skill_node_brt_damsel_magic1_04,wh_main_skill_all_magic_heavens_04_curse_of_the_midnight_wind,3,wh2_main_effect_ability_wom_cost_curse_of_the_midnight_wind,data/skill_trees/characters/bretonnia/Damsel_Heavens.csv,184,wh_main_spell_heavens_curse_of_the_midnight_wind,ability_bindings,data/effect_semantics/source_exports/db/effect_bonus_value_unit_ability_junctions_tables/data__.tsv,1463,cost_mod,ability,wh_main_spell_heavens_curse_of_the_midnight_wind
wh_main_brt_damsel_heavens,wh_main_skill_node_set_brt_damsel,wh_main_skill_node_brt_damsel_magic1_04,wh_main_skill_all_magic_heavens_04_curse_of_the_midnight_wind,3,wh2_main_effect_ability_wom_cost_curse_of_the_midnight_wind_upgraded,data/skill_trees/characters/bretonnia/Damsel_Heavens.csv,185,wh_main_spell_heavens_curse_of_the_midnight_wind_upgraded,ability_bindings,data/effect_semantics/source_exports/db/effect_bonus_value_unit_ability_junctions_tables/data__.tsv,1462,cost_mod,ability,wh_main_spell_heavens_curse_of_the_midnight_wind_upgraded
wh_main_brt_damsel_heavens,wh_main_skill_node_set_brt_damsel,wh_main_skill_node_brt_damsel_innate_05,wh2_main_skill_innate_all_confident,1,wh3_dlc25_effect_ability_enable_rabble_rouse,data/skill_trees/characters/bretonnia/Damsel_Heavens.csv,196,wh2_dlc12_unit_passive_demagoguery,ability_bindings,data/effect_semantics/source_exports/db/effect_bonus_value_unit_ability_junctions_tables/data__.tsv,2633,enable,ability,wh2_dlc12_unit_passive_demagoguery
wh_main_brt_damsel_heavens,wh_main_skill_node_set_brt_damsel,wh_main_skill_node_brt_damsel_magic1_05,wh_main_skill_all_magic_heavens_05_urannons_thunderbolt,1,wh_main_effect_ability_enable_urannons_thunderbolt,data/skill_trees/characters/bretonnia/Damsel_Heavens.csv,198,wh_main_spell_heavens_urannons_thunderbolt,ability_bindings,data/effect_semantics/source_exports/db/effect_bonus_value_unit_ability_junctions_tables/data__.tsv,5592,enable,ability,wh_main_spell_heavens_urannons_thunderbolt
wh_main_brt_damsel_heavens,wh_main_skill_node_set_brt_damsel,wh_main_skill_node_brt_damsel_magic1_05,wh_main_skill_all_magic_heavens_05_urannons_thunderbolt,2,wh_main_effect_ability_cooldown_urannons_thunderbolt,data/skill_trees/characters/bretonnia/Damsel_Heavens.csv,199,wh_main_spell_heavens_urannons_thunderbolt,ability_bindings,data/effect_semantics/source_exports/db/effect_bonus_value_unit_ability_junctions_tables/data__.tsv,5397,recharge_mod,ability,wh_main_spell_heavens_urannons_thunderbolt
wh_main_brt_damsel_heavens,wh_main_skill_node_set_brt_damsel,wh_main_skill_node_brt_damsel_magic1_05,wh_main_skill_all_magic_heavens_05_urannons_thunderbolt,2,wh2_main_effect_ability_overcast_urannons_thunderbolt,data/skill_trees/characters/bretonnia/Damsel_Heavens.csv,200,wh_main_spell_heavens_urannons_thunderbolt,ability_bindings,data/effect_semantics/source_exports/db/effect_bonus_value_unit_ability_junctions_tables/data__.tsv,1406,enable_overchage,ability,wh_main_spell_heavens_urannons_thunderbolt
wh_main_brt_damsel_heavens,wh_main_skill_node_set_brt_damsel,wh_main_skill_node_brt_damsel_magic1_05,wh_main_skill_all_magic_heavens_05_urannons_thunderbolt,2,wh2_main_effect_ability_overcast_urannons_thunderbolt,data/skill_trees/characters/bretonnia/Damsel_Heavens.csv,200,wh_main_spell_heavens_urannons_thunderbolt,ability_bindings,data/effect_semantics/source_exports/db/effect_bonus_value_unit_ability_junctions_tables/data__.tsv,1407,enable,ability,wh_main_spell_heavens_urannons_thunderbolt
wh_main_brt_damsel_heavens,wh_main_skill_node_set_brt_damsel,wh_main_skill_node_brt_damsel_magic1_05,wh_main_skill_all_magic_heavens_05_urannons_thunderbolt,3,wh_main_effect_ability_cooldown_urannons_thunderbolt,data/skill_trees/characters/bretonnia/Damsel_Heavens.csv,201,wh_main_spell_heavens_urannons_thunderbolt,ability_bindings,data/effect_semantics/source_exports/db/effect_bonus_value_unit_ability_junctions_tables/data__.tsv,5397,recharge_mod,ability,wh_main_spell_heavens_urannons_thunderbolt
wh_main_brt_damsel_heavens,wh_main_skill_node_set_brt_damsel,wh_main_skill_node_brt_damsel_magic1_05,wh_main_skill_all_magic_heavens_05_urannons_thunderbolt,3,wh2_main_effect_ability_miscast_urannons_thunderbolt_upgraded,data/skill_trees/characters/bretonnia/Damsel_Heavens.csv,202,wh_main_spell_heavens_urannons_thunderbolt_upgraded,ability_bindings,data/effect_semantics/source_exports/db/effect_bonus_value_unit_ability_junctions_tables/data__.tsv,1259,miscast_percentage_mod,ability,wh_main_spell_heavens_urannons_thunderbolt_upgraded
wh_main_brt_damsel_heavens,wh_main_skill_node_set_brt_damsel,wh_main_skill_node_brt_damsel_magic1_05,wh_main_skill_all_magic_heavens_05_urannons_thunderbolt,3,wh2_main_effect_ability_overcast_urannons_thunderbolt,data/skill_trees/characters/bretonnia/Damsel_Heavens.csv,203,wh_main_spell_heavens_urannons_thunderbolt,ability_bindings,data/effect_semantics/source_exports/db/effect_bonus_value_unit_ability_junctions_tables/data__.tsv,1406,enable_overchage,ability,wh_main_spell_heavens_urannons_thunderbolt
wh_main_brt_damsel_heavens,wh_main_skill_node_set_brt_damsel,wh_main_skill_node_brt_damsel_magic1_05,wh_main_skill_all_magic_heavens_05_urannons_thunderbolt,3,wh2_main_effect_ability_overcast_urannons_thunderbolt,data/skill_trees/characters/bretonnia/Damsel_Heavens.csv,203,wh_main_spell_heavens_urannons_thunderbolt,ability_bindings,data/effect_semantics/source_exports/db/effect_bonus_value_unit_ability_junctions_tables/data__.tsv,1407,enable,ability,wh_main_spell_heavens_urannons_thunderbolt
wh_main_brt_damsel_heavens,wh_main_skill_node_set_brt_damsel,wh_main_skill_node_brt_damsel_magic1_05,wh_main_skill_all_magic_heavens_05_urannons_thunderbolt,3,wh2_main_effect_ability_wom_cost_urannons_thunderbolt,data/skill_trees/characters/bretonnia/Damsel_Heavens.csv,204,wh_main_spell_heavens_urannons_thunderbolt,ability_bindings,data/effect_semantics/source_exports/db/effect_bonus_value_unit_ability_junctions_tables/data__.tsv,1588,cost_mod,ability,wh_main_spell_heavens_urannons_thunderbolt
wh_main_brt_damsel_heavens,wh_main_skill_node_set_brt_damsel,wh_main_skill_node_brt_damsel_magic1_05,wh_main_skill_all_magic_heavens_05_urannons_thunderbolt,3,wh2_main_effect_ability_wom_cost_urannons_thunderbolt_upgraded,data/skill_trees/characters/bretonnia/Damsel_Heavens.csv,205,wh_main_spell_heavens_urannons_thunderbolt_upgraded,ability_bindings,data/effect_semantics/source_exports/db/effect_bonus_value_unit_ability_junctions_tables/data__.tsv,1587,cost_mod,ability,wh_main_spell_heavens_urannons_thunderbolt_upgraded
wh_main_brt_damsel_heavens,wh_main_skill_node_set_brt_damsel,wh_main_skill_node_brt_damsel_magic1_06,wh_main_skill_all_magic_all_06_evasion,1,wh_main_effect_ability_enable_evasion,data/skill_trees/characters/bretonnia/Damsel_Heavens.csv,218,wh_main_character_passive_evasion,ability_bindings,data/effect_semantics/source_exports/db/effect_bonus_value_unit_ability_junctions_tables/data__.tsv,5453,enable,ability,wh_main_character_passive_evasion
wh_main_brt_damsel_heavens,wh_main_skill_node_set_brt_damsel,wh_main_skill_node_brt_damsel_innate_07,wh2_main_skill_innate_all_perceptive,1,wh3_main_effect_ability_enable_spotter,data/skill_trees/characters/bretonnia/Damsel_Heavens.csv,230,wh3_main_character_passive_spotter,ability_bindings,data/effect_semantics/source_exports/db/effect_bonus_value_unit_ability_junctions_tables/data__.tsv,4533,enable,ability,wh3_main_character_passive_spotter
wh_main_brt_damsel_heavens,wh_main_skill_node_set_brt_damsel,wh_main_skill_node_brt_damsel_magic1_09,wh_main_skill_all_magic_heavens_09_comet_of_casandora,1,wh_main_effect_ability_enable_comet_of_casandora,data/skill_trees/characters/bretonnia/Damsel_Heavens.csv,232,wh_main_spell_heavens_comet_of_casandora,ability_bindings,data/effect_semantics/source_exports/db/effect_bonus_value_unit_ability_junctions_tables/data__.tsv,5437,enable,ability,wh_main_spell_heavens_comet_of_casandora
wh_main_brt_damsel_heavens,wh_main_skill_node_set_brt_damsel,wh_main_skill_node_brt_damsel_magic1_09,wh_main_skill_all_magic_heavens_09_comet_of_casandora,2,wh_main_effect_ability_cooldown_comet_of_casandora,data/skill_trees/characters/bretonnia/Damsel_Heavens.csv,233,wh_main_spell_heavens_comet_of_casandora,ability_bindings,data/effect_semantics/source_exports/db/effect_bonus_value_unit_ability_junctions_tables/data__.tsv,5296,recharge_mod,ability,wh_main_spell_heavens_comet_of_casandora
wh_main_brt_damsel_heavens,wh_main_skill_node_set_brt_damsel,wh_main_skill_node_brt_damsel_magic1_09,wh_main_skill_all_magic_heavens_09_comet_of_casandora,2,wh2_main_effect_ability_overcast_comet_of_casandora,data/skill_trees/characters/bretonnia/Damsel_Heavens.csv,234,wh_main_spell_heavens_comet_of_casandora,ability_bindings,data/effect_semantics/source_exports/db/effect_bonus_value_unit_ability_junctions_tables/data__.tsv,1288,enable_overchage,ability,wh_main_spell_heavens_comet_of_casandora
wh_main_brt_damsel_heavens,wh_main_skill_node_set_brt_damsel,wh_main_skill_node_brt_damsel_magic1_09,wh_main_skill_all_magic_heavens_09_comet_of_casandora,2,wh2_main_effect_ability_overcast_comet_of_casandora,data/skill_trees/characters/bretonnia/Damsel_Heavens.csv,234,wh_main_spell_heavens_comet_of_casandora,ability_bindings,data/effect_semantics/source_exports/db/effect_bonus_value_unit_ability_junctions_tables/data__.tsv,1289,enable,ability,wh_main_spell_heavens_comet_of_casandora
wh_main_brt_damsel_heavens,wh_main_skill_node_set_brt_damsel,wh_main_skill_node_brt_damsel_magic1_09,wh_main_skill_all_magic_heavens_09_comet_of_casandora,3,wh_main_effect_ability_cooldown_comet_of_casandora,data/skill_trees/characters/bretonnia/Damsel_Heavens.csv,235,wh_main_spell_heavens_comet_of_casandora,ability_bindings,data/effect_semantics/source_exports/db/effect_bonus_value_unit_ability_junctions_tables/data__.tsv,5296,recharge_mod,ability,wh_main_spell_heavens_comet_of_casandora
wh_main_brt_damsel_heavens,wh_main_skill_node_set_brt_damsel,wh_main_skill_node_brt_damsel_magic1_09,wh_main_skill_all_magic_heavens_09_comet_of_casandora,3,wh2_main_effect_ability_miscast_comet_of_casandora_upgraded,data/skill_trees/characters/bretonnia/Damsel_Heavens.csv,236,wh_main_spell_heavens_comet_of_casandora_upgraded,ability_bindings,data/effect_semantics/source_exports/db/effect_bonus_value_unit_ability_junctions_tables/data__.tsv,1200,miscast_percentage_mod,ability,wh_main_spell_heavens_comet_of_casandora_upgraded
wh_main_brt_damsel_heavens,wh_main_skill_node_set_brt_damsel,wh_main_skill_node_brt_damsel_magic1_09,wh_main_skill_all_magic_heavens_09_comet_of_casandora,3,wh2_main_effect_ability_overcast_comet_of_casandora,data/skill_trees/characters/bretonnia/Damsel_Heavens.csv,237,wh_main_spell_heavens_comet_of_casandora,ability_bindings,data/effect_semantics/source_exports/db/effect_bonus_value_unit_ability_junctions_tables/data__.tsv,1288,enable_overchage,ability,wh_main_spell_heavens_comet_of_casandora
wh_main_brt_damsel_heavens,wh_main_skill_node_set_brt_damsel,wh_main_skill_node_brt_damsel_magic1_09,wh_main_skill_all_magic_heavens_09_comet_of_casandora,3,wh2_main_effect_ability_overcast_comet_of_casandora,data/skill_trees/characters/bretonnia/Damsel_Heavens.csv,237,wh_main_spell_heavens_comet_of_casandora,ability_bindings,data/effect_semantics/source_exports/db/effect_bonus_value_unit_ability_junctions_tables/data__.tsv,1289,enable,ability,wh_main_spell_heavens_comet_of_casandora
wh_main_brt_damsel_heavens,wh_main_skill_node_set_brt_damsel,wh_main_skill_node_brt_damsel_magic1_09,wh_main_skill_all_magic_heavens_09_comet_of_casandora,3,wh2_main_effect_ability_wom_cost_comet_of_casandora,data/skill_trees/characters/bretonnia/Damsel_Heavens.csv,238,wh_main_spell_heavens_comet_of_casandora,ability_bindings,data/effect_semantics/source_exports/db/effect_bonus_value_unit_ability_junctions_tables/data__.tsv,1455,cost_mod,ability,wh_main_spell_heavens_comet_of_casandora
wh_main_brt_damsel_heavens,wh_main_skill_node_set_brt_damsel,wh_main_skill_node_brt_damsel_magic1_09,wh_main_skill_all_magic_heavens_09_comet_of_casandora,3,wh2_main_effect_ability_wom_cost_comet_of_casandora_upgraded,data/skill_trees/characters/bretonnia/Damsel_Heavens.csv,239,wh_main_spell_heavens_comet_of_casandora_upgraded,ability_bindings,data/effect_semantics/source_exports/db/effect_bonus_value_unit_ability_junctions_tables/data__.tsv,1454,cost_mod,ability,wh_main_spell_heavens_comet_of_casandora_upgraded
wh_main_brt_damsel_heavens,wh_main_skill_node_set_brt_damsel,wh_main_skill_node_brt_damsel_magic1_10,wh_main_skill_all_magic_heavens_10_chain_lightning,1,wh_main_effect_ability_enable_chain_lightning,data/skill_trees/characters/bretonnia/Damsel_Heavens.csv,245,wh_main_spell_heavens_chain_lightning,ability_bindings,data/effect_semantics/source_exports/db/effect_bonus_value_unit_ability_junctions_tables/data__.tsv,5432,enable,ability,wh_main_spell_heavens_chain_lightning
wh_main_brt_damsel_heavens,wh_main_skill_node_set_brt_damsel,wh_main_skill_node_brt_damsel_magic1_10,wh_main_skill_all_magic_heavens_10_chain_lightning,2,wh_main_effect_ability_cooldown_chain_lightning,data/skill_trees/characters/bretonnia/Damsel_Heavens.csv,246,wh_main_spell_heavens_chain_lightning,ability_bindings,data/effect_semantics/source_exports/db/effect_bonus_value_unit_ability_junctions_tables/data__.tsv,5295,recharge_mod,ability,wh_main_spell_heavens_chain_lightning
wh_main_brt_damsel_heavens,wh_main_skill_node_set_brt_damsel,wh_main_skill_node_brt_damsel_magic1_10,wh_main_skill_all_magic_heavens_10_chain_lightning,2,wh_main_effect_ability_enable_chain_lightning,data/skill_trees/characters/bretonnia/Damsel_Heavens.csv,247,wh_main_spell_heavens_chain_lightning,ability_bindings,data/effect_semantics/source_exports/db/effect_bonus_value_unit_ability_junctions_tables/data__.tsv,5432,enable,ability,wh_main_spell_heavens_chain_lightning
wh_main_brt_damsel_heavens,wh_main_skill_node_set_brt_damsel,wh_main_skill_node_brt_damsel_magic1_10,wh_main_skill_all_magic_heavens_10_chain_lightning,2,wh2_main_effect_ability_wom_cost_chain_lightning,data/skill_trees/characters/bretonnia/Damsel_Heavens.csv,248,wh_main_spell_heavens_chain_lightning,ability_bindings,data/effect_semantics/source_exports/db/effect_bonus_value_unit_ability_junctions_tables/data__.tsv,1451,cost_mod,ability,wh_main_spell_heavens_chain_lightning
wh_main_brt_damsel_heavens,wh_main_skill_node_set_brt_damsel,wh_main_skill_node_brt_damsel_magic1_11,wh_main_skill_all_magic_all_11_arcane_conduit,1,wh_main_effect_ability_enable_arcane_conduit,data/skill_trees/characters/bretonnia/Damsel_Heavens.csv,266,wh_main_character_abilities_arcane_conduit,ability_bindings,data/effect_semantics/source_exports/db/effect_bonus_value_unit_ability_junctions_tables/data__.tsv,5408,enable,ability,wh_main_character_abilities_arcane_conduit
wh_main_brt_damsel_heavens,wh_main_skill_node_set_brt_damsel,wh_main_skill_node_brt_damsel_magic1_dummy,wh_main_skill_all_magic_heavens_dummy_harmonic_convergence,1,wh_main_effect_ability_enable_harmonic_convergence,data/skill_trees/characters/bretonnia/Damsel_Heavens.csv,268,wh_main_spell_heavens_harmonic_convergence,ability_bindings,data/effect_semantics/source_exports/db/effect_bonus_value_unit_ability_junctions_tables/data__.tsv,5486,enable,ability,wh_main_spell_heavens_harmonic_convergence
