battle_context_key,force_status_key,is_yours,source_path,source_line,source_patch
fighting_force_status_theirs_besieging,defending,true,data/effect_semantics/source_exports/db/campaign_bonus_value_battle_context_force_status_junctions_tables/data__.tsv,3,9.0.1
fighting_force_status_theirs_plagued,infected,false,data/effect_semantics/source_exports/db/campaign_bonus_value_battle_context_force_status_junctions_tables/data__.tsv,4,9.0.1
fighting_force_status_yours_ambushing,ambushing,true,data/effect_semantics/source_exports/db/campaign_bonus_value_battle_context_force_status_junctions_tables/data__.tsv,5,9.0.1
fighting_force_status_yours_attacking_at_sea,attacking,true,data/effect_semantics/source_exports/db/campaign_bonus_value_battle_context_force_status_junctions_tables/data__.tsv,6,9.0.1
fighting_force_status_yours_attacking_at_sea,sea,true,data/effect_semantics/source_exports/db/campaign_bonus_value_battle_context_force_status_junctions_tables/data__.tsv,7,9.0.1
fighting_force_status_yours_attacking_lightning_strike,attacking,true,data/effect_semantics/source_exports/db/campaign_bonus_value_battle_context_force_status_junctions_tables/data__.tsv,8,9.0.1
fighting_force_status_yours_attacking,attacking,true,data/effect_semantics/source_exports/db/campaign_bonus_value_battle_context_force_status_junctions_tables/data__.tsv,9,9.0.1
fighting_force_status_yours_besieging,beseiging,true,data/effect_semantics/source_exports/db/campaign_bonus_value_battle_context_force_status_junctions_tables/data__.tsv,10,9.0.1
fighting_force_status_yours_defending,defending,true,data/effect_semantics/source_exports/db/campaign_bonus_value_battle_context_force_status_junctions_tables/data__.tsv,11,9.0.1
fighting_force_status_yours_reinforcing_being_reinforced,being_reinforced,true,data/effect_semantics/source_exports/db/campaign_bonus_value_battle_context_force_status_junctions_tables/data__.tsv,12,9.0.1
fighting_force_status_yours_reinforcing_being_reinforced,is_reinforcing,true,data/effect_semantics/source_exports/db/campaign_bonus_value_battle_context_force_status_junctions_tables/data__.tsv,13,9.0.1
fighting_territory_enemy_or_neutral_or_allied_army,land,true,data/effect_semantics/source_exports/db/campaign_bonus_value_battle_context_force_status_junctions_tables/data__.tsv,14,9.0.1
fighting_territory_enemy_or_neutral_or_allied_army,sea,true,data/effect_semantics/source_exports/db/campaign_bonus_value_battle_context_force_status_junctions_tables/data__.tsv,15,9.0.1
