bonus_value_id,effect,force_ability,source_path,source_line,source_patch
uses_mod,wh2_dlc09_bundle_tmb_final_battle_army_abilities_barrage_uses,wh2_dlc09_army_abilities_barrage_of_the_legion,data/effect_semantics/source_exports/db/effect_bonus_value_military_force_ability_junctions_tables/data__.tsv,3,9.0.1
enable,wh2_dlc09_bundle_tmb_final_battle_army_abilities_barrage,wh2_dlc09_army_abilities_barrage_of_the_legion,data/effect_semantics/source_exports/db/effect_bonus_value_military_force_ability_junctions_tables/data__.tsv,4,9.0.1
uses_mod,wh2_dlc09_bundle_tmb_final_battle_army_abilities_swarm_uses,wh2_dlc09_army_abilities_tomb_swarm,data/effect_semantics/source_exports/db/effect_bonus_value_military_force_ability_junctions_tables/data__.tsv,5,9.0.1
enable,wh2_dlc09_bundle_tmb_final_battle_army_abilities_swarm,wh2_dlc09_army_abilities_tomb_swarm,data/effect_semantics/source_exports/db/effect_bonus_value_military_force_ability_junctions_tables/data__.tsv,6,9.0.1
enable,wh2_dlc09_bundle_tmb_final_battle_army_abilities,wh2_dlc09_army_abilities_barrage_of_the_legion,data/effect_semantics/source_exports/db/effect_bonus_value_military_force_ability_junctions_tables/data__.tsv,7,9.0.1
enable,wh2_dlc09_bundle_tmb_final_battle_army_abilities,wh2_dlc09_army_abilities_tomb_swarm,data/effect_semantics/source_exports/db/effect_bonus_value_military_force_ability_junctions_tables/data__.tsv,8,9.0.1
enable,wh2_dlc09_effect_army_ability_enable_legionary_barrage,wh2_dlc09_army_abilities_barrage_of_the_legion,data/effect_semantics/source_exports/db/effect_bonus_value_military_force_ability_junctions_tables/data__.tsv,9,9.0.1
enable,wh2_dlc09_effect_army_ability_enable_rictus_clanstone,wh2_dlc09_army_abilities_rictus_clanstone,data/effect_semantics/source_exports/db/effect_bonus_value_military_force_ability_junctions_tables/data__.tsv,10,9.0.1
enable,wh2_dlc09_effect_army_ability_enable_sand_veil,wh2_dlc09_army_abilities_sand_veil,data/effect_semantics/source_exports/db/effect_bonus_value_military_force_ability_junctions_tables/data__.tsv,11,9.0.1
enable,wh2_dlc09_effect_army_ability_enable_tomb_swarm,wh2_dlc09_army_abilities_tomb_swarm,data/effect_semantics/source_exports/db/effect_bonus_value_military_force_ability_junctions_tables/data__.tsv,12,9.0.1
enable,wh2_dlc11_effect_army_ability_enable_norse_roar,wh2_dlc11_army_abilities_norse_roar,data/effect_semantics/source_exports/db/effect_bonus_value_military_force_ability_junctions_tables/data__.tsv,13,9.0.1
enable,wh2_dlc11_effect_army_ability_enable_sartosa_grapeshot,wh2_dlc11_army_abilities_sartosa_grapeshot,data/effect_semantics/source_exports/db/effect_bonus_value_military_force_ability_junctions_tables/data__.tsv,14,9.0.1
enable,wh2_dlc11_effect_army_ability_enable_shanty_1_ai,wh2_dlc11_army_abilities_shanty_verse_1_ai,data/effect_semantics/source_exports/db/effect_bonus_value_military_force_ability_junctions_tables/data__.tsv,15,9.0.1
enable,wh2_dlc11_effect_army_ability_enable_shanty_1,wh2_dlc11_army_abilities_shanty_verse_1,data/effect_semantics/source_exports/db/effect_bonus_value_military_force_ability_junctions_tables/data__.tsv,16,9.0.1
enable,wh2_dlc11_effect_army_ability_enable_shanty_2_ai,wh2_dlc11_army_abilities_shanty_verse_2_ai,data/effect_semantics/source_exports/db/effect_bonus_value_military_force_ability_junctions_tables/data__.tsv,17,9.0.1
enable,wh2_dlc11_effect_army_ability_enable_shanty_2,wh2_dlc11_army_abilities_shanty_verse_2,data/effect_semantics/source_exports/db/effect_bonus_value_military_force_ability_junctions_tables/data__.tsv,18,9.0.1
enable,wh2_dlc11_effect_army_ability_enable_shanty_3_ai,wh2_dlc11_army_abilities_shanty_verse_3_ai,data/effect_semantics/source_exports/db/effect_bonus_value_military_force_ability_junctions_tables/data__.tsv,19,9.0.1
enable,wh2_dlc11_effect_army_ability_enable_shanty_3,wh2_dlc11_army_abilities_shanty_verse_3,data/effect_semantics/source_exports/db/effect_bonus_value_military_force_ability_junctions_tables/data__.tsv,20,9.0.1
enable,wh2_dlc11_effect_army_ability_enable_wraith_storm,wh2_dlc11_army_abilities_wraith_storm,data/effect_semantics/source_exports/db/effect_bonus_value_military_force_ability_junctions_tables/data__.tsv,21,9.0.1
enable,wh2_dlc11_effect_army_ability_enable_zhufbar_42_pounders,wh2_dlc11_army_abilities_zhufbar_42_pounders,data/effect_semantics/source_exports/db/effect_bonus_value_military_force_ability_junctions_tables/data__.tsv,22,9.0.1
uses_mod,wh2_dlc11_effect_army_ability_uses_norse_roar_zhufbar_42_pounder_sartosa_grapeshot,wh2_dlc11_army_abilities_norse_roar,data/effect_semantics/source_exports/db/effect_bonus_value_military_force_ability_junctions_tables/data__.tsv,23,9.0.1
uses_mod,wh2_dlc11_effect_army_ability_uses_norse_roar_zhufbar_42_pounder_sartosa_grapeshot,wh2_dlc11_army_abilities_sartosa_grapeshot,data/effect_semantics/source_exports/db/effect_bonus_value_military_force_ability_junctions_tables/data__.tsv,24,9.0.1
uses_mod,wh2_dlc11_effect_army_ability_uses_norse_roar_zhufbar_42_pounder_sartosa_grapeshot,wh2_dlc11_army_abilities_zhufbar_42_pounders,data/effect_semantics/source_exports/db/effect_bonus_value_military_force_ability_junctions_tables/data__.tsv,25,9.0.1
enable,wh2_dlc11_effect_harkon_battle_army_abilities,wh2_dlc11_army_abilities_rod_of_the_storm,data/effect_semantics/source_exports/db/effect_bonus_value_military_force_ability_junctions_tables/data__.tsv,26,9.0.1
enable,wh2_dlc12_effect_army_ability_enable_great_invocation_of_sotek,wh2_dlc12_army_abilities_great_invocation_of_sotek,data/effect_semantics/source_exports/db/effect_bonus_value_military_force_ability_junctions_tables/data__.tsv,27,9.0.1
enable,wh2_dlc12_effect_army_ability_enable_jungle_swarm,wh2_dlc12_army_abilities_jungle_swarm,data/effect_semantics/source_exports/db/effect_bonus_value_military_force_ability_junctions_tables/data__.tsv,28,9.0.1
enable,wh2_dlc12_effect_army_ability_enable_nuke_upgraded,wh2_dlc12_army_abilities_warpstorm_doomrocket_upgraded,data/effect_semantics/source_exports/db/effect_bonus_value_military_force_ability_junctions_tables/data__.tsv,29,9.0.1
enable,wh2_dlc12_effect_army_ability_enable_nuke,wh2_dlc12_army_abilities_warpstorm_doomrocket,data/effect_semantics/source_exports/db/effect_bonus_value_military_force_ability_junctions_tables/data__.tsv,30,9.0.1
enable,wh2_dlc13_effect_lzd_itzl_razordon_unlock_dummy,wh2_dlc13_army_abilities_beasts_of_itzl,data/effect_semantics/source_exports/db/effect_bonus_value_military_force_ability_junctions_tables/data__.tsv,31,9.0.1
enable,wh2_dlc13_effect_lzd_itzl_razordon_upgrade_dummy,wh2_dlc13_army_abilities_beasts_of_itzl_upgraded,data/effect_semantics/source_exports/db/effect_bonus_value_military_force_ability_junctions_tables/data__.tsv,32,9.0.1
enable,wh2_dlc13_effect_lzd_quetzl_invulnerability_unlock_dummy,wh2_dlc13_army_abilities_protection_of_quetzl,data/effect_semantics/source_exports/db/effect_bonus_value_military_force_ability_junctions_tables/data__.tsv,33,9.0.1
enable,wh2_dlc13_effect_lzd_quetzl_invulnerability_upgrade_dummy,wh2_dlc13_army_abilities_protection_of_quetzl_upgraded,data/effect_semantics/source_exports/db/effect_bonus_value_military_force_ability_junctions_tables/data__.tsv,34,9.0.1
enable,wh2_dlc13_effect_lzd_xholankha_storm_unlock_dummy,wh2_dlc13_army_abilities_storm_of_xholankha,data/effect_semantics/source_exports/db/effect_bonus_value_military_force_ability_junctions_tables/data__.tsv,35,9.0.1
enable,wh2_dlc13_effect_lzd_xholankha_storm_upgrade_dummy,wh2_dlc13_army_abilities_storm_of_xholankha_upgraded,data/effect_semantics/source_exports/db/effect_bonus_value_military_force_ability_junctions_tables/data__.tsv,36,9.0.1
enable,wh2_dlc13_effect_wulfhart_battle_army_abilities,wh2_dlc13_army_abilities_amber_bow_cannons,data/effect_semantics/source_exports/db/effect_bonus_value_military_force_ability_junctions_tables/data__.tsv,37,9.0.1
enable,wh2_dlc13_final_battle_abilities_shield_of_the_old_ones,wh2_dlc13_final_battle_abilities_shield_of_the_old_ones,data/effect_semantics/source_exports/db/effect_bonus_value_military_force_ability_junctions_tables/data__.tsv,38,9.0.1
enable,wh2_dlc14_final_battle_ability_summon_snikch_enable,wh2_dlc14_final_battle_ability_summon_snikch,data/effect_semantics/source_exports/db/effect_bonus_value_military_force_ability_junctions_tables/data__.tsv,39,9.0.1
enable,wh2_dlc15_battle_army_abilities_grimgor_waaagh,wh2_dlc15_army_abilities_grimgors_waaagh,data/effect_semantics/source_exports/db/effect_bonus_value_military_force_ability_junctions_tables/data__.tsv,40,9.0.1
enable,wh2_dlc15_battle_army_abilities_waaagh,wh2_dlc15_army_abilities_waaagh,data/effect_semantics/source_exports/db/effect_bonus_value_military_force_ability_junctions_tables/data__.tsv,41,9.0.1
disable,wh2_dlc15_effect_ability_army_enable_big_waaagh_azhag,wh2_dlc15_army_abilities_azhags_waaagh,data/effect_semantics/source_exports/db/effect_bonus_value_military_force_ability_junctions_tables/data__.tsv,42,9.0.1
disable,wh2_dlc15_effect_ability_army_enable_big_waaagh_azhag,wh2_dlc15_army_abilities_big_waaagh,data/effect_semantics/source_exports/db/effect_bonus_value_military_force_ability_junctions_tables/data__.tsv,43,9.0.1
enable,wh2_dlc15_effect_ability_army_enable_big_waaagh_azhag,wh2_dlc15_army_abilities_azhags_big_waaagh,data/effect_semantics/source_exports/db/effect_bonus_value_military_force_ability_junctions_tables/data__.tsv,44,9.0.1
disable,wh2_dlc15_effect_ability_army_enable_big_waaagh_grimgor,wh2_dlc15_army_abilities_big_waaagh,data/effect_semantics/source_exports/db/effect_bonus_value_military_force_ability_junctions_tables/data__.tsv,45,9.0.1
disable,wh2_dlc15_effect_ability_army_enable_big_waaagh_grimgor,wh2_dlc15_army_abilities_grimgors_waaagh,data/effect_semantics/source_exports/db/effect_bonus_value_military_force_ability_junctions_tables/data__.tsv,46,9.0.1
enable,wh2_dlc15_effect_ability_army_enable_big_waaagh_grimgor,wh2_dlc15_army_abilities_grimgors_big_waaagh,data/effect_semantics/source_exports/db/effect_bonus_value_military_force_ability_junctions_tables/data__.tsv,47,9.0.1
disable,wh2_dlc15_effect_ability_army_enable_big_waaagh_grom,wh2_dlc15_army_abilities_big_waaagh,data/effect_semantics/source_exports/db/effect_bonus_value_military_force_ability_junctions_tables/data__.tsv,48,9.0.1
disable,wh2_dlc15_effect_ability_army_enable_big_waaagh_grom,wh2_dlc15_army_abilities_groms_waaagh,data/effect_semantics/source_exports/db/effect_bonus_value_military_force_ability_junctions_tables/data__.tsv,49,9.0.1
enable,wh2_dlc15_effect_ability_army_enable_big_waaagh_grom,wh2_dlc15_army_abilities_groms_big_waaagh,data/effect_semantics/source_exports/db/effect_bonus_value_military_force_ability_junctions_tables/data__.tsv,50,9.0.1
disable,wh2_dlc15_effect_ability_army_enable_big_waaagh_skarsnik,wh2_dlc15_army_abilities_big_waaagh,data/effect_semantics/source_exports/db/effect_bonus_value_military_force_ability_junctions_tables/data__.tsv,51,9.0.1
disable,wh2_dlc15_effect_ability_army_enable_big_waaagh_skarsnik,wh2_dlc15_army_abilities_skarsniks_waaagh,data/effect_semantics/source_exports/db/effect_bonus_value_military_force_ability_junctions_tables/data__.tsv,52,9.0.1
enable,wh2_dlc15_effect_ability_army_enable_big_waaagh_skarsnik,wh2_dlc15_army_abilities_skarsniks_big_waaagh,data/effect_semantics/source_exports/db/effect_bonus_value_military_force_ability_junctions_tables/data__.tsv,53,9.0.1
disable,wh2_dlc15_effect_ability_army_enable_big_waaagh_wurrzag,wh2_dlc15_army_abilities_big_waaagh,data/effect_semantics/source_exports/db/effect_bonus_value_military_force_ability_junctions_tables/data__.tsv,54,9.0.1
disable,wh2_dlc15_effect_ability_army_enable_big_waaagh_wurrzag,wh2_dlc15_army_abilities_wurrzags_waaagh,data/effect_semantics/source_exports/db/effect_bonus_value_military_force_ability_junctions_tables/data__.tsv,55,9.0.1
enable,wh2_dlc15_effect_ability_army_enable_big_waaagh_wurrzag,wh2_dlc15_army_abilities_wurrzags_big_waaagh,data/effect_semantics/source_exports/db/effect_bonus_value_military_force_ability_junctions_tables/data__.tsv,56,9.0.1
disable,wh2_dlc15_effect_ability_army_enable_big_waaagh,wh2_dlc15_army_abilities_waaagh,data/effect_semantics/source_exports/db/effect_bonus_value_military_force_ability_junctions_tables/data__.tsv,57,9.0.1
enable,wh2_dlc15_effect_ability_army_enable_big_waaagh,wh2_dlc15_army_abilities_big_waaagh,data/effect_semantics/source_exports/db/effect_bonus_value_military_force_ability_junctions_tables/data__.tsv,58,9.0.1
enable,wh2_dlc15_effect_ability_army_enable_doom_diver_strike_enhanced,wh2_dlc15_army_abilities_doom_diver_strike_enhanced,data/effect_semantics/source_exports/db/effect_bonus_value_military_force_ability_junctions_tables/data__.tsv,59,9.0.1
enable,wh2_dlc15_effect_ability_army_enable_doom_diver_strike,wh2_dlc15_army_abilities_doom_diver_strike,data/effect_semantics/source_exports/db/effect_bonus_value_military_force_ability_junctions_tables/data__.tsv,60,9.0.1
enable,wh2_dlc15_effect_ability_army_enable_envelop_in_mist,wh2_dlc15_army_abilities_envelop_in_mist,data/effect_semantics/source_exports/db/effect_bonus_value_military_force_ability_junctions_tables/data__.tsv,61,9.0.1
enable,wh2_dlc15_effect_ability_army_enable_flood_trap,wh2_dlc15_army_abilities_flood_trap,data/effect_semantics/source_exports/db/effect_bonus_value_military_force_ability_junctions_tables/data__.tsv,62,9.0.1
enable,wh2_dlc15_effect_ability_army_enable_invocation_of_ending,wh2_dlc15_army_abilities_invocation_of_ending,data/effect_semantics/source_exports/db/effect_bonus_value_military_force_ability_junctions_tables/data__.tsv,63,9.0.1
enable,wh2_dlc15_effect_ability_army_enable_lightning_trap,wh2_dlc15_army_abilities_lightning_trap_1,data/effect_semantics/source_exports/db/effect_bonus_value_military_force_ability_junctions_tables/data__.tsv,64,9.0.1
enable,wh2_dlc15_effect_ability_army_enable_lightning_trap,wh2_dlc15_army_abilities_lightning_trap_2,data/effect_semantics/source_exports/db/effect_bonus_value_military_force_ability_junctions_tables/data__.tsv,65,9.0.1
enable,wh2_dlc15_effect_ability_army_enable_oath_of_replenishment_upgraded,wh2_dlc15_army_abilities_oath_of_replenishment_upgraded,data/effect_semantics/source_exports/db/effect_bonus_value_military_force_ability_junctions_tables/data__.tsv,66,9.0.1
enable,wh2_dlc15_effect_ability_army_enable_oath_of_replenishment,wh2_dlc15_army_abilities_oath_of_replenishment,data/effect_semantics/source_exports/db/effect_bonus_value_military_force_ability_junctions_tables/data__.tsv,67,9.0.1
enable,wh2_dlc15_effect_ability_army_enable_summon_the_sentinals_upgraded,wh2_dlc15_army_abilities_summon_the_sentinels_upgraded,data/effect_semantics/source_exports/db/effect_bonus_value_military_force_ability_junctions_tables/data__.tsv,68,9.0.1
enable,wh2_dlc15_effect_ability_army_enable_summon_the_sentinals,wh2_dlc15_army_abilities_summon_the_sentinels,data/effect_semantics/source_exports/db/effect_bonus_value_military_force_ability_junctions_tables/data__.tsv,69,9.0.1
enable,wh2_dlc15_effect_ability_army_enable_wind_trap,wh2_dlc15_army_abilities_wind_trap_1a,data/effect_semantics/source_exports/db/effect_bonus_value_military_force_ability_junctions_tables/data__.tsv,70,9.0.1
enable,wh2_dlc15_effect_ability_army_enable_wind_trap,wh2_dlc15_army_abilities_wind_trap_1b,data/effect_semantics/source_exports/db/effect_bonus_value_military_force_ability_junctions_tables/data__.tsv,71,9.0.1
enable,wh2_dlc15_effect_ability_army_enable_wind_trap,wh2_dlc15_army_abilities_wind_trap_2a,data/effect_semantics/source_exports/db/effect_bonus_value_military_force_ability_junctions_tables/data__.tsv,72,9.0.1
enable,wh2_dlc15_effect_ability_army_enable_wind_trap,wh2_dlc15_army_abilities_wind_trap_2b,data/effect_semantics/source_exports/db/effect_bonus_value_military_force_ability_junctions_tables/data__.tsv,73,9.0.1
enable,wh2_dlc15_effect_ability_army_enable_wind_trap,wh2_dlc15_army_abilities_wind_trap_3a,data/effect_semantics/source_exports/db/effect_bonus_value_military_force_ability_junctions_tables/data__.tsv,74,9.0.1
enable,wh2_dlc15_effect_ability_army_enable_wind_trap,wh2_dlc15_army_abilities_wind_trap_3b,data/effect_semantics/source_exports/db/effect_bonus_value_military_force_ability_junctions_tables/data__.tsv,75,9.0.1
enable,wh2_dlc15_effect_ability_enable_unleash_the_winds,wh2_dlc15_army_abilities_unleash_the_winds,data/effect_semantics/source_exports/db/effect_bonus_value_military_force_ability_junctions_tables/data__.tsv,76,9.0.1
enable,wh2_dlc15_effect_enable_wardens_cage,wh2_dlc15_character_abilities_wardens_cage,data/effect_semantics/source_exports/db/effect_bonus_value_military_force_ability_junctions_tables/data__.tsv,77,9.0.1
enable,wh2_dlc15_effect_greenskins_waaagh_army_abilities,wh2_dlc15_army_abilities_waaagh,data/effect_semantics/source_exports/db/effect_bonus_value_military_force_ability_junctions_tables/data__.tsv,78,9.0.1
disable,wh2_dlc15_effect_leader_waaagh_azhag,wh2_dlc15_army_abilities_waaagh,data/effect_semantics/source_exports/db/effect_bonus_value_military_force_ability_junctions_tables/data__.tsv,79,9.0.1
enable,wh2_dlc15_effect_leader_waaagh_azhag,wh2_dlc15_army_abilities_azhags_waaagh,data/effect_semantics/source_exports/db/effect_bonus_value_military_force_ability_junctions_tables/data__.tsv,80,9.0.1
disable,wh2_dlc15_effect_leader_waaagh_grimgor,wh2_dlc15_army_abilities_waaagh,data/effect_semantics/source_exports/db/effect_bonus_value_military_force_ability_junctions_tables/data__.tsv,81,9.0.1
enable,wh2_dlc15_effect_leader_waaagh_grimgor,wh2_dlc15_army_abilities_grimgors_waaagh,data/effect_semantics/source_exports/db/effect_bonus_value_military_force_ability_junctions_tables/data__.tsv,82,9.0.1
disable,wh2_dlc15_effect_leader_waaagh_grom,wh2_dlc15_army_abilities_waaagh,data/effect_semantics/source_exports/db/effect_bonus_value_military_force_ability_junctions_tables/data__.tsv,83,9.0.1
enable,wh2_dlc15_effect_leader_waaagh_grom,wh2_dlc15_army_abilities_groms_waaagh,data/effect_semantics/source_exports/db/effect_bonus_value_military_force_ability_junctions_tables/data__.tsv,84,9.0.1
disable,wh2_dlc15_effect_leader_waaagh_skarsnik,wh2_dlc15_army_abilities_waaagh,data/effect_semantics/source_exports/db/effect_bonus_value_military_force_ability_junctions_tables/data__.tsv,85,9.0.1
enable,wh2_dlc15_effect_leader_waaagh_skarsnik,wh2_dlc15_army_abilities_skarsniks_waaagh,data/effect_semantics/source_exports/db/effect_bonus_value_military_force_ability_junctions_tables/data__.tsv,86,9.0.1
disable,wh2_dlc15_effect_leader_waaagh_wurrzag,wh2_dlc15_army_abilities_waaagh,data/effect_semantics/source_exports/db/effect_bonus_value_military_force_ability_junctions_tables/data__.tsv,87,9.0.1
enable,wh2_dlc15_effect_leader_waaagh_wurrzag,wh2_dlc15_army_abilities_wurrzags_waaagh,data/effect_semantics/source_exports/db/effect_bonus_value_military_force_ability_junctions_tables/data__.tsv,88,9.0.1
enable,wh2_dlc16_effect_ability_army_enable_call_to_ceithin_har,wh2_dlc16_army_abilities_call_to_ceithin_har,data/effect_semantics/source_exports/db/effect_bonus_value_military_force_ability_junctions_tables/data__.tsv,89,9.0.1
enable,wh2_dlc16_effect_ability_army_enable_transformation_of_kadon,wh2_dlc16_army_abilities_transformation_of_kadon,data/effect_semantics/source_exports/db/effect_bonus_value_military_force_ability_junctions_tables/data__.tsv,90,9.0.1
enable,wh2_dlc16_effect_ability_roused_to_wrath_upgrade_2,wh2_dlc16_army_abilities_roused_to_wrath_3,data/effect_semantics/source_exports/db/effect_bonus_value_military_force_ability_junctions_tables/data__.tsv,91,9.0.1
enable,wh2_dlc16_effect_siege_attacker_hidden,wh2_dlc16_army_abilities_siege_attacker_hidden,data/effect_semantics/source_exports/db/effect_bonus_value_military_force_ability_junctions_tables/data__.tsv,92,9.0.1
enable,wh2_dlc17_effect_ability_army_enable_chaos_spawn_summon_qb_scripted,wh2_dlc17_army_abilities_chaos_spawn_summon_qb_scripted,data/effect_semantics/source_exports/db/effect_bonus_value_military_force_ability_junctions_tables/data__.tsv,93,9.0.1
enable,wh2_dlc17_effect_ability_army_enable_ghorgon_summon_qb_scripted,wh2_dlc17_army_abilities_chaos_spawn_summon_qb_scripted,data/effect_semantics/source_exports/db/effect_bonus_value_military_force_ability_junctions_tables/data__.tsv,94,9.0.1
enable,wh2_dlc17_effect_ability_army_enable_ghorgon_summon_qb_scripted,wh2_dlc17_army_abilities_cygor_summon_qb_scripted,data/effect_semantics/source_exports/db/effect_bonus_value_military_force_ability_junctions_tables/data__.tsv,95,9.0.1
enable,wh2_dlc17_effect_ability_army_enable_ghorgon_summon_qb_scripted,wh2_dlc17_army_abilities_ghorgon_summon_qb_scripted,data/effect_semantics/source_exports/db/effect_bonus_value_military_force_ability_junctions_tables/data__.tsv,96,9.0.1
enable,wh2_dlc17_effect_ability_enable_soteks_sanctum_hidden,wh2_dlc17_army_abilities_soteks_sanctum,data/effect_semantics/source_exports/db/effect_bonus_value_military_force_ability_junctions_tables/data__.tsv,97,9.0.1
enable,wh2_dlc17_effect_ability_enable_soteks_sanctum,wh2_dlc17_army_abilities_soteks_sanctum,data/effect_semantics/source_exports/db/effect_bonus_value_military_force_ability_junctions_tables/data__.tsv,98,9.0.1
enable,wh2_dlc17_effect_ability_enable_tzcatlis_sanctum_hidden,wh2_dlc17_army_abilities_tzcatlis_sanctum,data/effect_semantics/source_exports/db/effect_bonus_value_military_force_ability_junctions_tables/data__.tsv,99,9.0.1
enable,wh2_dlc17_effect_ability_enable_tzcatlis_sanctum,wh2_dlc17_army_abilities_tzcatlis_sanctum,data/effect_semantics/source_exports/db/effect_bonus_value_military_force_ability_junctions_tables/data__.tsv,100,9.0.1
enable,wh2_dlc17_effect_ability_enable_viletide_army,wh2_dlc17_army_abilities_viletide,data/effect_semantics/source_exports/db/effect_bonus_value_military_force_ability_junctions_tables/data__.tsv,101,9.0.1
enable,wh2_dlc17_effect_ability_enable_xapatis_sanctum_hidden,wh2_dlc17_army_abilities_xapatis_sanctum,data/effect_semantics/source_exports/db/effect_bonus_value_military_force_ability_junctions_tables/data__.tsv,102,9.0.1
enable,wh2_dlc17_effect_ability_enable_xapatis_sanctum,wh2_dlc17_army_abilities_xapatis_sanctum,data/effect_semantics/source_exports/db/effect_bonus_value_military_force_ability_junctions_tables/data__.tsv,103,9.0.1
enable,wh2_dlc17_effect_ability_enable_zhufbar_42_pounders_engineer,wh2_dlc17_army_abilities_zhufbar_42_pounders_engineer,data/effect_semantics/source_exports/db/effect_bonus_value_military_force_ability_junctions_tables/data__.tsv,104,9.0.1
enable,wh2_dlc17_effect_ability_enabled_ancestor_rune_grimnir,wh2_dlc17_army_abilities_ancestral_rune_of_grimnir,data/effect_semantics/source_exports/db/effect_bonus_value_military_force_ability_junctions_tables/data__.tsv,105,9.0.1
uses_mod,wh2_dlc17_effect_ability_enabled_ancestor_rune_grimnir,wh2_dlc17_army_abilities_ancestral_rune_of_grimnir,data/effect_semantics/source_exports/db/effect_bonus_value_military_force_ability_junctions_tables/data__.tsv,106,9.0.1
enable,wh2_dlc17_effect_ability_enabled_ancestor_rune_grungi,wh2_dlc17_army_abilities_ancestral_rune_of_grungni,data/effect_semantics/source_exports/db/effect_bonus_value_military_force_ability_junctions_tables/data__.tsv,107,9.0.1
enable,wh2_dlc17_effect_ability_enabled_ancestor_rune_valaya,wh2_dlc17_army_abilities_ancestral_rune_of_valaya,data/effect_semantics/source_exports/db/effect_bonus_value_military_force_ability_junctions_tables/data__.tsv,108,9.0.1
enable,wh2_dlc17_effect_ability_enabled_touched_by_the_moon,wh2_dlc17_army_abilities_touched_by_the_moon,data/effect_semantics/source_exports/db/effect_bonus_value_military_force_ability_junctions_tables/data__.tsv,109,9.0.1
enable,wh2_dlc17_effect_ability_enabled_vile_entropy,wh2_dlc17_army_abilities_vile_entropy,data/effect_semantics/source_exports/db/effect_bonus_value_military_force_ability_junctions_tables/data__.tsv,110,9.0.1
uses_mod,wh2_dlc17_effect_ability_num_uses_shatterstone,wh2_dlc17_army_abilities_shatterstone,data/effect_semantics/source_exports/db/effect_bonus_value_military_force_ability_junctions_tables/data__.tsv,111,9.0.1
uses_mod,wh2_dlc17_effect_ability_num_uses_touched_by_the_moon,wh2_dlc17_army_abilities_touched_by_the_moon,data/effect_semantics/source_exports/db/effect_bonus_value_military_force_ability_junctions_tables/data__.tsv,112,9.0.1
uses_mod,wh2_dlc17_effect_ability_num_uses_vile_entropy,wh2_dlc17_army_abilities_vile_entropy,data/effect_semantics/source_exports/db/effect_bonus_value_military_force_ability_junctions_tables/data__.tsv,113,9.0.1
uses_mod,wh2_dlc17_effect_ability_number_of_uses_zhufbar_42_pounders_engineer,wh2_dlc17_army_abilities_zhufbar_42_pounders_engineer,data/effect_semantics/source_exports/db/effect_bonus_value_military_force_ability_junctions_tables/data__.tsv,114,9.0.1
enable,wh2_dlc17_effect_army_ability_enable_shatterstone_hidden,wh2_dlc17_army_abilities_shatterstone,data/effect_semantics/source_exports/db/effect_bonus_value_military_force_ability_junctions_tables/data__.tsv,115,9.0.1
disable,wh2_main_effect_ability_army_disable_brazen_cauldron_hidden,wh2_main_army_abilities_brazen_cauldron,data/effect_semantics/source_exports/db/effect_bonus_value_military_force_ability_junctions_tables/data__.tsv,116,9.0.1
disable,wh2_main_effect_ability_army_disable_brazen_cauldron_hidden,wh2_main_army_abilities_sky_cauldron,data/effect_semantics/source_exports/db/effect_bonus_value_military_force_ability_junctions_tables/data__.tsv,117,9.0.1
disable,wh2_main_effect_ability_army_disable_khaines_flail_hidden,wh2_main_army_abilities_khaines_flail,data/effect_semantics/source_exports/db/effect_bonus_value_military_force_ability_junctions_tables/data__.tsv,118,9.0.1
disable,wh2_main_effect_ability_army_disable_khaines_flail_hidden,wh2_main_army_abilities_khaines_lash,data/effect_semantics/source_exports/db/effect_bonus_value_military_force_ability_junctions_tables/data__.tsv,119,9.0.1
disable,wh2_main_effect_ability_army_disable_khaines_lash_hidden,wh2_main_army_abilities_khaines_lash,data/effect_semantics/source_exports/db/effect_bonus_value_military_force_ability_junctions_tables/data__.tsv,120,9.0.1
disable,wh2_main_effect_ability_army_disable_sky_cauldron_hidden,wh2_main_army_abilities_sky_cauldron,data/effect_semantics/source_exports/db/effect_bonus_value_military_force_ability_junctions_tables/data__.tsv,121,9.0.1
disable,wh2_main_effect_ability_army_disable_soul_rain_hidden,wh2_main_army_abilities_soul_rain,data/effect_semantics/source_exports/db/effect_bonus_value_military_force_ability_junctions_tables/data__.tsv,122,9.0.1
disable,wh2_main_effect_ability_army_disable_soul_torrent_hidden,wh2_main_army_abilities_soul_rain,data/effect_semantics/source_exports/db/effect_bonus_value_military_force_ability_junctions_tables/data__.tsv,123,9.0.1
disable,wh2_main_effect_ability_army_disable_soul_torrent_hidden,wh2_main_army_abilities_soul_torrent,data/effect_semantics/source_exports/db/effect_bonus_value_military_force_ability_junctions_tables/data__.tsv,124,9.0.1
enable,wh2_main_effect_ability_army_enable_feral_cold_ones_scripted,wh2_main_army_abilities_carnosaur_qb_scripted,data/effect_semantics/source_exports/db/effect_bonus_value_military_force_ability_junctions_tables/data__.tsv,125,9.0.1
enable,wh2_main_effect_ability_army_enable_feral_cold_ones_scripted,wh2_main_army_abilities_feral_cold_ones_qb_scripted,data/effect_semantics/source_exports/db/effect_bonus_value_military_force_ability_junctions_tables/data__.tsv,126,9.0.1
enable,wh2_main_effect_ability_army_enable_feral_cold_ones_scripted,wh2_main_army_abilities_stegadon_qb_scripted,data/effect_semantics/source_exports/db/effect_bonus_value_military_force_ability_junctions_tables/data__.tsv,127,9.0.1
enable,wh2_main_effect_army_ability_enable_bloodwrack_cauldron,wh2_main_army_abilities_bloodwrack_cauldron,data/effect_semantics/source_exports/db/effect_bonus_value_military_force_ability_junctions_tables/data__.tsv,128,9.0.1
enable,wh2_main_effect_army_ability_enable_bolt_of_spite,wh2_main_army_abilities_bolt_of_spite,data/effect_semantics/source_exports/db/effect_bonus_value_military_force_ability_junctions_tables/data__.tsv,129,9.0.1
enable,wh2_main_effect_army_ability_enable_brazen_cauldron,wh2_main_army_abilities_brazen_cauldron,data/effect_semantics/source_exports/db/effect_bonus_value_military_force_ability_junctions_tables/data__.tsv,130,9.0.1
enable,wh2_main_effect_army_ability_enable_channeling_spire,wh2_main_army_abilities_channeling_spire,data/effect_semantics/source_exports/db/effect_bonus_value_military_force_ability_junctions_tables/data__.tsv,131,9.0.1
enable,wh2_main_effect_army_ability_enable_dark_conduit,wh2_main_army_abilities_dark_conduit,data/effect_semantics/source_exports/db/effect_bonus_value_military_force_ability_junctions_tables/data__.tsv,132,9.0.1
enable,wh2_main_effect_army_ability_enable_eagle_sanctuary,wh2_main_army_abilities_eagle_sanctuary,data/effect_semantics/source_exports/db/effect_bonus_value_military_force_ability_junctions_tables/data__.tsv,133,9.0.1
enable,wh2_main_effect_army_ability_enable_eshin_clanstone,wh2_main_army_abilities_eshin_clanstone,data/effect_semantics/source_exports/db/effect_bonus_value_military_force_ability_junctions_tables/data__.tsv,134,9.0.1
enable,wh2_main_effect_army_ability_enable_feral_cold_ones,wh2_main_army_abilities_feral_cold_ones,data/effect_semantics/source_exports/db/effect_bonus_value_military_force_ability_junctions_tables/data__.tsv,135,9.0.1
enable,wh2_main_effect_army_ability_enable_geomantic_nexus,wh2_main_army_abilities_geomantic_nexus,data/effect_semantics/source_exports/db/effect_bonus_value_military_force_ability_junctions_tables/data__.tsv,136,9.0.1
enable,wh2_main_effect_army_ability_enable_holy_stela,wh2_main_army_abilities_holy_stela,data/effect_semantics/source_exports/db/effect_bonus_value_military_force_ability_junctions_tables/data__.tsv,137,9.0.1
enable,wh2_main_effect_army_ability_enable_khaines_flail,wh2_main_army_abilities_khaines_flail,data/effect_semantics/source_exports/db/effect_bonus_value_military_force_ability_junctions_tables/data__.tsv,138,9.0.1
enable,wh2_main_effect_army_ability_enable_khaines_lash,wh2_main_army_abilities_khaines_lash,data/effect_semantics/source_exports/db/effect_bonus_value_military_force_ability_junctions_tables/data__.tsv,139,9.0.1
enable,wh2_main_effect_army_ability_enable_khaines_scourge,wh2_main_army_abilities_khaines_scourge,data/effect_semantics/source_exports/db/effect_bonus_value_military_force_ability_junctions_tables/data__.tsv,140,9.0.1
enable,wh2_main_effect_army_ability_enable_lure_of_the_pale_queen,wh2_main_army_abilities_lure_of_the_pale_queen,data/effect_semantics/source_exports/db/effect_bonus_value_military_force_ability_junctions_tables/data__.tsv,141,9.0.1
enable,wh2_main_effect_army_ability_enable_mors_clanstone,wh2_main_army_abilities_mors_clanstone,data/effect_semantics/source_exports/db/effect_bonus_value_military_force_ability_junctions_tables/data__.tsv,142,9.0.1
enable,wh2_main_effect_army_ability_enable_moulder_clanstone,wh2_main_army_abilities_moulder_clanstone,data/effect_semantics/source_exports/db/effect_bonus_value_military_force_ability_junctions_tables/data__.tsv,143,9.0.1
enable,wh2_main_effect_army_ability_enable_pestilens_clanstone,wh2_main_army_abilities_pestilens_clanstone,data/effect_semantics/source_exports/db/effect_bonus_value_military_force_ability_junctions_tables/data__.tsv,144,9.0.1
enable,wh2_main_effect_army_ability_enable_shadows_of_anlec,wh2_main_army_abilities_shadows_of_anlec,data/effect_semantics/source_exports/db/effect_bonus_value_military_force_ability_junctions_tables/data__.tsv,145,9.0.1
enable,wh2_main_effect_army_ability_enable_skryre_clanstone,wh2_main_army_abilities_skryre_clanstone,data/effect_semantics/source_exports/db/effect_bonus_value_military_force_ability_junctions_tables/data__.tsv,146,9.0.1
enable,wh2_main_effect_army_ability_enable_sky_cauldron,wh2_main_army_abilities_sky_cauldron,data/effect_semantics/source_exports/db/effect_bonus_value_military_force_ability_junctions_tables/data__.tsv,147,9.0.1
enable,wh2_main_effect_army_ability_enable_soul_rain,wh2_main_army_abilities_soul_rain,data/effect_semantics/source_exports/db/effect_bonus_value_military_force_ability_junctions_tables/data__.tsv,148,9.0.1
enable,wh2_main_effect_army_ability_enable_soul_storm,wh2_main_army_abilities_soul_storm,data/effect_semantics/source_exports/db/effect_bonus_value_military_force_ability_junctions_tables/data__.tsv,149,9.0.1
enable,wh2_main_effect_army_ability_enable_soul_torrent,wh2_main_army_abilities_soul_torrent,data/effect_semantics/source_exports/db/effect_bonus_value_military_force_ability_junctions_tables/data__.tsv,150,9.0.1
enable,wh2_main_effect_army_ability_enable_temple_of_mists,wh2_main_army_abilities_temple_of_mists,data/effect_semantics/source_exports/db/effect_bonus_value_military_force_ability_junctions_tables/data__.tsv,151,9.0.1
enable,wh2_main_effect_army_ability_enable_the_menace_below_hidden,wh2_main_army_abilities_the_menace_below,data/effect_semantics/source_exports/db/effect_bonus_value_military_force_ability_junctions_tables/data__.tsv,152,9.0.1
enable,wh2_main_effect_army_ability_enable_vauls_hammer_hidden,wh2_main_army_abilities_vauls_hammer,data/effect_semantics/source_exports/db/effect_bonus_value_military_force_ability_junctions_tables/data__.tsv,153,9.0.1
enable,wh2_main_effect_army_ability_enable_warpbomb,wh2_main_army_abilities_warpbomb,data/effect_semantics/source_exports/db/effect_bonus_value_military_force_ability_junctions_tables/data__.tsv,154,9.0.1
uses_mod,wh2_main_effect_army_ability_uses_holy_stela,wh2_main_army_abilities_holy_stela,data/effect_semantics/source_exports/db/effect_bonus_value_military_force_ability_junctions_tables/data__.tsv,155,9.0.1
uses_mod,wh2_main_effect_army_ability_uses_the_menace_below_corruption,wh2_main_army_abilities_the_menace_below,data/effect_semantics/source_exports/db/effect_bonus_value_military_force_ability_junctions_tables/data__.tsv,156,9.0.1
uses_mod,wh2_main_effect_army_ability_uses_the_menace_below_queek,wh2_main_army_abilities_the_menace_below,data/effect_semantics/source_exports/db/effect_bonus_value_military_force_ability_junctions_tables/data__.tsv,157,9.0.1
uses_mod,wh2_main_effect_army_ability_uses_the_menace_below,wh2_main_army_abilities_the_menace_below,data/effect_semantics/source_exports/db/effect_bonus_value_military_force_ability_junctions_tables/data__.tsv,158,9.0.1
enable,wh2_main_effect_final_battle_army_abilities,wh2_main_army_abilities_heal_splosion,data/effect_semantics/source_exports/db/effect_bonus_value_military_force_ability_junctions_tables/data__.tsv,159,9.0.1
enable,wh2_main_effect_final_battle_army_abilities,wh2_main_army_abilities_skaven_bomb,data/effect_semantics/source_exports/db/effect_bonus_value_military_force_ability_junctions_tables/data__.tsv,160,9.0.1
enable,wh2_main_effect_tomb_king_realm_of_souls_army_abilities,wh2_dlc09_army_abilities_realm_of_souls_ushabti,data/effect_semantics/source_exports/db/effect_bonus_value_military_force_ability_junctions_tables/data__.tsv,161,9.0.1
enable,wh2_main_effect_tomb_king_realm_of_souls_army_abilities,wh2_dlc09_army_passive_realm_of_souls_ushabti_trigger,data/effect_semantics/source_exports/db/effect_bonus_value_military_force_ability_junctions_tables/data__.tsv,162,9.0.1
uses_mod,wh2_twa03_effect_army_ability_num_uses_warp_bomb,wh2_main_army_abilities_warpbomb,data/effect_semantics/source_exports/db/effect_bonus_value_military_force_ability_junctions_tables/data__.tsv,163,9.0.1
uses_mod,wh2_twa03_num_uses_black_ark_bombardments,wh2_main_army_abilities_bloodwrack_cauldron,data/effect_semantics/source_exports/db/effect_bonus_value_military_force_ability_junctions_tables/data__.tsv,164,9.0.1
uses_mod,wh2_twa03_num_uses_black_ark_bombardments,wh2_main_army_abilities_bolt_of_spite,data/effect_semantics/source_exports/db/effect_bonus_value_military_force_ability_junctions_tables/data__.tsv,165,9.0.1
uses_mod,wh2_twa03_num_uses_black_ark_bombardments,wh2_main_army_abilities_brazen_cauldron,data/effect_semantics/source_exports/db/effect_bonus_value_military_force_ability_junctions_tables/data__.tsv,166,9.0.1
uses_mod,wh2_twa03_num_uses_black_ark_bombardments,wh2_main_army_abilities_khaines_flail,data/effect_semantics/source_exports/db/effect_bonus_value_military_force_ability_junctions_tables/data__.tsv,167,9.0.1
uses_mod,wh2_twa03_num_uses_black_ark_bombardments,wh2_main_army_abilities_khaines_lash,data/effect_semantics/source_exports/db/effect_bonus_value_military_force_ability_junctions_tables/data__.tsv,168,9.0.1
uses_mod,wh2_twa03_num_uses_black_ark_bombardments,wh2_main_army_abilities_khaines_scourge,data/effect_semantics/source_exports/db/effect_bonus_value_military_force_ability_junctions_tables/data__.tsv,169,9.0.1
uses_mod,wh2_twa03_num_uses_black_ark_bombardments,wh2_main_army_abilities_sky_cauldron,data/effect_semantics/source_exports/db/effect_bonus_value_military_force_ability_junctions_tables/data__.tsv,170,9.0.1
uses_mod,wh2_twa03_num_uses_black_ark_bombardments,wh2_main_army_abilities_soul_rain,data/effect_semantics/source_exports/db/effect_bonus_value_military_force_ability_junctions_tables/data__.tsv,171,9.0.1
uses_mod,wh2_twa03_num_uses_black_ark_bombardments,wh2_main_army_abilities_soul_storm,data/effect_semantics/source_exports/db/effect_bonus_value_military_force_ability_junctions_tables/data__.tsv,172,9.0.1
uses_mod,wh2_twa03_num_uses_black_ark_bombardments,wh2_main_army_abilities_soul_torrent,data/effect_semantics/source_exports/db/effect_bonus_value_military_force_ability_junctions_tables/data__.tsv,173,9.0.1
enable,wh3_cp1_effect_army_ability_enable_rapid_reinforcements,wh3_cp1_army_abilities_rapid_reinforcements,data/effect_semantics/source_exports/db/effect_bonus_value_military_force_ability_junctions_tables/data__.tsv,174,9.0.1
enable,wh3_dlc20_effect_army_ability_cataclysm_death,wh3_dlc20_cataclysm_bound_ashes_and_dust,data/effect_semantics/source_exports/db/effect_bonus_value_military_force_ability_junctions_tables/data__.tsv,175,9.0.1
enable,wh3_dlc20_effect_army_ability_cataclysm_fire,wh3_dlc20_cataclysm_bound_magma_storm,data/effect_semantics/source_exports/db/effect_bonus_value_military_force_ability_junctions_tables/data__.tsv,176,9.0.1
enable,wh3_dlc20_effect_army_ability_cataclysm_khorne,wh3_main_cataclysm_khorne_greater_gate_of_khorne,data/effect_semantics/source_exports/db/effect_bonus_value_military_force_ability_junctions_tables/data__.tsv,177,9.0.1
enable,wh3_dlc20_effect_army_ability_cataclysm_metal,wh3_dlc20_cataclysm_bound_gehennas_golden_globe,data/effect_semantics/source_exports/db/effect_bonus_value_military_force_ability_junctions_tables/data__.tsv,178,9.0.1
enable,wh3_dlc20_effect_army_ability_cataclysm_shadows,wh3_dlc20_cataclysm_bound_dance_of_despair,data/effect_semantics/source_exports/db/effect_bonus_value_military_force_ability_junctions_tables/data__.tsv,179,9.0.1
enable,wh3_dlc23_effect_ability_enable_blood_and_fireborn,wh3_dlc23_army_abilities_blood_and_fireborn,data/effect_semantics/source_exports/db/effect_bonus_value_military_force_ability_junctions_tables/data__.tsv,180,9.0.1
uses_mod,wh3_dlc23_effect_ability_mod_amount_of_uses_tower_of_zharr_abilities,wh3_dlc23_army_abilities_armour_of_contempt,data/effect_semantics/source_exports/db/effect_bonus_value_military_force_ability_junctions_tables/data__.tsv,181,9.0.1
uses_mod,wh3_dlc23_effect_ability_mod_amount_of_uses_tower_of_zharr_abilities,wh3_dlc23_army_abilities_blood_and_fireborn,data/effect_semantics/source_exports/db/effect_bonus_value_military_force_ability_junctions_tables/data__.tsv,182,9.0.1
uses_mod,wh3_dlc23_effect_ability_mod_amount_of_uses_tower_of_zharr_abilities,wh3_dlc23_army_abilities_doom_of_hashut,data/effect_semantics/source_exports/db/effect_bonus_value_military_force_ability_junctions_tables/data__.tsv,183,9.0.1
uses_mod,wh3_dlc23_effect_ability_mod_amount_of_uses_tower_of_zharr_abilities,wh3_dlc23_army_abilities_tower_ballistics,data/effect_semantics/source_exports/db/effect_bonus_value_military_force_ability_junctions_tables/data__.tsv,184,9.0.1
uses_mod,wh3_dlc23_effect_ability_mod_amount_of_uses_tower_of_zharr_abilities,wh3_dlc23_army_abilities_tower_ballistics_upgraded_toz,data/effect_semantics/source_exports/db/effect_bonus_value_military_force_ability_junctions_tables/data__.tsv,185,9.0.1
uses_mod,wh3_dlc23_effect_ability_mod_amount_of_uses_tower_of_zharr_abilities,wh3_dlc23_army_abilities_wrath_of_zharr,data/effect_semantics/source_exports/db/effect_bonus_value_military_force_ability_junctions_tables/data__.tsv,186,9.0.1
enable,wh3_dlc23_effect_army_ability_enable_armour_of_contempt,wh3_dlc23_army_abilities_armour_of_contempt,data/effect_semantics/source_exports/db/effect_bonus_value_military_force_ability_junctions_tables/data__.tsv,187,9.0.1
enable,wh3_dlc23_effect_army_ability_enable_doom_of_hashut,wh3_dlc23_army_abilities_doom_of_hashut,data/effect_semantics/source_exports/db/effect_bonus_value_military_force_ability_junctions_tables/data__.tsv,188,9.0.1
enable,wh3_dlc23_effect_army_ability_enable_tower_ballistics_hidden,wh3_dlc23_army_abilities_tower_ballistics,data/effect_semantics/source_exports/db/effect_bonus_value_military_force_ability_junctions_tables/data__.tsv,189,9.0.1
disable,wh3_dlc23_effect_army_ability_enable_tower_ballistics_upgraded_toz_hidden,wh3_dlc23_army_abilities_tower_ballistics,data/effect_semantics/source_exports/db/effect_bonus_value_military_force_ability_junctions_tables/data__.tsv,190,9.0.1
enable,wh3_dlc23_effect_army_ability_enable_tower_ballistics_upgraded_toz_hidden,wh3_dlc23_army_abilities_tower_ballistics_upgraded_toz,data/effect_semantics/source_exports/db/effect_bonus_value_military_force_ability_junctions_tables/data__.tsv,191,9.0.1
disable,wh3_dlc23_effect_army_ability_enable_tower_ballistics_upgraded_toz,wh3_dlc23_army_abilities_tower_ballistics,data/effect_semantics/source_exports/db/effect_bonus_value_military_force_ability_junctions_tables/data__.tsv,192,9.0.1
enable,wh3_dlc23_effect_army_ability_enable_tower_ballistics_upgraded_toz,wh3_dlc23_army_abilities_tower_ballistics_upgraded_toz,data/effect_semantics/source_exports/db/effect_bonus_value_military_force_ability_junctions_tables/data__.tsv,193,9.0.1
enable,wh3_dlc23_effect_army_ability_enable_tower_ballistics,wh3_dlc23_army_abilities_tower_ballistics,data/effect_semantics/source_exports/db/effect_bonus_value_military_force_ability_junctions_tables/data__.tsv,194,9.0.1
enable,wh3_dlc23_effect_army_ability_enable_wrath_of_zharr,wh3_dlc23_army_abilities_wrath_of_zharr,data/effect_semantics/source_exports/db/effect_bonus_value_military_force_ability_junctions_tables/data__.tsv,195,9.0.1
uses_mod,wh3_dlc23_effect_army_ability_uses_tower_ballistics_hidden,wh3_dlc23_army_abilities_tower_ballistics,data/effect_semantics/source_exports/db/effect_bonus_value_military_force_ability_junctions_tables/data__.tsv,196,9.0.1
uses_mod,wh3_dlc23_effect_army_ability_uses_tower_ballistics_hidden,wh3_dlc23_army_abilities_tower_ballistics_upgraded_toz,data/effect_semantics/source_exports/db/effect_bonus_value_military_force_ability_junctions_tables/data__.tsv,197,9.0.1
uses_mod,wh3_dlc23_effect_army_ability_uses_tower_ballistics,wh3_dlc23_army_abilities_tower_ballistics,data/effect_semantics/source_exports/db/effect_bonus_value_military_force_ability_junctions_tables/data__.tsv,198,9.0.1
uses_mod,wh3_dlc23_effect_army_ability_uses_tower_ballistics,wh3_dlc23_army_abilities_tower_ballistics_upgraded_toz,data/effect_semantics/source_exports/db/effect_bonus_value_military_force_ability_junctions_tables/data__.tsv,199,9.0.1
enable,wh3_dlc23_effect_chaos_runeshield_quest_battle_army_abilities,wh3_dlc23_army_abilities_guns_of_zharr,data/effect_semantics/source_exports/db/effect_bonus_value_military_force_ability_junctions_tables/data__.tsv,200,9.0.1
enable,wh3_dlc24_effect_scribes_random_cataclysm_roll_1,wh3_dlc20_cataclysm_bound_ashes_and_dust,data/effect_semantics/source_exports/db/effect_bonus_value_military_force_ability_junctions_tables/data__.tsv,201,9.0.1
enable,wh3_dlc24_effect_scribes_random_cataclysm_roll_2,wh3_dlc20_cataclysm_bound_dance_of_despair,data/effect_semantics/source_exports/db/effect_bonus_value_military_force_ability_junctions_tables/data__.tsv,202,9.0.1
enable,wh3_dlc24_effect_scribes_random_cataclysm_roll_3,wh3_dlc20_cataclysm_bound_gehennas_golden_globe,data/effect_semantics/source_exports/db/effect_bonus_value_military_force_ability_junctions_tables/data__.tsv,203,9.0.1
enable,wh3_dlc24_effect_scribes_random_cataclysm_roll_4,wh3_dlc20_cataclysm_bound_magma_storm,data/effect_semantics/source_exports/db/effect_bonus_value_military_force_ability_junctions_tables/data__.tsv,204,9.0.1
enable,wh3_dlc24_effect_scribes_random_cataclysm_roll_5,wh3_dlc20_cataclysm_bound_merciws_monstrous_regiment,data/effect_semantics/source_exports/db/effect_bonus_value_military_force_ability_junctions_tables/data__.tsv,205,9.0.1
enable,wh3_dlc24_effect_scribes_random_cataclysm_roll_6,wh3_dlc20_cataclysm_bound_storm_of_renewal,data/effect_semantics/source_exports/db/effect_bonus_value_military_force_ability_junctions_tables/data__.tsv,206,9.0.1
enable,wh3_dlc24_effect_scribes_random_cataclysm_roll_7,wh3_dlc20_cataclysm_bound_thorsens_thunderstorm,data/effect_semantics/source_exports/db/effect_bonus_value_military_force_ability_junctions_tables/data__.tsv,207,9.0.1
enable,wh3_dlc24_effect_scribes_random_cataclysm_roll_8,wh3_dlc20_cataclysm_bound_time_amok,data/effect_semantics/source_exports/db/effect_bonus_value_military_force_ability_junctions_tables/data__.tsv,208,9.0.1
enable,wh3_dlc24_effect_yuan_bo_battle_army_abilities_enable_gehennas_golden_globe,wh3_dlc20_cataclysm_bound_gehennas_golden_globe,data/effect_semantics/source_exports/db/effect_bonus_value_military_force_ability_junctions_tables/data__.tsv,209,9.0.1
enable,wh3_dlc24_effect_yuan_bo_battle_army_abilities_enable_magma_storm,wh3_dlc20_cataclysm_bound_magma_storm,data/effect_semantics/source_exports/db/effect_bonus_value_military_force_ability_junctions_tables/data__.tsv,210,9.0.1
enable,wh3_dlc24_tze_changeling_theatre_scheme_grand_cathay_doom_rocket_enable,wh3_dlc24_tze_changeling_theatre_scheme_grand_cathay_doom_rocket,data/effect_semantics/source_exports/db/effect_bonus_value_military_force_ability_junctions_tables/data__.tsv,211,9.0.1
enable,wh3_dlc25_bjuna_bombard_active,wh3_dlc25_army_abilities_bjuna_bombard,data/effect_semantics/source_exports/db/effect_bonus_value_military_force_ability_junctions_tables/data__.tsv,212,9.0.1
enable,wh3_dlc25_college_of_magic_cata_spell_beast,wh3_dlc25_cataclysm_beasts_merciws_monstrous_regiment_com,data/effect_semantics/source_exports/db/effect_bonus_value_military_force_ability_junctions_tables/data__.tsv,213,9.0.1
enable,wh3_dlc25_college_of_magic_cata_spell_death,wh3_dlc25_cataclysm_death_ashes_and_dust_com,data/effect_semantics/source_exports/db/effect_bonus_value_military_force_ability_junctions_tables/data__.tsv,214,9.0.1
enable,wh3_dlc25_college_of_magic_cata_spell_fire,wh3_dlc25_cataclysm_fire_magma_storm_com,data/effect_semantics/source_exports/db/effect_bonus_value_military_force_ability_junctions_tables/data__.tsv,215,9.0.1
enable,wh3_dlc25_college_of_magic_cata_spell_heavens,wh3_dlc25_cataclysm_heavens_thorsens_thunderstorm_com,data/effect_semantics/source_exports/db/effect_bonus_value_military_force_ability_junctions_tables/data__.tsv,216,9.0.1
enable,wh3_dlc25_college_of_magic_cata_spell_life,wh3_dlc25_cataclysm_life_storm_of_renewal_com,data/effect_semantics/source_exports/db/effect_bonus_value_military_force_ability_junctions_tables/data__.tsv,217,9.0.1
enable,wh3_dlc25_college_of_magic_cata_spell_light,wh3_dlc25_cataclysm_light_time_amok_com,data/effect_semantics/source_exports/db/effect_bonus_value_military_force_ability_junctions_tables/data__.tsv,218,9.0.1
enable,wh3_dlc25_college_of_magic_cata_spell_shadow,wh3_dlc25_cataclysm_shadow_dance_of_despair_com,data/effect_semantics/source_exports/db/effect_bonus_value_military_force_ability_junctions_tables/data__.tsv,219,9.0.1
enable,wh3_dlc25_effect_ability_enable_bound_ashes_and_dust,wh3_dlc20_cataclysm_bound_ashes_and_dust,data/effect_semantics/source_exports/db/effect_bonus_value_military_force_ability_junctions_tables/data__.tsv,220,9.0.1
enable,wh3_dlc25_effect_ability_enable_dance_of_despair,wh3_dlc20_cataclysm_bound_dance_of_despair,data/effect_semantics/source_exports/db/effect_bonus_value_military_force_ability_junctions_tables/data__.tsv,221,9.0.1
enable,wh3_dlc25_effect_ability_enable_gehennas_golden_globe_gelt_hidden,wh3_dlc25_cataclysm_metal_gehennas_golden_globe_com,data/effect_semantics/source_exports/db/effect_bonus_value_military_force_ability_junctions_tables/data__.tsv,222,9.0.1
enable,wh3_dlc25_effect_ability_enable_gehennas_golden_globe_gelt,wh3_dlc25_cataclysm_metal_gehennas_golden_globe_com,data/effect_semantics/source_exports/db/effect_bonus_value_military_force_ability_junctions_tables/data__.tsv,223,9.0.1
enable,wh3_dlc25_effect_ability_enable_gyrocopter_launch,wh3_dlc25_army_abilities_launch_gyrocopters,data/effect_semantics/source_exports/db/effect_bonus_value_military_force_ability_junctions_tables/data__.tsv,224,9.0.1
enable,wh3_dlc25_effect_ability_enable_magma_storm,wh3_dlc20_cataclysm_bound_magma_storm,data/effect_semantics/source_exports/db/effect_bonus_value_military_force_ability_junctions_tables/data__.tsv,225,9.0.1
enable,wh3_dlc25_effect_ability_enable_merciws_monstrous_regiment,wh3_dlc20_cataclysm_bound_merciws_monstrous_regiment,data/effect_semantics/source_exports/db/effect_bonus_value_military_force_ability_junctions_tables/data__.tsv,226,9.0.1
enable,wh3_dlc25_effect_ability_enable_storm_of_renewal,wh3_dlc20_cataclysm_bound_storm_of_renewal,data/effect_semantics/source_exports/db/effect_bonus_value_military_force_ability_junctions_tables/data__.tsv,227,9.0.1
enable,wh3_dlc25_effect_ability_enable_thorsens_thunderstorm,wh3_dlc25_cataclysm_heavens_thorsens_thunderstorm_com,data/effect_semantics/source_exports/db/effect_bonus_value_military_force_ability_junctions_tables/data__.tsv,228,9.0.1
enable,wh3_dlc25_effect_ability_enable_time_amok,wh3_dlc20_cataclysm_bound_time_amok,data/effect_semantics/source_exports/db/effect_bonus_value_military_force_ability_junctions_tables/data__.tsv,229,9.0.1
uses_mod,wh3_dlc25_effect_ability_num_uses_gyrocopter_launch,wh3_dlc25_army_abilities_launch_gyrocopters,data/effect_semantics/source_exports/db/effect_bonus_value_military_force_ability_junctions_tables/data__.tsv,230,9.0.1
uses_mod,wh3_dlc25_effect_ability_num_uses_spirit_of_grungni_summon,wh3_dlc25_army_abilities_spirit_of_grungni,data/effect_semantics/source_exports/db/effect_bonus_value_military_force_ability_junctions_tables/data__.tsv,231,9.0.1
uses_mod,wh3_dlc25_effect_ability_nur_chieftains_cataclysm_shadows_dummy,wh3_dlc20_cataclysm_bound_dance_of_despair,data/effect_semantics/source_exports/db/effect_bonus_value_military_force_ability_junctions_tables/data__.tsv,232,9.0.1
uses_mod,wh3_dlc25_effect_ability_uses_cataclysm,wh3_dlc25_cataclysm_beasts_merciws_monstrous_regiment_com,data/effect_semantics/source_exports/db/effect_bonus_value_military_force_ability_junctions_tables/data__.tsv,233,9.0.1
uses_mod,wh3_dlc25_effect_ability_uses_cataclysm,wh3_dlc25_cataclysm_death_ashes_and_dust_com,data/effect_semantics/source_exports/db/effect_bonus_value_military_force_ability_junctions_tables/data__.tsv,234,9.0.1
uses_mod,wh3_dlc25_effect_ability_uses_cataclysm,wh3_dlc25_cataclysm_fire_magma_storm_com,data/effect_semantics/source_exports/db/effect_bonus_value_military_force_ability_junctions_tables/data__.tsv,235,9.0.1
uses_mod,wh3_dlc25_effect_ability_uses_cataclysm,wh3_dlc25_cataclysm_heavens_thorsens_thunderstorm_com,data/effect_semantics/source_exports/db/effect_bonus_value_military_force_ability_junctions_tables/data__.tsv,236,9.0.1
uses_mod,wh3_dlc25_effect_ability_uses_cataclysm,wh3_dlc25_cataclysm_life_storm_of_renewal_com,data/effect_semantics/source_exports/db/effect_bonus_value_military_force_ability_junctions_tables/data__.tsv,237,9.0.1
uses_mod,wh3_dlc25_effect_ability_uses_cataclysm,wh3_dlc25_cataclysm_light_time_amok_com,data/effect_semantics/source_exports/db/effect_bonus_value_military_force_ability_junctions_tables/data__.tsv,238,9.0.1
uses_mod,wh3_dlc25_effect_ability_uses_cataclysm,wh3_dlc25_cataclysm_metal_gehennas_golden_globe_com,data/effect_semantics/source_exports/db/effect_bonus_value_military_force_ability_junctions_tables/data__.tsv,239,9.0.1
uses_mod,wh3_dlc25_effect_ability_uses_cataclysm,wh3_dlc25_cataclysm_shadow_dance_of_despair_com,data/effect_semantics/source_exports/db/effect_bonus_value_military_force_ability_junctions_tables/data__.tsv,240,9.0.1
uses_mod,wh3_dlc25_effect_ability_uses_nur_chieftains_cataclysm_shadows,wh3_dlc20_cataclysm_bound_dance_of_despair,data/effect_semantics/source_exports/db/effect_bonus_value_military_force_ability_junctions_tables/data__.tsv,241,9.0.1
enable,wh3_dlc25_effect_army_ability_enable_call_of_the_wild,wh3_dlc25_army_abilities_call_of_the_wild,data/effect_semantics/source_exports/db/effect_bonus_value_military_force_ability_junctions_tables/data__.tsv,242,9.0.1
enable,wh3_dlc25_effect_army_ability_enable_master_engineer_gyrocopter_bomb,wh3_dlc25_army_abilities_gyrocopter_bomb,data/effect_semantics/source_exports/db/effect_bonus_value_military_force_ability_junctions_tables/data__.tsv,243,9.0.1
enable,wh3_dlc25_effect_army_ability_enable_spirit_of_grungni_summon_1,wh3_dlc25_army_abilities_spirit_of_grungni,data/effect_semantics/source_exports/db/effect_bonus_value_military_force_ability_junctions_tables/data__.tsv,244,9.0.1
enable,wh3_dlc25_effect_army_ability_enable_summon_miners_hidden,wh3_dlc25_army_abilities_summon_miners,data/effect_semantics/source_exports/db/effect_bonus_value_military_force_ability_junctions_tables/data__.tsv,245,9.0.1
enable,wh3_dlc25_effect_army_ability_enable_summon_miners,wh3_dlc25_army_abilities_summon_miners,data/effect_semantics/source_exports/db/effect_bonus_value_military_force_ability_junctions_tables/data__.tsv,246,9.0.1
enable,wh3_dlc25_effect_com_ritual_summon,wh3_dlc25_army_abilities_call_of_the_wild,data/effect_semantics/source_exports/db/effect_bonus_value_military_force_ability_junctions_tables/data__.tsv,247,9.0.1
enable,wh3_dlc25_effect_nur_chieftain_army_ability_enable,wh3_dlc25_army_abilities_pandemicium,data/effect_semantics/source_exports/db/effect_bonus_value_military_force_ability_junctions_tables/data__.tsv,248,9.0.1
uses_mod,wh3_dlc25_effect_nur_chieftain_army_ability_uses_mod,wh3_dlc25_army_abilities_pandemicium,data/effect_semantics/source_exports/db/effect_bonus_value_military_force_ability_junctions_tables/data__.tsv,249,9.0.1
enable,wh3_dlc25_purple_eclipse_active,wh3_dlc25_army_abilities_purple_eclipse,data/effect_semantics/source_exports/db/effect_bonus_value_military_force_ability_junctions_tables/data__.tsv,250,9.0.1
enable,wh3_dlc25_spirit_barrage_active,wh3_dlc25_army_abilities_spirit_barrage,data/effect_semantics/source_exports/db/effect_bonus_value_military_force_ability_junctions_tables/data__.tsv,251,9.0.1
disable,wh3_dlc26_effect_ability_army_enable_big_waaagh_gorbad,wh2_dlc15_army_abilities_big_waaagh,data/effect_semantics/source_exports/db/effect_bonus_value_military_force_ability_junctions_tables/data__.tsv,252,9.0.1
disable,wh3_dlc26_effect_ability_army_enable_big_waaagh_gorbad,wh3_dlc26_army_abilities_gorbads_waaagh,data/effect_semantics/source_exports/db/effect_bonus_value_military_force_ability_junctions_tables/data__.tsv,253,9.0.1
enable,wh3_dlc26_effect_ability_army_enable_big_waaagh_gorbad,wh3_dlc26_army_abilities_gorbads_big_waaagh,data/effect_semantics/source_exports/db/effect_bonus_value_military_force_ability_junctions_tables/data__.tsv,254,9.0.1
enable,wh3_dlc26_effect_ability_enable_cut_da_chains,wh3_dlc26_army_abilities_cut_da_chains,data/effect_semantics/source_exports/db/effect_bonus_value_military_force_ability_junctions_tables/data__.tsv,255,9.0.1
enable,wh3_dlc26_effect_ability_enable_fly_at_da_smoke,wh3_dlc26_army_abilities_fly_at_da_smoke,data/effect_semantics/source_exports/db/effect_bonus_value_military_force_ability_junctions_tables/data__.tsv,256,9.0.1
enable,wh3_dlc26_effect_ability_enable_khornes_wrath,wh3_dlc26_army_abilities_khornes_wrath,data/effect_semantics/source_exports/db/effect_bonus_value_military_force_ability_junctions_tables/data__.tsv,257,9.0.1
uses_mod,wh3_dlc26_effect_ability_uses_blood_gods_shackles,wh3_dlc26_army_abilities_blood_gods_shackles,data/effect_semantics/source_exports/db/effect_bonus_value_military_force_ability_junctions_tables/data__.tsv,258,9.0.1
uses_mod,wh3_dlc26_effect_ability_uses_blood_gods_shackles,wh3_dlc26_army_abilities_blood_gods_shackles_upgraded,data/effect_semantics/source_exports/db/effect_bonus_value_military_force_ability_junctions_tables/data__.tsv,259,9.0.1
enable,wh3_dlc26_effect_ability_uses_boiling_cauldron_army,wh3_dlc26_army_abilities_boiling_cauldron,data/effect_semantics/source_exports/db/effect_bonus_value_military_force_ability_junctions_tables/data__.tsv,260,9.0.1
enable,wh3_dlc26_effect_army_ability_enable_foot_of_gork,wh3_dlc26_army_abilities_da_plan_foot_of_gork,data/effect_semantics/source_exports/db/effect_bonus_value_military_force_ability_junctions_tables/data__.tsv,261,9.0.1
enable,wh3_dlc26_effect_army_ability_enable_gluttony_hidden,wh3_main_army_abilities_gluttony,data/effect_semantics/source_exports/db/effect_bonus_value_military_force_ability_junctions_tables/data__.tsv,262,9.0.1
uses_mod,wh3_dlc26_effect_army_ability_uses_gluttony_hidden,wh3_main_army_abilities_gluttony,data/effect_semantics/source_exports/db/effect_bonus_value_military_force_ability_junctions_tables/data__.tsv,263,9.0.1
uses_mod,wh3_dlc26_effect_army_ability_uses_gluttony,wh3_main_army_abilities_gluttony,data/effect_semantics/source_exports/db/effect_bonus_value_military_force_ability_junctions_tables/data__.tsv,264,9.0.1
disable,wh3_dlc26_effect_enable_blood_gods_shackles_upgraded,wh3_dlc26_army_abilities_blood_gods_shackles,data/effect_semantics/source_exports/db/effect_bonus_value_military_force_ability_junctions_tables/data__.tsv,265,9.0.1
enable,wh3_dlc26_effect_enable_blood_gods_shackles_upgraded,wh3_dlc26_army_abilities_blood_gods_shackles_upgraded,data/effect_semantics/source_exports/db/effect_bonus_value_military_force_ability_junctions_tables/data__.tsv,266,9.0.1
enable,wh3_dlc26_effect_enable_blood_gods_shackles,wh3_dlc26_army_abilities_blood_gods_shackles,data/effect_semantics/source_exports/db/effect_bonus_value_military_force_ability_junctions_tables/data__.tsv,267,9.0.1
disable,wh3_dlc26_effect_leader_waaagh_gorbad,wh2_dlc15_army_abilities_waaagh,data/effect_semantics/source_exports/db/effect_bonus_value_military_force_ability_junctions_tables/data__.tsv,268,9.0.1
enable,wh3_dlc26_effect_leader_waaagh_gorbad,wh3_dlc26_army_abilities_gorbads_waaagh,data/effect_semantics/source_exports/db/effect_bonus_value_military_force_ability_junctions_tables/data__.tsv,269,9.0.1
enable,wh3_dlc27_army_high_magic_apotheosis,wh3_dlc27_army_high_magic_apotheosis,data/effect_semantics/source_exports/db/effect_bonus_value_military_force_ability_junctions_tables/data__.tsv,270,9.0.1
enable,wh3_dlc27_army_high_magic_hand_of_glory,wh3_dlc27_army_high_magic_hand_of_glory,data/effect_semantics/source_exports/db/effect_bonus_value_military_force_ability_junctions_tables/data__.tsv,271,9.0.1
enable,wh3_dlc27_army_high_magic_tempest,wh3_dlc27_army_high_magic_tempest,data/effect_semantics/source_exports/db/effect_bonus_value_military_force_ability_junctions_tables/data__.tsv,272,9.0.1
disable,wh3_dlc27_effect_ability_army_disable_asuryans_fury_hidden,wh3_dlc27_army_abilities_asuryans_fury,data/effect_semantics/source_exports/db/effect_bonus_value_military_force_ability_junctions_tables/data__.tsv,273,9.0.1
disable,wh3_dlc27_effect_ability_army_disable_asuryans_fury_hidden,wh3_dlc27_army_abilities_asuryans_rage,data/effect_semantics/source_exports/db/effect_bonus_value_military_force_ability_junctions_tables/data__.tsv,274,9.0.1
disable,wh3_dlc27_effect_ability_army_disable_asuryans_rage_hidden,wh3_dlc27_army_abilities_asuryans_rage,data/effect_semantics/source_exports/db/effect_bonus_value_military_force_ability_junctions_tables/data__.tsv,275,9.0.1
disable,wh3_dlc27_effect_ability_army_disable_dragonship_assault_hidden,wh3_dlc27_army_abilities_dragonship_assault,data/effect_semantics/source_exports/db/effect_bonus_value_military_force_ability_junctions_tables/data__.tsv,276,9.0.1
disable,wh3_dlc27_effect_ability_army_disable_dragonship_assault_hidden,wh3_dlc27_army_abilities_dragonship_volley,data/effect_semantics/source_exports/db/effect_bonus_value_military_force_ability_junctions_tables/data__.tsv,277,9.0.1
disable,wh3_dlc27_effect_ability_army_disable_dragonship_volley_hidden,wh3_dlc27_army_abilities_dragonship_volley,data/effect_semantics/source_exports/db/effect_bonus_value_military_force_ability_junctions_tables/data__.tsv,278,9.0.1
disable,wh3_dlc27_effect_ability_army_disable_war_supplies_hidden,wh3_dlc27_army_abilities_war_supplies,data/effect_semantics/source_exports/db/effect_bonus_value_military_force_ability_junctions_tables/data__.tsv,279,9.0.1
uses_mod,wh3_dlc27_effect_ability_uses_hef_dragonship_abilities_hidden,wh3_dlc27_army_abilities_asuryans_fury,data/effect_semantics/source_exports/db/effect_bonus_value_military_force_ability_junctions_tables/data__.tsv,280,9.0.1
uses_mod,wh3_dlc27_effect_ability_uses_hef_dragonship_abilities_hidden,wh3_dlc27_army_abilities_asuryans_rage,data/effect_semantics/source_exports/db/effect_bonus_value_military_force_ability_junctions_tables/data__.tsv,281,9.0.1
uses_mod,wh3_dlc27_effect_ability_uses_hef_dragonship_abilities_hidden,wh3_dlc27_army_abilities_asuryans_wrath,data/effect_semantics/source_exports/db/effect_bonus_value_military_force_ability_junctions_tables/data__.tsv,282,9.0.1
uses_mod,wh3_dlc27_effect_ability_uses_hef_dragonship_abilities_hidden,wh3_dlc27_army_abilities_dragonship_assault,data/effect_semantics/source_exports/db/effect_bonus_value_military_force_ability_junctions_tables/data__.tsv,283,9.0.1
uses_mod,wh3_dlc27_effect_ability_uses_hef_dragonship_abilities_hidden,wh3_dlc27_army_abilities_dragonship_blitz,data/effect_semantics/source_exports/db/effect_bonus_value_military_force_ability_junctions_tables/data__.tsv,284,9.0.1
uses_mod,wh3_dlc27_effect_ability_uses_hef_dragonship_abilities_hidden,wh3_dlc27_army_abilities_dragonship_volley,data/effect_semantics/source_exports/db/effect_bonus_value_military_force_ability_junctions_tables/data__.tsv,285,9.0.1
uses_mod,wh3_dlc27_effect_ability_uses_hef_dragonship_abilities_hidden,wh3_dlc27_army_abilities_ships_of_the_line,data/effect_semantics/source_exports/db/effect_bonus_value_military_force_ability_junctions_tables/data__.tsv,286,9.0.1
uses_mod,wh3_dlc27_effect_ability_uses_hef_dragonship_abilities_hidden,wh3_dlc27_army_abilities_war_supplies,data/effect_semantics/source_exports/db/effect_bonus_value_military_force_ability_junctions_tables/data__.tsv,287,9.0.1
enable,wh3_dlc27_effect_army_ability_enable_asuryans_fury_hidden,wh3_dlc27_army_abilities_asuryans_fury,data/effect_semantics/source_exports/db/effect_bonus_value_military_force_ability_junctions_tables/data__.tsv,288,9.0.1
enable,wh3_dlc27_effect_army_ability_enable_asuryans_fury,wh3_dlc27_army_abilities_asuryans_fury,data/effect_semantics/source_exports/db/effect_bonus_value_military_force_ability_junctions_tables/data__.tsv,289,9.0.1
enable,wh3_dlc27_effect_army_ability_enable_asuryans_rage_hidden,wh3_dlc27_army_abilities_asuryans_rage,data/effect_semantics/source_exports/db/effect_bonus_value_military_force_ability_junctions_tables/data__.tsv,290,9.0.1
enable,wh3_dlc27_effect_army_ability_enable_asuryans_rage,wh3_dlc27_army_abilities_asuryans_rage,data/effect_semantics/source_exports/db/effect_bonus_value_military_force_ability_junctions_tables/data__.tsv,291,9.0.1
enable,wh3_dlc27_effect_army_ability_enable_asuryans_wrath_hidden,wh3_dlc27_army_abilities_asuryans_wrath,data/effect_semantics/source_exports/db/effect_bonus_value_military_force_ability_junctions_tables/data__.tsv,292,9.0.1
enable,wh3_dlc27_effect_army_ability_enable_asuryans_wrath,wh3_dlc27_army_abilities_asuryans_wrath,data/effect_semantics/source_exports/db/effect_bonus_value_military_force_ability_junctions_tables/data__.tsv,293,9.0.1
enable,wh3_dlc27_effect_army_ability_enable_dragonship_assault_hidden,wh3_dlc27_army_abilities_dragonship_assault,data/effect_semantics/source_exports/db/effect_bonus_value_military_force_ability_junctions_tables/data__.tsv,294,9.0.1
enable,wh3_dlc27_effect_army_ability_enable_dragonship_assault,wh3_dlc27_army_abilities_dragonship_assault,data/effect_semantics/source_exports/db/effect_bonus_value_military_force_ability_junctions_tables/data__.tsv,295,9.0.1
enable,wh3_dlc27_effect_army_ability_enable_dragonship_blitz_hidden,wh3_dlc27_army_abilities_dragonship_blitz,data/effect_semantics/source_exports/db/effect_bonus_value_military_force_ability_junctions_tables/data__.tsv,296,9.0.1
enable,wh3_dlc27_effect_army_ability_enable_dragonship_blitz,wh3_dlc27_army_abilities_dragonship_blitz,data/effect_semantics/source_exports/db/effect_bonus_value_military_force_ability_junctions_tables/data__.tsv,297,9.0.1
enable,wh3_dlc27_effect_army_ability_enable_dragonship_volley_hidden,wh3_dlc27_army_abilities_dragonship_volley,data/effect_semantics/source_exports/db/effect_bonus_value_military_force_ability_junctions_tables/data__.tsv,298,9.0.1
enable,wh3_dlc27_effect_army_ability_enable_dragonship_volley,wh3_dlc27_army_abilities_dragonship_volley,data/effect_semantics/source_exports/db/effect_bonus_value_military_force_ability_junctions_tables/data__.tsv,299,9.0.1
enable,wh3_dlc27_effect_army_ability_enable_sayl_manipulations_spawn_shaman_death,wh3_dlc27_army_abilities_sayl_manipulations_spawn_shaman_death,data/effect_semantics/source_exports/db/effect_bonus_value_military_force_ability_junctions_tables/data__.tsv,300,9.0.1
enable,wh3_dlc27_effect_army_ability_enable_sayl_manipulations_spawn_shaman_fire,wh3_dlc27_army_abilities_sayl_manipulations_spawn_shaman_fire,data/effect_semantics/source_exports/db/effect_bonus_value_military_force_ability_junctions_tables/data__.tsv,301,9.0.1
enable,wh3_dlc27_effect_army_ability_enable_sayl_manipulations_spawn_shaman_metal,wh3_dlc27_army_abilities_sayl_manipulations_spawn_shaman_metal,data/effect_semantics/source_exports/db/effect_bonus_value_military_force_ability_junctions_tables/data__.tsv,302,9.0.1
enable,wh3_dlc27_effect_army_ability_enable_ships_of_the_line_hidden,wh3_dlc27_army_abilities_ships_of_the_line,data/effect_semantics/source_exports/db/effect_bonus_value_military_force_ability_junctions_tables/data__.tsv,303,9.0.1
enable,wh3_dlc27_effect_army_ability_enable_ships_of_the_line,wh3_dlc27_army_abilities_ships_of_the_line,data/effect_semantics/source_exports/db/effect_bonus_value_military_force_ability_junctions_tables/data__.tsv,304,9.0.1
enable,wh3_dlc27_effect_army_ability_enable_war_supplies_hidden,wh3_dlc27_army_abilities_war_supplies,data/effect_semantics/source_exports/db/effect_bonus_value_military_force_ability_junctions_tables/data__.tsv,305,9.0.1
enable,wh3_dlc27_effect_army_ability_enable_war_supplies,wh3_dlc27_army_abilities_war_supplies,data/effect_semantics/source_exports/db/effect_bonus_value_military_force_ability_junctions_tables/data__.tsv,306,9.0.1
enable,wh3_dlc27_eternal_dance_tempo_3_ability_carver_of_ways,wh3_dlc27_army_abilities_eternal_dance_tempo_3_carver_of_ways,data/effect_semantics/source_exports/db/effect_bonus_value_military_force_ability_junctions_tables/data__.tsv,307,9.0.1
enable,wh3_dlc27_eternal_dance_tempo_3_ability_denial_of_death,wh3_dlc27_army_abilities_eternal_dance_tempo_3_denial_of_death,data/effect_semantics/source_exports/db/effect_bonus_value_military_force_ability_junctions_tables/data__.tsv,308,9.0.1
enable,wh3_dlc27_eternal_dance_tempo_3_ability_fate_of_desperation,wh3_dlc27_army_abilities_eternal_dance_tempo_3_fate_of_desperation,data/effect_semantics/source_exports/db/effect_bonus_value_military_force_ability_junctions_tables/data__.tsv,309,9.0.1
enable,wh3_dlc27_eternal_dance_tempo_3_ability_insidious_allure,wh3_dlc27_army_abilities_eternal_dance_tempo_3_insidious_allure,data/effect_semantics/source_exports/db/effect_bonus_value_military_force_ability_junctions_tables/data__.tsv,310,9.0.1
enable,wh3_dlc27_eternal_dance_tempo_3_ability_jesters_laughter,wh3_dlc27_army_abilities_eternal_dance_tempo_3_jesters_laughter,data/effect_semantics/source_exports/db/effect_bonus_value_military_force_ability_junctions_tables/data__.tsv,311,9.0.1
enable,wh3_dlc27_eternal_dance_tempo_3_ability_nectar_of_the_daemonette,wh3_dlc27_army_abilities_eternal_dance_tempo_3_nectar_of_the_daemonette,data/effect_semantics/source_exports/db/effect_bonus_value_military_force_ability_junctions_tables/data__.tsv,312,9.0.1
enable,wh3_dlc27_eternal_dance_tempo_3_ability_needful_caress,wh3_dlc27_army_abilities_eternal_dance_tempo_3_needful_caress,data/effect_semantics/source_exports/db/effect_bonus_value_military_force_ability_junctions_tables/data__.tsv,313,9.0.1
enable,wh3_dlc27_eternal_dance_tempo_3_ability_path_of_indulgence,wh3_dlc27_army_abilities_eternal_dance_tempo_3_path_of_indulgence,data/effect_semantics/source_exports/db/effect_bonus_value_military_force_ability_junctions_tables/data__.tsv,314,9.0.1
enable,wh3_dlc27_eternal_dance_tempo_3_ability_poisonous_aroma,wh3_dlc27_army_abilities_eternal_dance_tempo_3_poisonous_aroma,data/effect_semantics/source_exports/db/effect_bonus_value_military_force_ability_junctions_tables/data__.tsv,315,9.0.1
enable,wh3_dlc27_eternal_dance_tempo_3_ability_revelry_and_madness,wh3_dlc27_army_abilities_eternal_dance_tempo_3_revelry_and_madness,data/effect_semantics/source_exports/db/effect_bonus_value_military_force_ability_junctions_tables/data__.tsv,316,9.0.1
enable,wh3_dlc27_eternal_dance_tempo_3_ability_streams_of_euphoria,wh3_dlc27_army_abilities_eternal_dance_tempo_3_streams_of_euphoria,data/effect_semantics/source_exports/db/effect_bonus_value_military_force_ability_junctions_tables/data__.tsv,317,9.0.1
enable,wh3_dlc27_eternal_dance_tempo_3_ability_submission_to_the_prince,wh3_dlc27_army_abilities_eternal_dance_tempo_3_submission_to_the_prince,data/effect_semantics/source_exports/db/effect_bonus_value_military_force_ability_junctions_tables/data__.tsv,318,9.0.1
enable,wh3_dlc27_eternal_dance_tempo_3_ability_tempest_of_depravity,wh3_dlc27_army_abilities_eternal_dance_tempo_3_tempest_of_depravity,data/effect_semantics/source_exports/db/effect_bonus_value_military_force_ability_junctions_tables/data__.tsv,319,9.0.1
enable,wh3_dlc27_hef_white_tower_cata_spell_beasts,wh3_dlc25_cataclysm_beasts_merciws_monstrous_regiment_com,data/effect_semantics/source_exports/db/effect_bonus_value_military_force_ability_junctions_tables/data__.tsv,320,9.0.1
enable,wh3_dlc27_hef_white_tower_cata_spell_death,wh3_dlc25_cataclysm_death_ashes_and_dust_com,data/effect_semantics/source_exports/db/effect_bonus_value_military_force_ability_junctions_tables/data__.tsv,321,9.0.1
enable,wh3_dlc27_hef_white_tower_cata_spell_fire,wh3_dlc25_cataclysm_fire_magma_storm_com,data/effect_semantics/source_exports/db/effect_bonus_value_military_force_ability_junctions_tables/data__.tsv,322,9.0.1
enable,wh3_dlc27_hef_white_tower_cata_spell_heavens,wh3_dlc25_cataclysm_heavens_thorsens_thunderstorm_com,data/effect_semantics/source_exports/db/effect_bonus_value_military_force_ability_junctions_tables/data__.tsv,323,9.0.1
enable,wh3_dlc27_hef_white_tower_cata_spell_life,wh3_dlc25_cataclysm_life_storm_of_renewal_com,data/effect_semantics/source_exports/db/effect_bonus_value_military_force_ability_junctions_tables/data__.tsv,324,9.0.1
enable,wh3_dlc27_hef_white_tower_cata_spell_light,wh3_dlc25_cataclysm_light_time_amok_com,data/effect_semantics/source_exports/db/effect_bonus_value_military_force_ability_junctions_tables/data__.tsv,325,9.0.1
enable,wh3_dlc27_hef_white_tower_cata_spell_metal,wh3_dlc25_cataclysm_metal_gehennas_golden_globe_com,data/effect_semantics/source_exports/db/effect_bonus_value_military_force_ability_junctions_tables/data__.tsv,326,9.0.1
enable,wh3_dlc27_hef_white_tower_cata_spell_shadows,wh3_dlc25_cataclysm_shadow_dance_of_despair_com,data/effect_semantics/source_exports/db/effect_bonus_value_military_force_ability_junctions_tables/data__.tsv,327,9.0.1
enable,wh3_dlc27_sla_dechala_praise_of_slaanesh,wh3_dlc27_army_abilities_decadence_in_praise_of_sla_i,data/effect_semantics/source_exports/db/effect_bonus_value_military_force_ability_junctions_tables/data__.tsv,328,9.0.1
enable,wh3_dlc29_black_pyramid_ashes_and_dust,wh3_dlc25_cataclysm_death_ashes_and_dust_com,data/effect_semantics/source_exports/db/effect_bonus_value_military_force_ability_junctions_tables/data__.tsv,329,9.0.1
enable,wh3_dlc29_effect_ability_enable_mark_of_the_plague_spawned_host_1,wh3_dlc29_army_abilities_mark_plague_spawned_i,data/effect_semantics/source_exports/db/effect_bonus_value_military_force_ability_junctions_tables/data__.tsv,330,9.0.1
enable,wh3_dlc29_effect_ability_enable_mark_of_the_rot_forged_legionaries_1,wh3_dlc29_army_abilities_mark_rot_forged_legionaries_i,data/effect_semantics/source_exports/db/effect_bonus_value_military_force_ability_junctions_tables/data__.tsv,331,9.0.1
enable,wh3_dlc29_effect_ability_enable_stormvermin_menace_below,wh3_dlc29_army_abilities_stormvermin_menace_below,data/effect_semantics/source_exports/db/effect_bonus_value_military_force_ability_junctions_tables/data__.tsv,332,9.0.1
enable,wh3_dlc29_effect_ability_enable_unleash_ability,wh3_dlc29_army_abilities_unleash,data/effect_semantics/source_exports/db/effect_bonus_value_military_force_ability_junctions_tables/data__.tsv,333,9.0.1
uses_mod,wh3_dlc29_effect_ability_uses_pestilential_bombardment,wh3_dlc29_army_abilities_pestilential_bombardment,data/effect_semantics/source_exports/db/effect_bonus_value_military_force_ability_junctions_tables/data__.tsv,334,9.0.1
enable,wh3_dlc29_effect_army_ability_enable_norse_roar,wh2_dlc11_army_abilities_norse_roar,data/effect_semantics/source_exports/db/effect_bonus_value_military_force_ability_junctions_tables/data__.tsv,335,9.0.1
enable,wh3_dlc29_effect_army_ability_enable_pestilential_bombardment,wh3_dlc29_army_abilities_pestilential_bombardment,data/effect_semantics/source_exports/db/effect_bonus_value_military_force_ability_junctions_tables/data__.tsv,336,9.0.1
enable,wh3_dlc29_effect_army_ability_enable_ryze_the_grave_call_cst_initial,wh3_dlc29_army_abilities_ryze_the_grave_call_zombie_pirate_gunnery_mob_bombers,data/effect_semantics/source_exports/db/effect_bonus_value_military_force_ability_junctions_tables/data__.tsv,337,9.0.1
enable,wh3_dlc29_effect_army_ability_enable_ryze_the_grave_call_nag_initial,wh3_dlc29_army_abilities_ryze_the_grave_call_grave_guard,data/effect_semantics/source_exports/db/effect_bonus_value_military_force_ability_junctions_tables/data__.tsv,338,9.0.1
enable,wh3_dlc29_effect_army_ability_enable_ryze_the_grave_call_tmb_initial,wh3_dlc29_army_abilities_ryze_the_grave_call_nehekharan_warriors,data/effect_semantics/source_exports/db/effect_bonus_value_military_force_ability_junctions_tables/data__.tsv,339,9.0.1
enable,wh3_dlc29_effect_army_ability_enable_ryze_the_grave_call_vmp_initial,wh3_dlc29_army_abilities_ryze_the_grave_call_spirit_host,data/effect_semantics/source_exports/db/effect_bonus_value_military_force_ability_junctions_tables/data__.tsv,340,9.0.1
enable,wh3_dlc29_effect_army_ability_enable_scruten_clanstone,wh3_dlc29_army_abilities_scruten_clanstone,data/effect_semantics/source_exports/db/effect_bonus_value_military_force_ability_junctions_tables/data__.tsv,341,9.0.1
enable,wh3_dlc29_effect_army_ability_enable_summon_plague_drones_1,wh3_dlc29_army_abilities_rotborne_summon_plague_drones_1,data/effect_semantics/source_exports/db/effect_bonus_value_military_force_ability_junctions_tables/data__.tsv,342,9.0.1
enable,wh3_dlc29_effect_army_ability_enable_summon_plague_drones,wh3_dlc29_army_abilities_rotborne_summon_plague_drones,data/effect_semantics/source_exports/db/effect_bonus_value_military_force_ability_junctions_tables/data__.tsv,343,9.0.1
enable,wh3_dlc29_effect_army_ability_nagash_cata_spell_death,wh3_dlc25_cataclysm_death_ashes_and_dust_com,data/effect_semantics/source_exports/db/effect_bonus_value_military_force_ability_junctions_tables/data__.tsv,344,9.0.1
enable,wh3_dlc29_effect_army_ability_nagash_cata_spell_light,wh3_dlc25_cataclysm_light_time_amok_com,data/effect_semantics/source_exports/db/effect_bonus_value_military_force_ability_junctions_tables/data__.tsv,345,9.0.1
uses_mod,wh3_dlc29_effect_army_ability_uses_ryze_grave_guard,wh3_dlc29_army_abilities_ryze_the_grave_call_grave_guard,data/effect_semantics/source_exports/db/effect_bonus_value_military_force_ability_junctions_tables/data__.tsv,346,9.0.1
uses_mod,wh3_dlc29_effect_army_ability_uses_ryze_rotting_rometheans,wh3_dlc29_army_abilities_ryze_the_grave_call_rotting_prometheans_gunnery_mob,data/effect_semantics/source_exports/db/effect_bonus_value_military_force_ability_junctions_tables/data__.tsv,347,9.0.1
recharge_mod,wh3_dlc29_effect_force_nag_ashes_and_dust_dummy,wh3_dlc25_cataclysm_death_ashes_and_dust_com,data/effect_semantics/source_exports/db/effect_bonus_value_military_force_ability_junctions_tables/data__.tsv,348,9.0.1
enable,wh3_dlc29_effect_force_nag_ashes_and_dust,wh3_dlc25_cataclysm_death_ashes_and_dust_com,data/effect_semantics/source_exports/db/effect_bonus_value_military_force_ability_junctions_tables/data__.tsv,349,9.0.1
active_time_mod,wh3_dlc29_effect_higher_duration_all_army_abilities_hidden,wh3_main_army_abilities_curse_of_the_slug,data/effect_semantics/source_exports/db/effect_bonus_value_military_force_ability_junctions_tables/data__.tsv,350,9.0.1
active_time_mod,wh3_dlc29_effect_higher_duration_all_army_abilities_hidden,wh3_main_army_abilities_fecundity,data/effect_semantics/source_exports/db/effect_bonus_value_military_force_ability_junctions_tables/data__.tsv,351,9.0.1
active_time_mod,wh3_dlc29_effect_higher_duration_all_army_abilities_hidden,wh3_main_army_abilities_rot_glorious_rot,data/effect_semantics/source_exports/db/effect_bonus_value_military_force_ability_junctions_tables/data__.tsv,352,9.0.1
enable,wh3_dlc29_effect_nag_ryze_the_grave_call_crypt_horrors,wh3_dlc29_army_abilities_ryze_the_grave_call_crypt_horrors,data/effect_semantics/source_exports/db/effect_bonus_value_military_force_ability_junctions_tables/data__.tsv,353,9.0.1
enable,wh3_dlc29_effect_nag_ryze_the_grave_call_khemrian_warsphinx,wh3_dlc29_army_abilities_ryze_the_grave_call_khemrian_warsphinx,data/effect_semantics/source_exports/db/effect_bonus_value_military_force_ability_junctions_tables/data__.tsv,354,9.0.1
disable,wh3_dlc29_effect_nag_ryze_the_grave_call_khemric_titan_upgraded,wh3_dlc29_army_abilities_ryze_the_grave_call_khemric_titan,data/effect_semantics/source_exports/db/effect_bonus_value_military_force_ability_junctions_tables/data__.tsv,355,9.0.1
enable,wh3_dlc29_effect_nag_ryze_the_grave_call_khemric_titan_upgraded,wh3_dlc29_army_abilities_ryze_the_grave_call_khemric_titan_endless,data/effect_semantics/source_exports/db/effect_bonus_value_military_force_ability_junctions_tables/data__.tsv,356,9.0.1
enable,wh3_dlc29_effect_nag_ryze_the_grave_call_khemric_titan,wh3_dlc29_army_abilities_ryze_the_grave_call_khemric_titan,data/effect_semantics/source_exports/db/effect_bonus_value_military_force_ability_junctions_tables/data__.tsv,357,9.0.1
enable,wh3_dlc29_effect_nag_ryze_the_grave_call_mournguls,wh3_dlc29_army_abilities_ryze_the_grave_call_mournguls,data/effect_semantics/source_exports/db/effect_bonus_value_military_force_ability_junctions_tables/data__.tsv,358,9.0.1
enable,wh3_dlc29_effect_nag_ryze_the_grave_call_necrofex_colossus,wh3_dlc29_army_abilities_ryze_the_grave_call_necrofex_colossus,data/effect_semantics/source_exports/db/effect_bonus_value_military_force_ability_junctions_tables/data__.tsv,359,9.0.1
disable,wh3_dlc29_effect_nag_ryze_the_grave_call_rotting_prometheans_upgraded,wh3_dlc29_army_abilities_ryze_the_grave_call_rotting_prometheans_gunnery_mob,data/effect_semantics/source_exports/db/effect_bonus_value_military_force_ability_junctions_tables/data__.tsv,360,9.0.1
enable,wh3_dlc29_effect_nag_ryze_the_grave_call_rotting_prometheans_upgraded,wh3_dlc29_army_abilities_ryze_the_grave_call_rotting_prometheans_gunnery_mob_endless,data/effect_semantics/source_exports/db/effect_bonus_value_military_force_ability_junctions_tables/data__.tsv,361,9.0.1
enable,wh3_dlc29_effect_nag_ryze_the_grave_call_rotting_prometheans,wh3_dlc29_army_abilities_ryze_the_grave_call_rotting_prometheans_gunnery_mob,data/effect_semantics/source_exports/db/effect_bonus_value_military_force_ability_junctions_tables/data__.tsv,362,9.0.1
enable,wh3_dlc29_effect_nag_ryze_the_grave_call_terrorgheist,wh3_dlc29_army_abilities_ryze_the_grave_call_terrorgheist,data/effect_semantics/source_exports/db/effect_bonus_value_military_force_ability_junctions_tables/data__.tsv,363,9.0.1
enable,wh3_dlc29_effect_nag_ryze_the_grave_call_ushabti,wh3_dlc29_army_abilities_ryze_the_grave_call_ushabti,data/effect_semantics/source_exports/db/effect_bonus_value_military_force_ability_junctions_tables/data__.tsv,364,9.0.1
recharge_mod,wh3_dlc29_effect_reduce_cooldown_all_army_abilities,wh2_dlc17_army_abilities_shatterstone,data/effect_semantics/source_exports/db/effect_bonus_value_military_force_ability_junctions_tables/data__.tsv,365,9.0.1
recharge_mod,wh3_dlc29_effect_reduce_cooldown_all_army_abilities,wh3_dlc29_army_abilities_pestilential_bombardment,data/effect_semantics/source_exports/db/effect_bonus_value_military_force_ability_junctions_tables/data__.tsv,366,9.0.1
recharge_mod,wh3_dlc29_effect_reduce_cooldown_all_army_abilities,wh3_dlc29_army_abilities_rotborne_summon_plague_drones,data/effect_semantics/source_exports/db/effect_bonus_value_military_force_ability_junctions_tables/data__.tsv,367,9.0.1
recharge_mod,wh3_dlc29_effect_reduce_cooldown_all_army_abilities,wh3_dlc29_army_abilities_rotborne_summon_plague_drones_1,data/effect_semantics/source_exports/db/effect_bonus_value_military_force_ability_junctions_tables/data__.tsv,368,9.0.1
recharge_mod,wh3_dlc29_effect_reduce_cooldown_all_army_abilities,wh3_main_army_abilities_curse_of_the_slug,data/effect_semantics/source_exports/db/effect_bonus_value_military_force_ability_junctions_tables/data__.tsv,369,9.0.1
recharge_mod,wh3_dlc29_effect_reduce_cooldown_all_army_abilities,wh3_main_army_abilities_fecundity,data/effect_semantics/source_exports/db/effect_bonus_value_military_force_ability_junctions_tables/data__.tsv,370,9.0.1
recharge_mod,wh3_dlc29_effect_reduce_cooldown_all_army_abilities,wh3_main_army_abilities_rot_glorious_rot,data/effect_semantics/source_exports/db/effect_bonus_value_military_force_ability_junctions_tables/data__.tsv,371,9.0.1
uses_mod,wh3_dlc29_effect_summoning_charges,wh3_dlc29_army_abilities_rotborne_summon_plague_drones,data/effect_semantics/source_exports/db/effect_bonus_value_military_force_ability_junctions_tables/data__.tsv,372,9.0.1
uses_mod,wh3_dlc29_effect_summoning_charges,wh3_dlc29_army_abilities_rotborne_summon_plague_drones_1,data/effect_semantics/source_exports/db/effect_bonus_value_military_force_ability_junctions_tables/data__.tsv,373,9.0.1
uses_mod,wh3_dlc29_effect_summoning_charges,wh3_main_army_abilities_summoned_from_beyond_nurgle,data/effect_semantics/source_exports/db/effect_bonus_value_military_force_ability_junctions_tables/data__.tsv,374,9.0.1
enable,wh3_dlc29_effect_woc_rotborne_rituals_summon_ability_plague_drones,wh3_dlc29_army_abilities_rotborne_summon_plague_drones,data/effect_semantics/source_exports/db/effect_bonus_value_military_force_ability_junctions_tables/data__.tsv,375,9.0.1
enable,wh3_dlc29_endgame_crisis_the_vermintide_beast_pack,wh3_dlc29_endgame_crisis_the_vermintide_beast_pack,data/effect_semantics/source_exports/db/effect_bonus_value_military_force_ability_junctions_tables/data__.tsv,376,9.0.1
enable,wh3_dlc29_endgame_crisis_the_vermintide_enemy_clan_morbidus_pestilent_pustule,wh3_dlc29_endgame_crisis_the_vermintide_enemy_clan_morbidus_pestilent_pustule,data/effect_semantics/source_exports/db/effect_bonus_value_military_force_ability_junctions_tables/data__.tsv,377,9.0.1
enable,wh3_dlc29_endgame_crisis_the_vermintide_enemy_clan_skryre_doomrocket,wh3_dlc29_endgame_crisis_the_vermintide_enemy_clan_skryre_doomrocket,data/effect_semantics/source_exports/db/effect_bonus_value_military_force_ability_junctions_tables/data__.tsv,378,9.0.1
enable,wh3_dlc29_endgame_crisis_the_vermintide_enemy_clan_skurvy_guns,wh3_dlc29_endgame_crisis_the_vermintide_enemy_clan_skurvy_guns,data/effect_semantics/source_exports/db/effect_bonus_value_military_force_ability_junctions_tables/data__.tsv,379,9.0.1
enable,wh3_dlc29_endgame_crisis_the_vermintide_pestilent_birth,wh3_dlc29_endgame_crisis_the_vermintide_pestilent_birth,data/effect_semantics/source_exports/db/effect_bonus_value_military_force_ability_junctions_tables/data__.tsv,380,9.0.1
enable,wh3_dlc29_endgame_crisis_the_vermintide_stormvermin_menace_below,wh3_dlc29_endgame_crisis_the_vermintide_stormvermin_menace_below,data/effect_semantics/source_exports/db/effect_bonus_value_military_force_ability_junctions_tables/data__.tsv,381,9.0.1
enable,wh3_dlc29_endgame_crisis_the_vermintide_the_menace_below,wh3_dlc29_endgame_crisis_the_vermintide_the_menace_below,data/effect_semantics/source_exports/db/effect_bonus_value_military_force_ability_junctions_tables/data__.tsv,382,9.0.1
enable,wh3_main_effect_ability_enable_biting_wind_army,wh3_main_spell_tempest_biting_wind_army,data/effect_semantics/source_exports/db/effect_bonus_value_military_force_ability_junctions_tables/data__.tsv,383,9.0.1
enable,wh3_main_effect_army_ability_ancestral_warriors_alt_text,wh3_main_army_abilities_ancestral_warriors,data/effect_semantics/source_exports/db/effect_bonus_value_military_force_ability_junctions_tables/data__.tsv,384,9.0.1
enable,wh3_main_effect_army_ability_ancestral_warriors,wh3_main_army_abilities_ancestral_warriors,data/effect_semantics/source_exports/db/effect_bonus_value_military_force_ability_junctions_tables/data__.tsv,385,9.0.1
enable,wh3_main_effect_army_ability_enable_arcane_surge_HIDDEN,wh3_main_army_abilities_arcane_surge,data/effect_semantics/source_exports/db/effect_bonus_value_military_force_ability_junctions_tables/data__.tsv,386,9.0.1
enable,wh3_main_effect_army_ability_enable_arcane_surge,wh3_main_army_abilities_arcane_surge,data/effect_semantics/source_exports/db/effect_bonus_value_military_force_ability_junctions_tables/data__.tsv,387,9.0.1
enable,wh3_main_effect_army_ability_enable_blade_of_khorne_HIDDEN,wh3_main_army_abilities_blade_of_khorne,data/effect_semantics/source_exports/db/effect_bonus_value_military_force_ability_junctions_tables/data__.tsv,388,9.0.1
enable,wh3_main_effect_army_ability_enable_blade_of_khorne,wh3_main_army_abilities_blade_of_khorne,data/effect_semantics/source_exports/db/effect_bonus_value_military_force_ability_junctions_tables/data__.tsv,389,9.0.1
enable,wh3_main_effect_army_ability_enable_bolt_of_change_HIDDEN,wh3_main_army_abilities_bolt_of_change,data/effect_semantics/source_exports/db/effect_bonus_value_military_force_ability_junctions_tables/data__.tsv,390,9.0.1
enable,wh3_main_effect_army_ability_enable_bolt_of_change,wh3_main_army_abilities_bolt_of_change,data/effect_semantics/source_exports/db/effect_bonus_value_military_force_ability_junctions_tables/data__.tsv,391,9.0.1
enable,wh3_main_effect_army_ability_enable_butcher,wh3_main_prisoners_butcher,data/effect_semantics/source_exports/db/effect_bonus_value_military_force_ability_junctions_tables/data__.tsv,392,9.0.1
enable,wh3_main_effect_army_ability_enable_call_horse_archers,wh3_main_abilities_call_horse_archers,data/effect_semantics/source_exports/db/effect_bonus_value_military_force_ability_junctions_tables/data__.tsv,393,9.0.1
enable,wh3_main_effect_army_ability_enable_celestial_intervention_no_cathay_text,wh3_main_army_abilities_celestial_intervention,data/effect_semantics/source_exports/db/effect_bonus_value_military_force_ability_junctions_tables/data__.tsv,394,9.0.1
enable,wh3_main_effect_army_ability_enable_celestial_intervention,wh3_main_army_abilities_celestial_intervention,data/effect_semantics/source_exports/db/effect_bonus_value_military_force_ability_junctions_tables/data__.tsv,395,9.0.1
enable,wh3_main_effect_army_ability_enable_curse_of_the_slug_HIDDEN,wh3_main_army_abilities_curse_of_the_slug,data/effect_semantics/source_exports/db/effect_bonus_value_military_force_ability_junctions_tables/data__.tsv,396,9.0.1
enable,wh3_main_effect_army_ability_enable_curse_of_the_slug,wh3_main_army_abilities_curse_of_the_slug,data/effect_semantics/source_exports/db/effect_bonus_value_military_force_ability_junctions_tables/data__.tsv,397,9.0.1
enable,wh3_main_effect_army_ability_enable_dismember,wh3_main_prisoners_dismember,data/effect_semantics/source_exports/db/effect_bonus_value_military_force_ability_junctions_tables/data__.tsv,398,9.0.1
enable,wh3_main_effect_army_ability_enable_fascination_HIDDEN,wh3_main_army_abilities_fascination,data/effect_semantics/source_exports/db/effect_bonus_value_military_force_ability_junctions_tables/data__.tsv,399,9.0.1
enable,wh3_main_effect_army_ability_enable_fascination,wh3_main_army_abilities_fascination,data/effect_semantics/source_exports/db/effect_bonus_value_military_force_ability_junctions_tables/data__.tsv,400,9.0.1
enable,wh3_main_effect_army_ability_enable_fecundity_HIDDEN,wh3_main_army_abilities_fecundity,data/effect_semantics/source_exports/db/effect_bonus_value_military_force_ability_junctions_tables/data__.tsv,401,9.0.1
enable,wh3_main_effect_army_ability_enable_fecundity,wh3_main_army_abilities_fecundity,data/effect_semantics/source_exports/db/effect_bonus_value_military_force_ability_junctions_tables/data__.tsv,402,9.0.1
enable,wh3_main_effect_army_ability_enable_gluttony,wh3_main_army_abilities_gluttony,data/effect_semantics/source_exports/db/effect_bonus_value_military_force_ability_junctions_tables/data__.tsv,403,9.0.1
enable,wh3_main_effect_army_ability_enable_horn_of_khorne_HIDDEN,wh3_main_army_abilities_horn_of_khorne,data/effect_semantics/source_exports/db/effect_bonus_value_military_force_ability_junctions_tables/data__.tsv,404,9.0.1
enable,wh3_main_effect_army_ability_enable_horn_of_khorne,wh3_main_army_abilities_horn_of_khorne,data/effect_semantics/source_exports/db/effect_bonus_value_military_force_ability_junctions_tables/data__.tsv,405,9.0.1
enable,wh3_main_effect_army_ability_enable_massacre,wh3_main_prisoners_massacre,data/effect_semantics/source_exports/db/effect_bonus_value_military_force_ability_junctions_tables/data__.tsv,406,9.0.1
enable,wh3_main_effect_army_ability_enable_narcissism_HIDDEN,wh3_main_army_abilities_narcissism,data/effect_semantics/source_exports/db/effect_bonus_value_military_force_ability_junctions_tables/data__.tsv,407,9.0.1
enable,wh3_main_effect_army_ability_enable_narcissism,wh3_main_army_abilities_narcissism,data/effect_semantics/source_exports/db/effect_bonus_value_military_force_ability_junctions_tables/data__.tsv,408,9.0.1
enable,wh3_main_effect_army_ability_enable_relentless_rage_HIDDEN,wh3_main_army_abilities_relentless_rage,data/effect_semantics/source_exports/db/effect_bonus_value_military_force_ability_junctions_tables/data__.tsv,409,9.0.1
enable,wh3_main_effect_army_ability_enable_relentless_rage,wh3_main_army_abilities_relentless_rage,data/effect_semantics/source_exports/db/effect_bonus_value_military_force_ability_junctions_tables/data__.tsv,410,9.0.1
enable,wh3_main_effect_army_ability_enable_rot_glorious_rot_HIDDEN,wh3_main_army_abilities_rot_glorious_rot,data/effect_semantics/source_exports/db/effect_bonus_value_military_force_ability_junctions_tables/data__.tsv,411,9.0.1
enable,wh3_main_effect_army_ability_enable_rot_glorious_rot,wh3_main_army_abilities_rot_glorious_rot,data/effect_semantics/source_exports/db/effect_bonus_value_military_force_ability_junctions_tables/data__.tsv,412,9.0.1
enable,wh3_main_effect_army_ability_enable_stoneshaker_hidden,wh3_main_army_abilities_stoneshaker,data/effect_semantics/source_exports/db/effect_bonus_value_military_force_ability_junctions_tables/data__.tsv,413,9.0.1
enable,wh3_main_effect_army_ability_enable_storm_of_fire_HIDDEN,wh3_main_army_abilities_storm_of_fire,data/effect_semantics/source_exports/db/effect_bonus_value_military_force_ability_junctions_tables/data__.tsv,414,9.0.1
enable,wh3_main_effect_army_ability_enable_storm_of_fire,wh3_main_army_abilities_storm_of_fire,data/effect_semantics/source_exports/db/effect_bonus_value_military_force_ability_junctions_tables/data__.tsv,415,9.0.1
enable,wh3_main_effect_army_ability_enable_summoned_from_beyond_daemon_prince,wh3_main_army_abilities_summoned_from_beyond_daemon_prince,data/effect_semantics/source_exports/db/effect_bonus_value_military_force_ability_junctions_tables/data__.tsv,416,9.0.1
enable,wh3_main_effect_army_ability_enable_summoned_from_beyond_khorne,wh3_main_army_abilities_summoned_from_beyond_khorne,data/effect_semantics/source_exports/db/effect_bonus_value_military_force_ability_junctions_tables/data__.tsv,417,9.0.1
enable,wh3_main_effect_army_ability_enable_summoned_from_beyond_nurgle,wh3_main_army_abilities_summoned_from_beyond_nurgle,data/effect_semantics/source_exports/db/effect_bonus_value_military_force_ability_junctions_tables/data__.tsv,418,9.0.1
enable,wh3_main_effect_army_ability_enable_summoned_from_beyond_slaanesh,wh3_main_army_abilities_summoned_from_beyond_slaanesh,data/effect_semantics/source_exports/db/effect_bonus_value_military_force_ability_junctions_tables/data__.tsv,419,9.0.1
enable,wh3_main_effect_army_ability_enable_summoned_from_beyond_tzeentch,wh3_main_army_abilities_summoned_from_beyond_tzeentch,data/effect_semantics/source_exports/db/effect_bonus_value_military_force_ability_junctions_tables/data__.tsv,420,9.0.1
enable,wh3_main_effect_army_ability_enable_sweet_sorrow_HIDDEN,wh3_main_army_abilities_sweet_sorrow,data/effect_semantics/source_exports/db/effect_bonus_value_military_force_ability_junctions_tables/data__.tsv,421,9.0.1
enable,wh3_main_effect_army_ability_enable_sweet_sorrow,wh3_main_army_abilities_sweet_sorrow,data/effect_semantics/source_exports/db/effect_bonus_value_military_force_ability_junctions_tables/data__.tsv,422,9.0.1
enable,wh3_main_effect_army_ability_enable_the_bitterness_of_winter,wh3_main_army_abilities_the_bitterness_of_winter,data/effect_semantics/source_exports/db/effect_bonus_value_military_force_ability_junctions_tables/data__.tsv,423,9.0.1
enable,wh3_main_effect_army_ability_enable_the_land_awakened,wh3_main_army_abilities_the_land_awakened,data/effect_semantics/source_exports/db/effect_bonus_value_military_force_ability_junctions_tables/data__.tsv,424,9.0.1
enable,wh3_main_effect_army_ability_enable_thunder_charge,wh3_main_army_abilities_thunder_charge,data/effect_semantics/source_exports/db/effect_bonus_value_military_force_ability_junctions_tables/data__.tsv,425,9.0.1
enable,wh3_main_effect_army_ability_enable_wrath_of_the_bear,wh3_main_army_abilities_wrath_of_the_bear,data/effect_semantics/source_exports/db/effect_bonus_value_military_force_ability_junctions_tables/data__.tsv,426,9.0.1
uses_mod,wh3_main_effect_army_ability_num_uses_celestial_intervention,wh3_main_army_abilities_celestial_intervention,data/effect_semantics/source_exports/db/effect_bonus_value_military_force_ability_junctions_tables/data__.tsv,427,9.0.1
uses_mod,wh3_main_effect_army_ability_uses_realm_of_souls_ushabti_triggger,wh2_dlc09_army_passive_realm_of_souls_ushabti_trigger,data/effect_semantics/source_exports/db/effect_bonus_value_military_force_ability_junctions_tables/data__.tsv,428,9.0.1
uses_mod,wh3_main_effect_army_ability_uses_summoned_from_beyond_khorne,wh3_main_army_abilities_summoned_from_beyond_khorne,data/effect_semantics/source_exports/db/effect_bonus_value_military_force_ability_junctions_tables/data__.tsv,429,9.0.1
enable,wh3_main_effect_ogres_prisoner_army_abilities,wh3_main_prisoners_butcher,data/effect_semantics/source_exports/db/effect_bonus_value_military_force_ability_junctions_tables/data__.tsv,430,9.0.1
enable,wh3_main_effect_ogres_prisoner_army_abilities,wh3_main_prisoners_dismember,data/effect_semantics/source_exports/db/effect_bonus_value_military_force_ability_junctions_tables/data__.tsv,431,9.0.1
enable,wh3_main_effect_ogres_prisoner_army_abilities,wh3_main_prisoners_massacre,data/effect_semantics/source_exports/db/effect_bonus_value_military_force_ability_junctions_tables/data__.tsv,432,9.0.1
enable,wh_dlc11_effect_ability_enable_battle_supply,wh2_dlc11_quest_battle_supply,data/effect_semantics/source_exports/db/effect_bonus_value_military_force_ability_junctions_tables/data__.tsv,433,9.0.1
enable,wh_dlc15_effect_yvresse_defence_1_sentinal_ability_dummy,wh2_dlc15_army_abilities_summon_the_sentinels,data/effect_semantics/source_exports/db/effect_bonus_value_military_force_ability_junctions_tables/data__.tsv,434,9.0.1
enable,wh_dlc15_effect_yvresse_defence_2_oath_ability_dummy,wh2_dlc15_army_abilities_oath_of_replenishment,data/effect_semantics/source_exports/db/effect_bonus_value_military_force_ability_junctions_tables/data__.tsv,435,9.0.1
enable,wh_dlc15_effect_yvresse_defence_2_sentinal_ability_dummy,wh2_dlc15_army_abilities_summon_the_sentinels,data/effect_semantics/source_exports/db/effect_bonus_value_military_force_ability_junctions_tables/data__.tsv,436,9.0.1
enable,wh_dlc15_effect_yvresse_defence_3_oath_enhanced_ability_dummy,wh2_dlc15_army_abilities_oath_of_replenishment_upgraded,data/effect_semantics/source_exports/db/effect_bonus_value_military_force_ability_junctions_tables/data__.tsv,437,9.0.1
enable,wh_dlc15_effect_yvresse_defence_3_sentinal_enhanced_ability_dummy,wh2_dlc15_army_abilities_summon_the_sentinels_upgraded,data/effect_semantics/source_exports/db/effect_bonus_value_military_force_ability_junctions_tables/data__.tsv,438,9.0.1
