bonus_value_id,effect,unit_set_special_ability_phase_junction,source_path,source_line,source_patch
active,wh2_dlc17_effect_armour_sundering_miners_longbeard_great_weapons,thorek_artifact_3_sundering,data/effect_semantics/source_exports/db/effect_bonus_value_unit_set_special_ability_phase_junctions_tables/data__.tsv,3,9.0.1
active,wh2_dlc17_effect_contact_phase_poison_for_all_skinks,skink_inf_poison_attacks,data/effect_semantics/source_exports/db/effect_bonus_value_unit_set_special_ability_phase_junctions_tables/data__.tsv,4,9.0.1
active,wh2_dlc17_effect_poison_attacks_ungors,ungor_poison_attacks,data/effect_semantics/source_exports/db/effect_bonus_value_unit_set_special_ability_phase_junctions_tables/data__.tsv,5,9.0.1
active,wh3_cp1_cth_bundle_tiger_court_thousand_gods_units_4,wh3_cp1_effect_contact_phase_disoriented_tiger_warrior_stalkers,data/effect_semantics/source_exports/db/effect_bonus_value_unit_set_special_ability_phase_junctions_tables/data__.tsv,6,9.0.1
active,wh3_cp1_effect_contact_phase_disoriented_cth_grand_cannon_rocket_battery_rank7,wh3_cp1_effect_contact_phase_disoriented_cth_grand_cannon_battery_rank7,data/effect_semantics/source_exports/db/effect_bonus_value_unit_set_special_ability_phase_junctions_tables/data__.tsv,7,9.0.1
active,wh3_dlc20_effect_enable_poison_aspiring_champions,poison_aspiring_champs,data/effect_semantics/source_exports/db/effect_bonus_value_unit_set_special_ability_phase_junctions_tables/data__.tsv,8,9.0.1
active,wh3_dlc20_effect_enable_soporific_musk_aspiring_champions,soporific_musk_aspiring_champs,data/effect_semantics/source_exports/db/effect_bonus_value_unit_set_special_ability_phase_junctions_tables/data__.tsv,9,9.0.1
active,wh3_dlc20_effect_enable_soporific_musk_aspiring_champions,soporific_musk_chosen_of_slaanesh,data/effect_semantics/source_exports/db/effect_bonus_value_unit_set_special_ability_phase_junctions_tables/data__.tsv,10,9.0.1
active,wh3_dlc20_effect_soporific_musk_daemonettes,wh3_soporific_musk_daemonettes,data/effect_semantics/source_exports/db/effect_bonus_value_unit_set_special_ability_phase_junctions_tables/data__.tsv,11,9.0.1
active,wh3_dlc20_effect_warpflame_aspiring_champions,warpflame_attacks_aspiring_champions,data/effect_semantics/source_exports/db/effect_bonus_value_unit_set_special_ability_phase_junctions_tables/data__.tsv,12,9.0.1
active,wh3_dlc20_effect_warpflame_aspiring_champions,warpflame_chosen_of_tzeentch,data/effect_semantics/source_exports/db/effect_bonus_value_unit_set_special_ability_phase_junctions_tables/data__.tsv,13,9.0.1
active,wh3_dlc20_effect_warpflame_attack_tzeentch_units,warpflame_tzeentch_units,data/effect_semantics/source_exports/db/effect_bonus_value_unit_set_special_ability_phase_junctions_tables/data__.tsv,14,9.0.1
active,wh3_dlc23_effect_contact_phase_blinded_chd_deathshrieker,blinded_chd_deathshrieker,data/effect_semantics/source_exports/db/effect_bonus_value_unit_set_special_ability_phase_junctions_tables/data__.tsv,15,9.0.1
active,wh3_dlc23_effect_contact_phase_burnt_iron_daemon,burnt_chd_iron_daemon,data/effect_semantics/source_exports/db/effect_bonus_value_unit_set_special_ability_phase_junctions_tables/data__.tsv,16,9.0.1
active,wh3_dlc23_effect_contact_phase_chd_infernal_guard_gw,sundering_chd_infernal_guard_gw,data/effect_semantics/source_exports/db/effect_bonus_value_unit_set_special_ability_phase_junctions_tables/data__.tsv,17,9.0.1
active,wh3_dlc23_effect_contact_phase_chd_melee_infantry,sundering_chd_melee_infantry,data/effect_semantics/source_exports/db/effect_bonus_value_unit_set_special_ability_phase_junctions_tables/data__.tsv,18,9.0.1
active,wh3_dlc23_effect_contact_phase_dampening_attacks,dampened_chd_lammasu,data/effect_semantics/source_exports/db/effect_bonus_value_unit_set_special_ability_phase_junctions_tables/data__.tsv,19,9.0.1
active,wh3_dlc23_effect_contact_phase_dazed_chd_deathshrieker,dazed_chd_deathshrieker,data/effect_semantics/source_exports/db/effect_bonus_value_unit_set_special_ability_phase_junctions_tables/data__.tsv,20,9.0.1
active,wh3_dlc23_effect_contact_phase_disoriented_hellcannon,disoriented_chd_hellcannon,data/effect_semantics/source_exports/db/effect_bonus_value_unit_set_special_ability_phase_junctions_tables/data__.tsv,21,9.0.1
active,wh3_dlc23_effect_contact_phase_flammable_chd_kdaai,flammable_chd_kdaai,data/effect_semantics/source_exports/db/effect_bonus_value_unit_set_special_ability_phase_junctions_tables/data__.tsv,22,9.0.1
active,wh3_dlc23_effect_contact_phase_flammable_chd_warriors,flammable_chd_warriors,data/effect_semantics/source_exports/db/effect_bonus_value_unit_set_special_ability_phase_junctions_tables/data__.tsv,23,9.0.1
active,wh3_dlc23_effect_contact_phase_shield_breaker_chd_infernal_guard_fireglaives,shieldbreaker_chd_fireglaives,data/effect_semantics/source_exports/db/effect_bonus_value_unit_set_special_ability_phase_junctions_tables/data__.tsv,24,9.0.1
active,wh3_dlc23_effect_contact_phase_suppressed_chd_missile_inf,suppressed_missiles_chd_missile_inf,data/effect_semantics/source_exports/db/effect_bonus_value_unit_set_special_ability_phase_junctions_tables/data__.tsv,25,9.0.1
active,wh3_dlc23_effect_contact_phase_weakened_hellcannon,weakened_chd_hellcannon,data/effect_semantics/source_exports/db/effect_bonus_value_unit_set_special_ability_phase_junctions_tables/data__.tsv,26,9.0.1
active,wh3_dlc23_effect_contact_phase_weakened_infernal_guard,weakened_chd_infernal_guard,data/effect_semantics/source_exports/db/effect_bonus_value_unit_set_special_ability_phase_junctions_tables/data__.tsv,27,9.0.1
active,wh3_dlc23_effect_enable_frostbite_attacks_chd_flying_beasts,frostbite_chd_flying_beasts,data/effect_semantics/source_exports/db/effect_bonus_value_unit_set_special_ability_phase_junctions_tables/data__.tsv,28,9.0.1
active,wh3_dlc24_effect_contact_phase_flammable_cth_moon_bird,wh3_dlc24_effect_contact_phase_flammable_cth_moon_bird,data/effect_semantics/source_exports/db/effect_bonus_value_unit_set_special_ability_phase_junctions_tables/data__.tsv,29,9.0.1
active,wh3_dlc24_effect_force_stat_enable_demoralize_attacks_ostankya_spiders,wh3_dlc24_effect_force_stat_enable_demoralize_attacks_ostankya_spiders,data/effect_semantics/source_exports/db/effect_bonus_value_unit_set_special_ability_phase_junctions_tables/data__.tsv,30,9.0.1
active,wh3_dlc24_effect_force_stat_enable_slow_death_attacks_ostankya_spiders,wh3_dlc24_effect_force_stat_enable_slow_death_attacks_ostankya_spiders,data/effect_semantics/source_exports/db/effect_bonus_value_unit_set_special_ability_phase_junctions_tables/data__.tsv,31,9.0.1
active,wh3_dlc25_contact_phase_armour_sundering_krell,cha_krell_sundered_armour,data/effect_semantics/source_exports/db/effect_bonus_value_unit_set_special_ability_phase_junctions_tables/data__.tsv,32,9.0.1
active,wh3_dlc25_effect_armour_sundering_slayers,wh3_dlc25_sundering_slayers,data/effect_semantics/source_exports/db/effect_bonus_value_unit_set_special_ability_phase_junctions_tables/data__.tsv,33,9.0.1
active,wh3_dlc25_effect_contact_phase_disorientated_gun_cav,wh3_dlc25_gunnery_cavalry_disorientated,data/effect_semantics/source_exports/db/effect_bonus_value_unit_set_special_ability_phase_junctions_tables/data__.tsv,34,9.0.1
active,wh3_dlc25_effect_contact_phase_suppressed_dwf_organ_guns,suppressed_dwf_organ_guns,data/effect_semantics/source_exports/db/effect_bonus_value_unit_set_special_ability_phase_junctions_tables/data__.tsv,35,9.0.1
active,wh3_dlc25_effect_enable_disrupted_attacks_legendary_heroes,nag_legendary_heroes_disrupted,data/effect_semantics/source_exports/db/effect_bonus_value_unit_set_special_ability_phase_junctions_tables/data__.tsv,36,9.0.1
active,wh3_dlc25_effect_force_contact_flammable_attacks_emp_blazing_sun,blazing_sun_knights_flammable,data/effect_semantics/source_exports/db/effect_bonus_value_unit_set_special_ability_phase_junctions_tables/data__.tsv,37,9.0.1
active,wh3_dlc25_effect_ritual_amethyst_ironsides_upgrade_soulblight,wh3_dlc25_emp_inf_ironsides_morr_soulblight,data/effect_semantics/source_exports/db/effect_bonus_value_unit_set_special_ability_phase_junctions_tables/data__.tsv,38,9.0.1
active,wh3_dlc25_effect_ritual_gunnery_school_cannon_upgrade_monstrous_impact,emp_greatcannon_monstrous_impact,data/effect_semantics/source_exports/db/effect_bonus_value_unit_set_special_ability_phase_junctions_tables/data__.tsv,39,9.0.1
active,wh3_dlc25_effect_ritual_gunnery_school_cav_guns_upgrade_disorientated,wh3_dlc25_gunnery_cavalry_disorientated,data/effect_semantics/source_exports/db/effect_bonus_value_unit_set_special_ability_phase_junctions_tables/data__.tsv,40,9.0.1
active,wh3_dlc25_effect_ritual_gunnery_school_helblasters_suppressive_fire,wh3_dlc25_helblasters_suppressive_fire,data/effect_semantics/source_exports/db/effect_bonus_value_unit_set_special_ability_phase_junctions_tables/data__.tsv,41,9.0.1
active,wh3_dlc25_effect_ritual_gunnery_school_helstorm_burnt,dlc25_emp_helstorm_units_burnt,data/effect_semantics/source_exports/db/effect_bonus_value_unit_set_special_ability_phase_junctions_tables/data__.tsv,42,9.0.1
active,wh3_dlc25_effect_ritual_gunnery_school_mortors_dazed,wh3_dlc25_mortors_dazed,data/effect_semantics/source_exports/db/effect_bonus_value_unit_set_special_ability_phase_junctions_tables/data__.tsv,43,9.0.1
active,wh3_dlc25_effect_ritual_upgrade_soulblight_attacks,wh3_dlc25_emp_cav_outrider_morr_soulblight,data/effect_semantics/source_exports/db/effect_bonus_value_unit_set_special_ability_phase_junctions_tables/data__.tsv,44,9.0.1
active,wh3_dlc25_nur_chieftain_ancillary_force_stat_frostbite_attacks,wh3_dlc25_nur_chieftain_ancillary_force_stat_frostbite_attacks,data/effect_semantics/source_exports/db/effect_bonus_value_unit_set_special_ability_phase_junctions_tables/data__.tsv,45,9.0.1
active,wh3_dlc26_contact_phase_armour_sundering_grn_black_orc,black_orcs_sundered_armour,data/effect_semantics/source_exports/db/effect_bonus_value_unit_set_special_ability_phase_junctions_tables/data__.tsv,46,9.0.1
active,wh3_dlc26_contact_phase_armour_sundering_ogr_maneater,sunder_armour_maneaters,data/effect_semantics/source_exports/db/effect_bonus_value_unit_set_special_ability_phase_junctions_tables/data__.tsv,47,9.0.1
active,wh3_dlc26_contact_phase_discouraged_grn_big_uns,big_uns_discouraged,data/effect_semantics/source_exports/db/effect_bonus_value_unit_set_special_ability_phase_junctions_tables/data__.tsv,48,9.0.1
active,wh3_dlc26_effect_contact_phase_dazed_grn_rogue_idol,rock_lobber_dazed,data/effect_semantics/source_exports/db/effect_bonus_value_unit_set_special_ability_phase_junctions_tables/data__.tsv,49,9.0.1
active,wh3_dlc26_effect_contact_phase_dazed_grn_rogue_idol,rogue_idol_dazed,data/effect_semantics/source_exports/db/effect_bonus_value_unit_set_special_ability_phase_junctions_tables/data__.tsv,50,9.0.1
active,wh3_dlc26_effect_contact_phase_dazed_ogr_giant,ogr_giant_dazed,data/effect_semantics/source_exports/db/effect_bonus_value_unit_set_special_ability_phase_junctions_tables/data__.tsv,51,9.0.1
active,wh3_dlc26_effect_contact_phase_flammable_grn_squig_herd,flammable_squig_herd,data/effect_semantics/source_exports/db/effect_bonus_value_unit_set_special_ability_phase_junctions_tables/data__.tsv,52,9.0.1
active,wh3_dlc26_effect_force_stat_enable_disoriented_leadbelchers,wh3_dlc26_disorientated_leadbelchers,data/effect_semantics/source_exports/db/effect_bonus_value_unit_set_special_ability_phase_junctions_tables/data__.tsv,53,9.0.1
active,wh3_dlc27_contact_phase_eroding_poison_marauder_marauder_horsemen_hellstriders_chariot_of_slaanesh,wh3_dlc27_effect_character_stat_enable_eroding_poison_attacks,data/effect_semantics/source_exports/db/effect_bonus_value_unit_set_special_ability_phase_junctions_tables/data__.tsv,54,9.0.1
active,wh3_dlc27_effect_character_stat_enable_poison_attacks_characters,wh3_dlc27_poison_attacks_characters,data/effect_semantics/source_exports/db/effect_bonus_value_unit_set_special_ability_phase_junctions_tables/data__.tsv,55,9.0.1
active,wh3_dlc27_effect_contact_phase_armour_sundering_hef_dragon_princes,wh3_dlc27_sundering_hef_dragon_princes,data/effect_semantics/source_exports/db/effect_bonus_value_unit_set_special_ability_phase_junctions_tables/data__.tsv,56,9.0.1
active,wh3_dlc27_effect_contact_phase_frozen_hef_oceanids_sea_elementals,wh3_dlc27_effect_frozen_oceanids_sea_elementals,data/effect_semantics/source_exports/db/effect_bonus_value_unit_set_special_ability_phase_junctions_tables/data__.tsv,57,9.0.1
active,wh3_dlc27_effect_enable_contact_effect_euphoria_all_units,wh3_dlc27_effect_contact_phase_euphoria_all_units,data/effect_semantics/source_exports/db/effect_bonus_value_unit_set_special_ability_phase_junctions_tables/data__.tsv,58,9.0.1
active,wh3_dlc27_effect_enable_poison_attacks_hef_shadow_warriors,wh3_dlc27_poison_attacks_hef_shadow_warriors,data/effect_semantics/source_exports/db/effect_bonus_value_unit_set_special_ability_phase_junctions_tables/data__.tsv,59,9.0.1
active,wh3_dlc27_effect_enable_poison_attacks_nor_kurgan_cav,wh3_dlc27_effect_enable_poison_attacks_nor_kurgan_cav,data/effect_semantics/source_exports/db/effect_bonus_value_unit_set_special_ability_phase_junctions_tables/data__.tsv,60,9.0.1
active,wh3_dlc27_effect_tech_shieldbreaker_missiles_all_veh_hef,wh3_dlc27_hef_shieldbreaker_missiles_all_veh,data/effect_semantics/source_exports/db/effect_bonus_value_unit_set_special_ability_phase_junctions_tables/data__.tsv,61,9.0.1
active,wh3_dlc27_enable_charmed_attacks_sla_daemonettes,wh3_dlc27_enable_charmed_attacks_sla_daemonettes,data/effect_semantics/source_exports/db/effect_bonus_value_unit_set_special_ability_phase_junctions_tables/data__.tsv,62,9.0.1
active,wh3_dlc27_sla_dechala_innate_poison_attacks_devoted_marauders_horsemen_hellstriders,wh3_dlc27_effect_contact_phase_poison_dechala_devoted_marauders_marauder_horsemen_hellstriders,data/effect_semantics/source_exports/db/effect_bonus_value_unit_set_special_ability_phase_junctions_tables/data__.tsv,63,9.0.1
deactivate,wh3_dlc29_disable_contact_phase_eroding_poison_marauder_marauder_horsemen_hellstriders_chariot_of_slaanesh_hidden,wh3_dlc29_disable_contact_phase_eroding_poison_marauder_marauder_horsemen_hellstriders_chariot_of_slaanesh_hidden,data/effect_semantics/source_exports/db/effect_bonus_value_unit_set_special_ability_phase_junctions_tables/data__.tsv,64,9.0.1
active,wh3_dlc29_effect_armour_sundering_zombies_skeleton_warriors,wh3_dlc29_enable_contact_sundered_armour_vmp_skeleton_warriors_zombies,data/effect_semantics/source_exports/db/effect_bonus_value_unit_set_special_ability_phase_junctions_tables/data__.tsv,65,9.0.1
active,wh3_dlc29_effect_character_stat_enable_nag_lesser_withering_attacks,wh3_dlc29_effect_character_stat_enable_nag_lesser_withering_attacks,data/effect_semantics/source_exports/db/effect_bonus_value_unit_set_special_ability_phase_junctions_tables/data__.tsv,66,9.0.1
active,wh3_dlc29_effect_contact_effect_discouraged_blood_knights_drakenhof_templars,discouraged_blood_knights_drakenhof_templars,data/effect_semantics/source_exports/db/effect_bonus_value_unit_set_special_ability_phase_junctions_tables/data__.tsv,67,9.0.1
active,wh3_dlc29_effect_contact_effect_monstrous_impact_bone_giant_necrofex_colossus,wh2_dlc11_cst_necrofex_colossus_monstrous_impact,data/effect_semantics/source_exports/db/effect_bonus_value_unit_set_special_ability_phase_junctions_tables/data__.tsv,68,9.0.1
active,wh3_dlc29_effect_contact_effect_monstrous_impact_bone_giant_necrofex_colossus,wh2_pro06_tmb_vet_bone_giant_monstrous_impact,data/effect_semantics/source_exports/db/effect_bonus_value_unit_set_special_ability_phase_junctions_tables/data__.tsv,69,9.0.1
active,wh3_dlc29_effect_contact_effect_nag_mortar_queen_bess_dazed,wh3_dlc29_effect_contact_effect_nag_mortar_dazed,data/effect_semantics/source_exports/db/effect_bonus_value_unit_set_special_ability_phase_junctions_tables/data__.tsv,70,9.0.1
active,wh3_dlc29_effect_contact_effect_nag_mortar_queen_bess_dazed,wh3_dlc29_effect_contact_effect_nag_queen_bess_dazed,data/effect_semantics/source_exports/db/effect_bonus_value_unit_set_special_ability_phase_junctions_tables/data__.tsv,71,9.0.1
active,wh3_dlc29_effect_contact_phase_all_units_rank7,all_units_rank7_sundered_armour,data/effect_semantics/source_exports/db/effect_bonus_value_unit_set_special_ability_phase_junctions_tables/data__.tsv,72,9.0.1
active,wh3_dlc29_effect_contact_phase_charmed_lahmian_handmaidens,wh3_dlc29_enable_charmed_attacks_vmp_lahmian_handmaidens,data/effect_semantics/source_exports/db/effect_bonus_value_unit_set_special_ability_phase_junctions_tables/data__.tsv,73,9.0.1
active,wh3_dlc29_effect_contact_phase_dazed_nag_construct_monsters,construct_monsters_dazed,data/effect_semantics/source_exports/db/effect_bonus_value_unit_set_special_ability_phase_junctions_tables/data__.tsv,74,9.0.1
active,wh3_dlc29_effect_contact_phase_discouraged_zombies_skeletons_grave_guards,wh3_dlc29_zombies_skeletons_grave_guards,data/effect_semantics/source_exports/db/effect_bonus_value_unit_set_special_ability_phase_junctions_tables/data__.tsv,75,9.0.1
active,wh3_dlc29_effect_contact_phase_flammable_khemrian_warsphinx,wh2_dlc09_tmb_veh_khemrian_warsphinx_0_flammable,data/effect_semantics/source_exports/db/effect_bonus_value_unit_set_special_ability_phase_junctions_tables/data__.tsv,76,9.0.1
active,wh3_dlc29_effect_contact_phase_poison_direwolves_bats_carrion,wh3_dlc29_effect_contact_phase_poison_for_direwolves_bats_carrion,data/effect_semantics/source_exports/db/effect_bonus_value_unit_set_special_ability_phase_junctions_tables/data__.tsv,77,9.0.1
active,wh3_dlc29_effect_contact_phase_suppressed_cst_deck_gunners,suppressed_cst_deck_gunners,data/effect_semantics/source_exports/db/effect_bonus_value_unit_set_special_ability_phase_junctions_tables/data__.tsv,78,9.0.1
active,wh3_dlc29_effect_enable_poison_nag_archers,nag_archer_poison,data/effect_semantics/source_exports/db/effect_bonus_value_unit_set_special_ability_phase_junctions_tables/data__.tsv,79,9.0.1
active,wh3_dlc29_effect_force_contact_effect_charmed_attacks_vampires,nag_vampires_charmed,data/effect_semantics/source_exports/db/effect_bonus_value_unit_set_special_ability_phase_junctions_tables/data__.tsv,80,9.0.1
active,wh3_dlc29_effect_force_stat_armour_sundering_great_weapons,wh3_dlc29_effect_force_stat_armour_sundering_great_weapons,data/effect_semantics/source_exports/db/effect_bonus_value_unit_set_special_ability_phase_junctions_tables/data__.tsv,81,9.0.1
active,wh3_dlc29_effect_force_stat_enable_improved_poison_scorpions,tomb_scorpion_slow_death,data/effect_semantics/source_exports/db/effect_bonus_value_unit_set_special_ability_phase_junctions_tables/data__.tsv,82,9.0.1
active,wh3_dlc29_effect_force_stat_enable_poison_contact_effect,wh3_dlc29_effect_ability_contact_poison,data/effect_semantics/source_exports/db/effect_bonus_value_unit_set_special_ability_phase_junctions_tables/data__.tsv,83,9.0.1
active,wh3_dlc29_effect_nag_mortors_dazed,wh3_dlc29_cst_mortars_dazed,data/effect_semantics/source_exports/db/effect_bonus_value_unit_set_special_ability_phase_junctions_tables/data__.tsv,84,9.0.1
active,wh3_dlc29_effect_poison_attacks_dual_wield,wh3_dlc29_effect_poison_attacks_dual_wield,data/effect_semantics/source_exports/db/effect_bonus_value_unit_set_special_ability_phase_junctions_tables/data__.tsv,85,9.0.1
active,wh3_dlc29_endgame_crisis_the_vermintide_enemy_wave_06_soulblight_attacks,wh3_dlc29_endgame_crisis_the_vermintide_enemy_wave_06_soulblight_attacks,data/effect_semantics/source_exports/db/effect_bonus_value_unit_set_special_ability_phase_junctions_tables/data__.tsv,86,9.0.1
active,wh3_main_effect_character_stat_scorching_attacks_kostaltyn_patriarch,wh3_main_effect_character_stat_scorching_attacks_kostaltyn_patriarch,data/effect_semantics/source_exports/db/effect_bonus_value_unit_set_special_ability_phase_junctions_tables/data__.tsv,87,9.0.1
active,wh3_main_effect_contact_effect_discouraged_cairn_wraith_hexwraith,discouraged_wraiths,data/effect_semantics/source_exports/db/effect_bonus_value_unit_set_special_ability_phase_junctions_tables/data__.tsv,88,9.0.1
active,wh3_main_effect_contact_phase_dazed_boar_riders,boar_riders_dazed_attacks,data/effect_semantics/source_exports/db/effect_bonus_value_unit_set_special_ability_phase_junctions_tables/data__.tsv,89,9.0.1
active,wh3_main_effect_contact_phase_poison_gnoblars,gnoblar_inf_poison_attacks,data/effect_semantics/source_exports/db/effect_bonus_value_unit_set_special_ability_phase_junctions_tables/data__.tsv,90,9.0.1
active,wh3_main_effect_force_stat_enable_frostbite_attacks_ksl_snow_leopards,wh3_main_effect_force_stat_enable_frostbite_attacks_ksl_snow_leopards,data/effect_semantics/source_exports/db/effect_bonus_value_unit_set_special_ability_phase_junctions_tables/data__.tsv,91,9.0.1
active,wh3_main_effect_force_stat_enable_soporific_musk_sla_marauders,soporific_musk_chosen_of_slaanesh,data/effect_semantics/source_exports/db/effect_bonus_value_unit_set_special_ability_phase_junctions_tables/data__.tsv,92,9.0.1
active,wh3_main_effect_force_stat_enable_soporific_musk_sla_marauders,soporific_musk_warriors_slaanesh,data/effect_semantics/source_exports/db/effect_bonus_value_unit_set_special_ability_phase_junctions_tables/data__.tsv,93,9.0.1
active,wh3_main_effect_force_stat_enable_soporific_musk_sla_marauders,wh3_main_effect_force_stat_enable_soporific_musk_sla_marauders,data/effect_semantics/source_exports/db/effect_bonus_value_unit_set_special_ability_phase_junctions_tables/data__.tsv,94,9.0.1
active,wh3_main_effect_force_stat_enable_warpflame_attacks_tze_horrors,wh3_main_effect_force_stat_enable_warpflame_attacks_tze_horrors,data/effect_semantics/source_exports/db/effect_bonus_value_unit_set_special_ability_phase_junctions_tables/data__.tsv,95,9.0.1
active,wh3_main_enable_charmed_attacks_tze_screamers,wh3_main_enable_charmed_attacks_tze_screamers,data/effect_semantics/source_exports/db/effect_bonus_value_unit_set_special_ability_phase_junctions_tables/data__.tsv,96,9.0.1
active,wh_main_effect_character_stat_enable_poison_attacks_zombies,poison_skeletons,data/effect_semantics/source_exports/db/effect_bonus_value_unit_set_special_ability_phase_junctions_tables/data__.tsv,97,9.0.1
active,wh_main_effect_character_stat_enable_poison_attacks_zombies,poison_zombies,data/effect_semantics/source_exports/db/effect_bonus_value_unit_set_special_ability_phase_junctions_tables/data__.tsv,98,9.0.1
active,wh_main_effect_character_stat_enable_poison_attacks_zombies,poison_zombies_summoned,data/effect_semantics/source_exports/db/effect_bonus_value_unit_set_special_ability_phase_junctions_tables/data__.tsv,99,9.0.1
